[22May2025 19:33:15.353] [main/INFO] [cpw.mods.modlauncher.Launcher/MODLAUNCHER]: ModLauncher running: args [--launchTarget, forgeclientdev, --version, 21.1.172, --assetIndex, 17, --assetsDir, C:\\Users\\Rodrigo\\.mcreator\\gradle\\caches\\neoformruntime\\assets, --gameDir, ., --fml.fmlVersion, 4.0.39, --fml.mcVersion, 1.21.1, --fml.neoForgeVersion, 21.1.172, --fml.neoFormVersion, 20240808.144430]
[22May2025 19:33:15.357] [main/INFO] [cpw.mods.modlauncher.Launcher/MODLAUNCHER]: JVM identified as Eclipse Adoptium OpenJDK 64-Bit Server VM 21.0.4+7-LTS
[22May2025 19:33:15.358] [main/INFO] [cpw.mods.modlauncher.Launcher/MODLAUNCHER]: ModLauncher 11.0.4+main.d2e20e43 starting: java version 21.0.4 by Eclipse Adoptium; OS Windows 11 arch amd64 version 10.0
[22May2025 19:33:15.389] [main/DEBUG] [cpw.mods.modlauncher.LaunchServiceHandler/MODLAUNCHER]: Found launch services [minecraft,forgeclient,forgedatauserdev,testharness,forgeserverdev,forgeserveruserdev,forgejunitdev,forgeclientdev,forgeclientuserdev,forgeserver,forgejunituserdev,forgedatadev]
[22May2025 19:33:15.433] [main/DEBUG] [cpw.mods.modlauncher.LaunchPluginHandler/MODLAUNCHER]: Found launch plugins: [mixin,slf4jfixer,runtime_enum_extender,accesstransformer,runtimedistcleaner]
[22May2025 19:33:15.446] [main/DEBUG] [cpw.mods.modlauncher.TransformationServicesHandler/MODLAUNCHER]: Discovering transformation services
[22May2025 19:33:15.451] [main/DEBUG] [net.neoforged.fml.loading.FMLPaths/CORE]: Path GAMEDIR is D:\Modding\Simple Incubator\run
[22May2025 19:33:15.452] [main/DEBUG] [net.neoforged.fml.loading.FMLPaths/CORE]: Path MODSDIR is D:\Modding\Simple Incubator\run\mods
[22May2025 19:33:15.452] [main/DEBUG] [net.neoforged.fml.loading.FMLPaths/CORE]: Path CONFIGDIR is D:\Modding\Simple Incubator\run\config
[22May2025 19:33:15.452] [main/DEBUG] [net.neoforged.fml.loading.FMLPaths/CORE]: Path FMLCONFIG is D:\Modding\Simple Incubator\run\config\fml.toml
[22May2025 19:33:15.486] [main/WARN] [net.neoforged.fml.loading.FMLConfig/CORE]: Configuration file D:\Modding\Simple Incubator\run\config\fml.toml is not correct. Correcting
[22May2025 19:33:15.550] [main/DEBUG] [net.neoforged.fml.loading.targets.CommonLaunchHandler/CORE]: Got mod coordinates testproject%%D:\Modding\Simple Incubator\build\classes\java\main;testproject%%D:\Modding\Simple Incubator\build\resources\main from env
[22May2025 19:33:15.553] [main/DEBUG] [net.neoforged.fml.loading.targets.CommonLaunchHandler/CORE]: Found supplied mod coordinates [{testproject=[D:\Modding\Simple Incubator\build\classes\java\main, D:\Modding\Simple Incubator\build\resources\main]}]
[22May2025 19:33:15.556] [main/DEBUG] [cpw.mods.modlauncher.TransformationServicesHandler/MODLAUNCHER]: Found additional transformation services from discovery services: 
[22May2025 19:33:15.567] [main/INFO] [net.neoforged.fml.loading.ImmediateWindowHandler/]: Loading ImmediateWindowProvider fmlearlywindow
[22May2025 19:33:15.679] [main/INFO] [EARLYDISPLAY/]: Trying GL version 4.6
[22May2025 19:33:15.838] [main/INFO] [EARLYDISPLAY/]: Requested GL version 4.6 got version 4.6
[22May2025 19:33:15.896] [main/DEBUG] [cpw.mods.modlauncher.TransformationServicesHandler/MODLAUNCHER]: Found transformer services : [mixin,fml]
[22May2025 19:33:15.896] [main/DEBUG] [cpw.mods.modlauncher.TransformationServicesHandler/MODLAUNCHER]: Transformation services loading
[22May2025 19:33:15.896] [main/DEBUG] [cpw.mods.modlauncher.TransformationServiceDecorator/MODLAUNCHER]: Loading service mixin
[22May2025 19:33:15.896] [main/DEBUG] [cpw.mods.modlauncher.TransformationServiceDecorator/MODLAUNCHER]: Loaded service mixin
[22May2025 19:33:15.897] [main/DEBUG] [cpw.mods.modlauncher.TransformationServiceDecorator/MODLAUNCHER]: Loading service fml
[22May2025 19:33:15.897] [main/DEBUG] [net.neoforged.fml.loading.FMLLoader/CORE]: FML 4.0.39 loading
[22May2025 19:33:15.897] [main/DEBUG] [net.neoforged.fml.loading.FMLLoader/CORE]: FML found ModLauncher version : 11.0.4+main.d2e20e43
[22May2025 19:33:15.898] [main/DEBUG] [net.neoforged.fml.loading.FMLLoader/CORE]: FML found AccessTransformer version : 10.0.1+139da711
[22May2025 19:33:15.898] [main/DEBUG] [net.neoforged.fml.loading.FMLLoader/CORE]: FML found EventBus version : null
[22May2025 19:33:15.899] [main/DEBUG] [net.neoforged.fml.loading.FMLLoader/CORE]: Found Runtime Dist Cleaner
[22May2025 19:33:15.899] [main/DEBUG] [cpw.mods.modlauncher.TransformationServiceDecorator/MODLAUNCHER]: Loaded service fml
[22May2025 19:33:15.900] [main/DEBUG] [cpw.mods.modlauncher.TransformationServicesHandler/MODLAUNCHER]: Configuring option handling for services
[22May2025 19:33:15.916] [main/DEBUG] [net.neoforged.fml.loading.FMLServiceProvider/CORE]: Received command line version data  : VersionInfo[neoForgeVersion=21.1.172, fmlVersion=4.0.39, mcVersion=1.21.1, neoFormVersion=20240808.144430]
[22May2025 19:33:15.916] [main/DEBUG] [cpw.mods.modlauncher.TransformationServicesHandler/MODLAUNCHER]: Transformation services initializing
[22May2025 19:33:15.917] [main/DEBUG] [cpw.mods.modlauncher.TransformationServiceDecorator/MODLAUNCHER]: Initializing transformation service mixin
[22May2025 19:33:15.934] [main/DEBUG] [mixin/]: MixinService [ModLauncher] was successfully booted in cpw.mods.cl.ModuleClassLoader@5e5d171f
[22May2025 19:33:15.945] [main/INFO] [mixin/]: SpongePowered MIXIN Subsystem Version=0.8.7 Source=union:/C:/Users/Rodrigo/.mcreator/gradle/caches/modules-2/files-2.1/net.fabricmc/sponge-mixin/0.15.2+mixin.0.8.7/2af2f021d8e02a0220dc27a7a72b4666d66d44ca/sponge-mixin-0.15.2+mixin.0.8.7.jar%23138!/ Service=ModLauncher Env=CLIENT
[22May2025 19:33:15.949] [main/DEBUG] [mixin/]: Initialising Mixin Platform Manager
[22May2025 19:33:15.950] [main/DEBUG] [mixin/]: Adding mixin platform agents for container ModLauncher Root Container(ModLauncher:4f56a0a2)
[22May2025 19:33:15.950] [main/DEBUG] [mixin/]: Instancing new MixinPlatformAgentMinecraftForge for ModLauncher Root Container(ModLauncher:4f56a0a2)
[22May2025 19:33:15.950] [main/DEBUG] [mixin/]: MixinPlatformAgentMinecraftForge rejected container ModLauncher Root Container(ModLauncher:4f56a0a2)
[22May2025 19:33:15.951] [main/DEBUG] [mixin/]: Instancing new MixinPlatformAgentDefault for ModLauncher Root Container(ModLauncher:4f56a0a2)
[22May2025 19:33:15.951] [main/DEBUG] [mixin/]: MixinPlatformAgentDefault accepted container ModLauncher Root Container(ModLauncher:4f56a0a2)
[22May2025 19:33:15.953] [main/DEBUG] [cpw.mods.modlauncher.TransformationServiceDecorator/MODLAUNCHER]: Initialized transformation service mixin
[22May2025 19:33:15.953] [main/DEBUG] [cpw.mods.modlauncher.TransformationServiceDecorator/MODLAUNCHER]: Initializing transformation service fml
[22May2025 19:33:15.953] [main/DEBUG] [net.neoforged.fml.loading.FMLServiceProvider/CORE]: Setting up basic FML game directories
[22May2025 19:33:15.953] [main/DEBUG] [net.neoforged.fml.loading.FMLPaths/CORE]: Path GAMEDIR is D:\Modding\Simple Incubator\run
[22May2025 19:33:15.953] [main/DEBUG] [net.neoforged.fml.loading.FMLPaths/CORE]: Path MODSDIR is D:\Modding\Simple Incubator\run\mods
[22May2025 19:33:15.953] [main/DEBUG] [net.neoforged.fml.loading.FMLPaths/CORE]: Path CONFIGDIR is D:\Modding\Simple Incubator\run\config
[22May2025 19:33:15.953] [main/DEBUG] [net.neoforged.fml.loading.FMLPaths/CORE]: Path FMLCONFIG is D:\Modding\Simple Incubator\run\config\fml.toml
[22May2025 19:33:15.954] [main/DEBUG] [net.neoforged.fml.loading.FMLServiceProvider/CORE]: Loading configuration
[22May2025 19:33:16.029] [main/WARN] [net.neoforged.fml.loading.FMLConfig/CORE]: Configuration file D:\Modding\Simple Incubator\run\config\fml.toml is not correct. Correcting
[22May2025 19:33:16.033] [main/DEBUG] [net.neoforged.fml.loading.FMLServiceProvider/CORE]: Preparing launch handler
[22May2025 19:33:16.033] [main/DEBUG] [net.neoforged.fml.loading.FMLLoader/CORE]: Using forgeclientdev as launch service
[22May2025 19:33:16.036] [main/DEBUG] [cpw.mods.modlauncher.TransformationServiceDecorator/MODLAUNCHER]: Initialized transformation service fml
[22May2025 19:33:16.037] [main/DEBUG] [cpw.mods.modlauncher.TransformationServicesHandler/MODLAUNCHER]: Transformation services begin scanning
[22May2025 19:33:16.037] [main/DEBUG] [cpw.mods.modlauncher.TransformationServiceDecorator/MODLAUNCHER]: Beginning scan trigger - transformation service mixin
[22May2025 19:33:16.037] [main/DEBUG] [cpw.mods.modlauncher.TransformationServiceDecorator/MODLAUNCHER]: End scan trigger - transformation service mixin
[22May2025 19:33:16.038] [main/DEBUG] [cpw.mods.modlauncher.TransformationServiceDecorator/MODLAUNCHER]: Beginning scan trigger - transformation service fml
[22May2025 19:33:16.038] [main/DEBUG] [net.neoforged.fml.loading.FMLServiceProvider/CORE]: Initiating mod scan
[22May2025 19:33:16.038] [main/DEBUG] [net.neoforged.fml.loading.targets.CommonLaunchHandler/CORE]: Got mod coordinates testproject%%D:\Modding\Simple Incubator\build\classes\java\main;testproject%%D:\Modding\Simple Incubator\build\resources\main from env
[22May2025 19:33:16.038] [main/DEBUG] [net.neoforged.fml.loading.targets.CommonLaunchHandler/CORE]: Found supplied mod coordinates [{testproject=[D:\Modding\Simple Incubator\build\classes\java\main, D:\Modding\Simple Incubator\build\resources\main]}]
[22May2025 19:33:16.040] [main/DEBUG] [net.neoforged.fml.loading.targets.CommonDevLaunchHandler/]: Launching with NeoForge from D:\Modding\Simple Incubator\build\moddev\artifacts\neoforge-21.1.172-minecraft.jar
[22May2025 19:33:16.053] [main/DEBUG] [net.neoforged.fml.util.ServiceLoaderUtil/CORE]: Found 4 implementations of IModFileCandidateLocator:
[22May2025 19:33:16.054] [main/DEBUG] [net.neoforged.fml.util.ServiceLoaderUtil/CORE]: 	       0 - [built-in] net.neoforged.fml.loading.moddiscovery.locators.NeoForgeDevProvider from loader-4.0.39.jar
[22May2025 19:33:16.054] [main/DEBUG] [net.neoforged.fml.util.ServiceLoaderUtil/CORE]: 	       0 - net.neoforged.fml.loading.moddiscovery.locators.ModsFolderLocator from loader-4.0.39.jar
[22May2025 19:33:16.054] [main/DEBUG] [net.neoforged.fml.util.ServiceLoaderUtil/CORE]: 	       0 - net.neoforged.fml.loading.moddiscovery.locators.MavenDirectoryLocator from loader-4.0.39.jar
[22May2025 19:33:16.055] [main/DEBUG] [net.neoforged.fml.util.ServiceLoaderUtil/CORE]: 	   -1000 - [built-in] net.neoforged.fml.loading.moddiscovery.locators.UserdevLocator from loader-4.0.39.jar
[22May2025 19:33:16.056] [main/DEBUG] [net.neoforged.fml.util.ServiceLoaderUtil/CORE]: Found 2 implementations of IModFileReader:
[22May2025 19:33:16.056] [main/DEBUG] [net.neoforged.fml.util.ServiceLoaderUtil/CORE]: 	       0 - net.neoforged.fml.loading.moddiscovery.readers.JarModsDotTomlModFileReader from loader-4.0.39.jar
[22May2025 19:33:16.056] [main/DEBUG] [net.neoforged.fml.util.ServiceLoaderUtil/CORE]: 	   -1000 - net.neoforged.fml.loading.moddiscovery.readers.NestedLibraryModReader from loader-4.0.39.jar
[22May2025 19:33:16.057] [main/DEBUG] [net.neoforged.fml.util.ServiceLoaderUtil/CORE]: Found 1 implementations of IDependencyLocator:
[22May2025 19:33:16.057] [main/DEBUG] [net.neoforged.fml.util.ServiceLoaderUtil/CORE]: 	       0 - net.neoforged.fml.loading.moddiscovery.locators.JarInJarDependencyLocator from loader-4.0.39.jar
[22May2025 19:33:16.106] [main/DEBUG] [net.neoforged.fml.loading.moddiscovery.ModFileInfo/LOADING]: Found valid mod file neoforge-21.1.172-minecraft.jar with {minecraft} mods - versions {1.21.1}
[22May2025 19:33:16.114] [main/DEBUG] [net.neoforged.fml.loading.moddiscovery.ModFileParser/LOADING]: Considering mod file candidate D:\Modding\Simple Incubator\build\moddev\artifacts\neoforge-21.1.172-minecraft.jar
[22May2025 19:33:16.134] [main/DEBUG] [net.neoforged.fml.loading.moddiscovery.ModFileInfo/LOADING]: Found valid mod file neoforge-21.1.172-minecraft.jar with {neoforge} mods - versions {21.1.172}
[22May2025 19:33:16.140] [main/DEBUG] [net.neoforged.fml.loading.moddiscovery.ModFileParser/LOADING]: Considering mod file candidate D:\Modding\Simple Incubator\run\mods\BetterAdvancements-NeoForge-1.21.1-0.4.3.21.jar
[22May2025 19:33:16.147] [main/DEBUG] [net.neoforged.fml.loading.moddiscovery.ModFileInfo/LOADING]: Found valid mod file BetterAdvancements-NeoForge-1.21.1-0.4.3.21.jar with {betteradvancements} mods - versions {0.4.3.21}
[22May2025 19:33:16.146] [pool-2-thread-1/INFO] [EARLYDISPLAY/]: GL info: AMD Radeon RX 6600 XT GL version 4.6.0 Core Profile Context 25.5.1.250417, ATI Technologies Inc.
[22May2025 19:33:16.149] [main/DEBUG] [net.neoforged.fml.loading.moddiscovery.ModFileParser/LOADING]: Considering mod file candidate D:\Modding\Simple Incubator\run\mods\enderio-7.1.8-alpha.jar
[22May2025 19:33:16.151] [main/DEBUG] [net.neoforged.fml.loading.moddiscovery.ModFileInfo/LOADING]: Found valid mod file enderio-7.1.8-alpha.jar with {enderio} mods - versions {7.1.8-alpha}
[22May2025 19:33:16.153] [main/DEBUG] [net.neoforged.fml.loading.moddiscovery.ModFileParser/LOADING]: Considering mod file candidate D:\Modding\Simple Incubator\run\mods\geckolib-neoforge-1.21.1-4.7.3.jar
[22May2025 19:33:16.156] [main/DEBUG] [net.neoforged.fml.loading.moddiscovery.ModFileInfo/LOADING]: Found valid mod file geckolib-neoforge-1.21.1-4.7.3.jar with {geckolib} mods - versions {4.7.3}
[22May2025 19:33:16.160] [main/DEBUG] [net.neoforged.fml.loading.moddiscovery.ModFileParser/LOADING]: Considering mod file candidate D:\Modding\Simple Incubator\run\mods\industrialforegoing-1.21-3.6.29.jar
[22May2025 19:33:16.163] [main/DEBUG] [net.neoforged.fml.loading.moddiscovery.ModFileInfo/LOADING]: Found valid mod file industrialforegoing-1.21-3.6.29.jar with {industrialforegoing} mods - versions {1.21-3.6.29}
[22May2025 19:33:16.166] [main/DEBUG] [net.neoforged.fml.loading.moddiscovery.ModFileParser/LOADING]: Considering mod file candidate D:\Modding\Simple Incubator\run\mods\iris-neoforge-1.8.6+mc1.21.1.jar
[22May2025 19:33:16.169] [main/DEBUG] [net.neoforged.fml.loading.moddiscovery.ModFileInfo/LOADING]: Found valid mod file iris-neoforge-1.8.6+mc1.21.1.jar with {iris} mods - versions {1.8.6+mc1.21.1}
[22May2025 19:33:16.172] [main/DEBUG] [net.neoforged.fml.loading.moddiscovery.ModFileParser/LOADING]: Considering mod file candidate D:\Modding\Simple Incubator\run\mods\Jade-1.21.1-NeoForge-15.9.2.jar
[22May2025 19:33:16.180] [main/DEBUG] [net.neoforged.fml.loading.moddiscovery.ModFileInfo/LOADING]: Found valid mod file Jade-1.21.1-NeoForge-15.9.2.jar with {jade} mods - versions {15.9.2+neoforge}
[22May2025 19:33:16.183] [main/DEBUG] [net.neoforged.fml.loading.moddiscovery.ModFileParser/LOADING]: Considering mod file candidate D:\Modding\Simple Incubator\run\mods\jei-1.21.1-neoforge-19.21.0.247.jar
[22May2025 19:33:16.186] [main/DEBUG] [net.neoforged.fml.loading.moddiscovery.ModFileInfo/LOADING]: Found valid mod file jei-1.21.1-neoforge-19.21.0.247.jar with {jei} mods - versions {19.21.0.247}
[22May2025 19:33:16.191] [main/DEBUG] [net.neoforged.fml.loading.moddiscovery.ModFileParser/LOADING]: Considering mod file candidate D:\Modding\Simple Incubator\run\mods\justdirethings-1.5.5.jar
[22May2025 19:33:16.193] [main/DEBUG] [net.neoforged.fml.loading.moddiscovery.ModFileInfo/LOADING]: Found valid mod file justdirethings-1.5.5.jar with {justdirethings} mods - versions {1.5.5}
[22May2025 19:33:16.196] [main/DEBUG] [net.neoforged.fml.loading.moddiscovery.ModFileParser/LOADING]: Considering mod file candidate D:\Modding\Simple Incubator\run\mods\Kleiders Custom Renderer API 7.2.0 1.21.1.jar
[22May2025 19:33:16.197] [main/DEBUG] [net.neoforged.fml.loading.moddiscovery.ModFileInfo/LOADING]: Found valid mod file Kleiders Custom Renderer API 7.2.0 1.21.1.jar with {kleiders_custom_renderer} mods - versions {7.2.0}
[22May2025 19:33:16.202] [main/DEBUG] [net.neoforged.fml.loading.moddiscovery.ModFileParser/LOADING]: Considering mod file candidate D:\Modding\Simple Incubator\run\mods\Mekanism-1.21.1-10.7.7.64.jar
[22May2025 19:33:16.204] [main/DEBUG] [net.neoforged.fml.loading.moddiscovery.ModFileInfo/LOADING]: Found valid mod file Mekanism-1.21.1-10.7.7.64.jar with {mekanism} mods - versions {10.7.7}
[22May2025 19:33:16.208] [main/DEBUG] [net.neoforged.fml.loading.moddiscovery.ModFileParser/LOADING]: Considering mod file candidate D:\Modding\Simple Incubator\run\mods\MekanismGenerators-1.21.1-10.7.7.64.jar
[22May2025 19:33:16.210] [main/DEBUG] [net.neoforged.fml.loading.moddiscovery.ModFileInfo/LOADING]: Found valid mod file MekanismGenerators-1.21.1-10.7.7.64.jar with {mekanismgenerators} mods - versions {10.7.7}
[22May2025 19:33:16.213] [main/DEBUG] [net.neoforged.fml.loading.moddiscovery.ModFileParser/LOADING]: Considering mod file candidate D:\Modding\Simple Incubator\run\mods\Pehkui-3.8.3+1.21-neoforge.jar
[22May2025 19:33:16.214] [main/DEBUG] [net.neoforged.fml.loading.moddiscovery.ModFileInfo/LOADING]: Found valid mod file Pehkui-3.8.3+1.21-neoforge.jar with {pehkui} mods - versions {3.8.3+1.21-neoforge}
[22May2025 19:33:16.216] [main/DEBUG] [net.neoforged.fml.loading.moddiscovery.ModFileParser/LOADING]: Considering mod file candidate D:\Modding\Simple Incubator\run\mods\player-animation-lib-forge-2.0.1+1.21.1.jar
[22May2025 19:33:16.217] [main/DEBUG] [net.neoforged.fml.loading.moddiscovery.ModFileInfo/LOADING]: Found valid mod file player-animation-lib-forge-2.0.1+1.21.1.jar with {playeranimator} mods - versions {2.0.1+1.21.1}
[22May2025 19:33:16.220] [main/DEBUG] [net.neoforged.fml.loading.moddiscovery.ModFileParser/LOADING]: Considering mod file candidate D:\Modding\Simple Incubator\run\mods\sodium-extra-neoforge-0.6.0+mc1.21.1.jar
[22May2025 19:33:16.221] [main/DEBUG] [net.neoforged.fml.loading.moddiscovery.ModFileInfo/LOADING]: Found valid mod file sodium-extra-neoforge-0.6.0+mc1.21.1.jar with {sodium_extra} mods - versions {0.6.0+mc1.21.1}
[22May2025 19:33:16.223] [main/DEBUG] [net.neoforged.fml.loading.moddiscovery.ModFileParser/LOADING]: Considering mod file candidate D:\Modding\Simple Incubator\run\mods\sodium-neoforge-0.6.1+mc1.21.1.jar
[22May2025 19:33:16.224] [main/DEBUG] [net.neoforged.fml.loading.moddiscovery.ModFileInfo/LOADING]: Found valid mod file sodium-neoforge-0.6.1+mc1.21.1.jar with {sodium} mods - versions {0.6.1+mc1.21.1}
[22May2025 19:33:16.228] [main/DEBUG] [net.neoforged.fml.loading.moddiscovery.ModFileParser/LOADING]: Considering mod file candidate D:\Modding\Simple Incubator\run\mods\titanium-1.21-4.0.37.jar
[22May2025 19:33:16.229] [main/DEBUG] [net.neoforged.fml.loading.moddiscovery.ModFileInfo/LOADING]: Found valid mod file titanium-1.21-4.0.37.jar with {titanium} mods - versions {4.0.37}
[22May2025 19:33:16.231] [main/DEBUG] [net.neoforged.fml.loading.moddiscovery.ModListHandler/CORE]: Found mod coordinates from lists: []
[22May2025 19:33:16.232] [main/DEBUG] [net.neoforged.fml.loading.moddiscovery.ModFileParser/LOADING]: Considering mod file candidate D:\Modding\Simple Incubator\build\classes\java\main
[22May2025 19:33:16.234] [main/DEBUG] [net.neoforged.fml.loading.moddiscovery.ModFileInfo/LOADING]: Found valid mod file main with {simple_incubator} mods - versions {1.1}
[22May2025 19:33:16.241] [main/DEBUG] [net.neoforged.fml.loading.moddiscovery.ModFileParser/LOADING]: Considering mod file candidate D:\Modding\Simple Incubator\build\moddev\artifacts\neoforge-21.1.172-minecraft.jar
[22May2025 19:33:16.242] [main/DEBUG] [net.neoforged.fml.loading.moddiscovery.ModFileInfo/LOADING]: Found valid mod file neoforge-21.1.172-minecraft.jar with {neoforge} mods - versions {21.1.172}
[22May2025 19:33:16.261] [main/DEBUG] [net.neoforged.fml.loading.moddiscovery.ModDiscoverer/]: Skipping C:\Users\Rodrigo\.mcreator\gradle\caches\modules-2\files-2.1\net.neoforged.fancymodloader\earlydisplay\4.0.39\4388fd457faa6f04f8858d92ead5f33a354693a0\earlydisplay-4.0.39.jar because it was already located earlier
[22May2025 19:33:16.261] [main/DEBUG] [net.neoforged.fml.loading.moddiscovery.ModDiscoverer/]: Skipping C:\Users\Rodrigo\.mcreator\gradle\caches\modules-2\files-2.1\net.neoforged.fancymodloader\loader\4.0.39\3721e43a7254e2861a63ab4a4ce716e4150d2640\loader-4.0.39.jar because it was already located earlier
[22May2025 19:33:16.261] [main/DEBUG] [net.neoforged.fml.loading.moddiscovery.ModDiscoverer/]: Skipping C:\Users\Rodrigo\.mcreator\gradle\caches\modules-2\files-2.1\net.neoforged.accesstransformers\at-modlauncher\10.0.1\5aba50202aceead086bc09fbc2751c9f05cb4890\at-modlauncher-10.0.1.jar because it was already located earlier
[22May2025 19:33:16.261] [main/DEBUG] [net.neoforged.fml.loading.moddiscovery.ModDiscoverer/]: Skipping C:\Users\Rodrigo\.mcreator\gradle\caches\modules-2\files-2.1\net.neoforged\accesstransformers\10.0.1\fd83b5725f76eae9115e9355fa1c456a6a441400\accesstransformers-10.0.1.jar because it was already located earlier
[22May2025 19:33:16.262] [main/DEBUG] [net.neoforged.fml.loading.moddiscovery.ModDiscoverer/]: Skipping C:\Users\Rodrigo\.mcreator\gradle\caches\modules-2\files-2.1\net.neoforged\bus\8.0.2\163c9ef7c4bcca6d850c34e95261b606af91fe06\bus-8.0.2.jar because it was already located earlier
[22May2025 19:33:16.262] [main/DEBUG] [net.neoforged.fml.loading.moddiscovery.ModDiscoverer/]: Skipping C:\Users\Rodrigo\.mcreator\gradle\caches\modules-2\files-2.1\net.neoforged\coremods\7.0.3\9147e6f638b4272b3bd5fc8f92ad37802512c6c\coremods-7.0.3.jar because it was already located earlier
[22May2025 19:33:16.262] [main/DEBUG] [net.neoforged.fml.loading.moddiscovery.ModDiscoverer/]: Skipping C:\Users\Rodrigo\.mcreator\gradle\caches\modules-2\files-2.1\cpw.mods\modlauncher\11.0.4\6619d4812a3c092310d521ebc4c9503727563df7\modlauncher-11.0.4.jar because it was already located earlier
[22May2025 19:33:16.262] [main/DEBUG] [net.neoforged.fml.loading.moddiscovery.ModDiscoverer/]: Skipping C:\Users\Rodrigo\.mcreator\gradle\caches\modules-2\files-2.1\net.neoforged\mergetool\2.0.0\52fe1949be64e3303aabaaa21e315f551db9c9f4\mergetool-2.0.0-api.jar because it was already located earlier
[22May2025 19:33:16.262] [main/DEBUG] [net.neoforged.fml.loading.moddiscovery.ModDiscoverer/]: Skipping C:\Users\Rodrigo\.mcreator\gradle\caches\modules-2\files-2.1\com.electronwill.night-config\toml\3.8.2\c128842f759692f613ea6c3ef0ef052273bbb38c\toml-3.8.2.jar because it was already located earlier
[22May2025 19:33:16.262] [main/DEBUG] [net.neoforged.fml.loading.moddiscovery.ModDiscoverer/]: Skipping C:\Users\Rodrigo\.mcreator\gradle\caches\modules-2\files-2.1\com.electronwill.night-config\core\3.8.2\94eee571e1524129804d08c75f6416a3be380ad4\core-3.8.2.jar because it was already located earlier
[22May2025 19:33:16.263] [main/DEBUG] [net.neoforged.fml.loading.moddiscovery.ModDiscoverer/]: Skipping C:\Users\Rodrigo\.mcreator\gradle\caches\modules-2\files-2.1\net.neoforged\JarJarSelector\0.4.1\fb3cc7a58af22ad2880adb98af6d518128c47dae\JarJarSelector-0.4.1.jar because it was already located earlier
[22May2025 19:33:16.263] [main/DEBUG] [net.neoforged.fml.loading.moddiscovery.ModDiscoverer/]: Skipping C:\Users\Rodrigo\.mcreator\gradle\caches\modules-2\files-2.1\net.neoforged\JarJarMetadata\0.4.1\f8da03683dc81694556dc3e177c5e3bb77ae6fcb\JarJarMetadata-0.4.1.jar because it was already located earlier
[22May2025 19:33:16.263] [main/DEBUG] [net.neoforged.fml.loading.moddiscovery.ModDiscoverer/]: Skipping C:\Users\Rodrigo\.mcreator\gradle\caches\modules-2\files-2.1\org.apache.maven\maven-artifact\3.8.5\4433f50c07debefaed0553bd0068f4f48d449313\maven-artifact-3.8.5.jar because it was already located earlier
[22May2025 19:33:16.263] [main/DEBUG] [net.neoforged.fml.loading.moddiscovery.ModDiscoverer/]: Skipping C:\Users\Rodrigo\.mcreator\gradle\caches\modules-2\files-2.1\net.jodah\typetools\0.6.3\a01aaa6ddaea9ec07ec4f209487b7a46a526283a\typetools-0.6.3.jar because it was already located earlier
[22May2025 19:33:16.263] [main/DEBUG] [net.neoforged.fml.loading.moddiscovery.ModDiscoverer/]: Skipping C:\Users\Rodrigo\.mcreator\gradle\caches\modules-2\files-2.1\net.minecrell\terminalconsoleappender\1.3.0\b562e9bb61235c9520e26282cdee71f8f802d1fc\terminalconsoleappender-1.3.0.jar because it was already located earlier
[22May2025 19:33:16.263] [main/DEBUG] [net.neoforged.fml.loading.moddiscovery.ModDiscoverer/]: Skipping C:\Users\Rodrigo\.mcreator\gradle\caches\modules-2\files-2.1\net.fabricmc\sponge-mixin\0.15.2+mixin.0.8.7\2af2f021d8e02a0220dc27a7a72b4666d66d44ca\sponge-mixin-0.15.2+mixin.0.8.7.jar because it was already located earlier
[22May2025 19:33:16.263] [main/DEBUG] [net.neoforged.fml.loading.moddiscovery.ModDiscoverer/]: Skipping C:\Users\Rodrigo\.mcreator\gradle\caches\modules-2\files-2.1\org.openjdk.nashorn\nashorn-core\15.4\f67f5ffaa5f5130cf6fb9b133da00c7df3b532a5\nashorn-core-15.4.jar because it was already located earlier
[22May2025 19:33:16.264] [main/DEBUG] [net.neoforged.fml.loading.moddiscovery.ModDiscoverer/]: Skipping C:\Users\Rodrigo\.mcreator\gradle\caches\modules-2\files-2.1\org.apache.commons\commons-lang3\3.14.0\1ed471194b02f2c6cb734a0cd6f6f107c673afae\commons-lang3-3.14.0.jar because it was already located earlier
[22May2025 19:33:16.264] [main/DEBUG] [net.neoforged.fml.loading.moddiscovery.ModDiscoverer/]: Skipping C:\Users\Rodrigo\.mcreator\gradle\caches\modules-2\files-2.1\net.sf.jopt-simple\jopt-simple\5.0.4\4fdac2fbe92dfad86aa6e9301736f6b4342a3f5c\jopt-simple-5.0.4.jar because it was already located earlier
[22May2025 19:33:16.264] [main/DEBUG] [net.neoforged.fml.loading.moddiscovery.ModDiscoverer/]: Skipping C:\Users\Rodrigo\.mcreator\gradle\caches\modules-2\files-2.1\commons-io\commons-io\2.15.1\f11560da189ab563a5c8e351941415430e9304ea\commons-io-2.15.1.jar because it was already located earlier
[22May2025 19:33:16.264] [main/DEBUG] [net.neoforged.fml.loading.moddiscovery.ModDiscoverer/]: Skipping C:\Users\Rodrigo\.mcreator\gradle\caches\modules-2\files-2.1\com.mojang\logging\1.2.7\24cb95ffb0e3433fd6e844c04e68009e504ca1c0\logging-1.2.7.jar because it was already located earlier
[22May2025 19:33:16.264] [main/DEBUG] [net.neoforged.fml.loading.moddiscovery.ModDiscoverer/]: Skipping C:\Users\Rodrigo\.mcreator\gradle\caches\modules-2\files-2.1\org.apache.logging.log4j\log4j-slf4j2-impl\2.22.1\d7e6693c2606cb7e7335047d7bb96dec52db5665\log4j-slf4j2-impl-2.22.1.jar because it was already located earlier
[22May2025 19:33:16.264] [main/DEBUG] [net.neoforged.fml.loading.moddiscovery.ModDiscoverer/]: Skipping C:\Users\Rodrigo\.mcreator\gradle\caches\modules-2\files-2.1\org.apache.logging.log4j\log4j-core\2.22.1\7183a25510a02ad00cc6a95d3b3d2a7d3c5a8dc4\log4j-core-2.22.1.jar because it was already located earlier
[22May2025 19:33:16.264] [main/DEBUG] [net.neoforged.fml.loading.moddiscovery.ModDiscoverer/]: Skipping C:\Users\Rodrigo\.mcreator\gradle\caches\modules-2\files-2.1\org.apache.logging.log4j\log4j-api\2.22.1\bea6fede6328fabafd7e68363161a7ea6605abd1\log4j-api-2.22.1.jar because it was already located earlier
[22May2025 19:33:16.264] [main/DEBUG] [net.neoforged.fml.loading.moddiscovery.ModDiscoverer/]: Skipping C:\Users\Rodrigo\.mcreator\gradle\caches\modules-2\files-2.1\com.google.guava\guava\32.1.2-jre\5e64ec7e056456bef3a4bc4c6fdaef71e8ab6318\guava-32.1.2-jre.jar because it was already located earlier
[22May2025 19:33:16.265] [main/DEBUG] [net.neoforged.fml.loading.moddiscovery.ModDiscoverer/]: Skipping C:\Users\Rodrigo\.mcreator\gradle\caches\modules-2\files-2.1\com.google.code.gson\gson\2.10.1\b3add478d4382b78ea20b1671390a858002feb6c\gson-2.10.1.jar because it was already located earlier
[22May2025 19:33:16.265] [main/DEBUG] [net.neoforged.fml.loading.moddiscovery.ModDiscoverer/]: Skipping C:\Users\Rodrigo\.mcreator\gradle\caches\modules-2\files-2.1\org.slf4j\slf4j-api\2.0.9\7cf2726fdcfbc8610f9a71fb3ed639871f315340\slf4j-api-2.0.9.jar because it was already located earlier
[22May2025 19:33:16.265] [main/DEBUG] [net.neoforged.fml.loading.moddiscovery.ModDiscoverer/]: Skipping C:\Users\Rodrigo\.mcreator\gradle\caches\modules-2\files-2.1\org.antlr\antlr4-runtime\4.13.1\17125bae1d965624e265ef49552f6465a2bfa307\antlr4-runtime-4.13.1.jar because it was already located earlier
[22May2025 19:33:16.265] [main/DEBUG] [net.neoforged.fml.loading.moddiscovery.ModDiscoverer/]: Skipping C:\Users\Rodrigo\.mcreator\gradle\caches\modules-2\files-2.1\net.minecraftforge\srgutils\0.4.15\ca408b131759478f164e010fae0d73997e125fb5\srgutils-0.4.15.jar because it was already located earlier
[22May2025 19:33:16.265] [main/DEBUG] [net.neoforged.fml.loading.moddiscovery.ModDiscoverer/]: Skipping C:\Users\Rodrigo\.mcreator\gradle\caches\modules-2\files-2.1\org.codehaus.plexus\plexus-utils\3.3.0\cf43b5391de623b36fe066a21127baef82c64022\plexus-utils-3.3.0.jar because it was already located earlier
[22May2025 19:33:16.265] [main/DEBUG] [net.neoforged.fml.loading.moddiscovery.ModDiscoverer/]: Skipping C:\Users\Rodrigo\.mcreator\gradle\caches\modules-2\files-2.1\org.jline\jline-reader\3.20.0\8f15415b022a25b473e8e16c28ae913186ffb9c4\jline-reader-3.20.0.jar because it was already located earlier
[22May2025 19:33:16.265] [main/DEBUG] [net.neoforged.fml.loading.moddiscovery.ModDiscoverer/]: Skipping C:\Users\Rodrigo\.mcreator\gradle\caches\modules-2\files-2.1\com.machinezoo.noexception\noexception\1.7.1\b65330c98e38a1f915fa54a6e5eca496505e3f0a\noexception-1.7.1.jar because it was already located earlier
[22May2025 19:33:16.265] [main/DEBUG] [net.neoforged.fml.loading.moddiscovery.ModDiscoverer/]: Skipping C:\Users\Rodrigo\.mcreator\gradle\caches\modules-2\files-2.1\com.github.oshi\oshi-core\6.4.10\b1d8ab82d11d92fd639b56d639f8f46f739dd5fa\oshi-core-6.4.10.jar because it was already located earlier
[22May2025 19:33:16.265] [main/DEBUG] [net.neoforged.fml.loading.moddiscovery.ModDiscoverer/]: Skipping C:\Users\Rodrigo\.mcreator\gradle\caches\modules-2\files-2.1\com.google.guava\failureaccess\1.0.1\1dcf1de382a0bf95a3d8b0849546c88bac1292c9\failureaccess-1.0.1.jar because it was already located earlier
[22May2025 19:33:16.265] [main/DEBUG] [net.neoforged.fml.loading.moddiscovery.ModDiscoverer/]: Skipping C:\Users\Rodrigo\.mcreator\gradle\caches\modules-2\files-2.1\com.ibm.icu\icu4j\73.2\61ad4ef7f9131fcf6d25c34b817f90d6da06c9e9\icu4j-73.2.jar because it was already located earlier
[22May2025 19:33:16.265] [main/DEBUG] [net.neoforged.fml.loading.moddiscovery.ModDiscoverer/]: Skipping C:\Users\Rodrigo\.mcreator\gradle\caches\modules-2\files-2.1\com.mojang\authlib\6.0.54\de8bc95660e1b2fe8793fd427a7a10dcec5b3ea7\authlib-6.0.54.jar because it was already located earlier
[22May2025 19:33:16.265] [main/DEBUG] [net.neoforged.fml.loading.moddiscovery.ModDiscoverer/]: Skipping C:\Users\Rodrigo\.mcreator\gradle\caches\modules-2\files-2.1\com.mojang\blocklist\1.0.10\5c685c5ffa94c4cd39496c7184c1d122e515ecef\blocklist-1.0.10.jar because it was already located earlier
[22May2025 19:33:16.265] [main/DEBUG] [net.neoforged.fml.loading.moddiscovery.ModDiscoverer/]: Skipping C:\Users\Rodrigo\.mcreator\gradle\caches\modules-2\files-2.1\com.mojang\brigadier\1.3.10\d15b53a14cf20fdcaa98f731af5dda654452c010\brigadier-1.3.10.jar because it was already located earlier
[22May2025 19:33:16.266] [main/DEBUG] [net.neoforged.fml.loading.moddiscovery.ModDiscoverer/]: Skipping C:\Users\Rodrigo\.mcreator\gradle\caches\modules-2\files-2.1\com.mojang\datafixerupper\8.0.16\67d4de6d7f95d89bcf5862995fb854ebaec02a34\datafixerupper-8.0.16.jar because it was already located earlier
[22May2025 19:33:16.266] [main/DEBUG] [net.neoforged.fml.loading.moddiscovery.ModDiscoverer/]: Skipping C:\Users\Rodrigo\.mcreator\gradle\caches\modules-2\files-2.1\com.mojang\patchy\2.2.10\da05971b07cbb379d002cf7eaec6a2048211fefc\patchy-2.2.10.jar because it was already located earlier
[22May2025 19:33:16.266] [main/DEBUG] [net.neoforged.fml.loading.moddiscovery.ModDiscoverer/]: Skipping C:\Users\Rodrigo\.mcreator\gradle\caches\modules-2\files-2.1\com.mojang\text2speech\1.17.9\3cad216e3a7f0c19b4b394388bc9ffc446f13b14\text2speech-1.17.9.jar because it was already located earlier
[22May2025 19:33:16.266] [main/DEBUG] [net.neoforged.fml.loading.moddiscovery.ModDiscoverer/]: Skipping C:\Users\Rodrigo\.mcreator\gradle\caches\modules-2\files-2.1\commons-codec\commons-codec\1.16.0\4e3eb3d79888d76b54e28b350915b5dc3919c9de\commons-codec-1.16.0.jar because it was already located earlier
[22May2025 19:33:16.266] [main/DEBUG] [net.neoforged.fml.loading.moddiscovery.ModDiscoverer/]: Skipping C:\Users\Rodrigo\.mcreator\gradle\caches\modules-2\files-2.1\commons-logging\commons-logging\1.2\4bfc12adfe4842bf07b657f0369c4cb522955686\commons-logging-1.2.jar because it was already located earlier
[22May2025 19:33:16.266] [main/DEBUG] [net.neoforged.fml.loading.moddiscovery.ModDiscoverer/]: Skipping C:\Users\Rodrigo\.mcreator\gradle\caches\modules-2\files-2.1\io.netty\netty-buffer\4.1.97.Final\f8f3d8644afa5e6e1a40a3a6aeb9d9aa970ecb4f\netty-buffer-4.1.97.Final.jar because it was already located earlier
[22May2025 19:33:16.266] [main/DEBUG] [net.neoforged.fml.loading.moddiscovery.ModDiscoverer/]: Skipping C:\Users\Rodrigo\.mcreator\gradle\caches\modules-2\files-2.1\io.netty\netty-codec\4.1.97.Final\384ba4d75670befbedb45c4d3b497a93639c206d\netty-codec-4.1.97.Final.jar because it was already located earlier
[22May2025 19:33:16.266] [main/DEBUG] [net.neoforged.fml.loading.moddiscovery.ModDiscoverer/]: Skipping C:\Users\Rodrigo\.mcreator\gradle\caches\modules-2\files-2.1\io.netty\netty-common\4.1.97.Final\7cceacaf11df8dc63f23d0fb58e9d4640fc88404\netty-common-4.1.97.Final.jar because it was already located earlier
[22May2025 19:33:16.266] [main/DEBUG] [net.neoforged.fml.loading.moddiscovery.ModDiscoverer/]: Skipping C:\Users\Rodrigo\.mcreator\gradle\caches\modules-2\files-2.1\io.netty\netty-handler\4.1.97.Final\abb86c6906bf512bf2b797a41cd7d2e8d3cd7c36\netty-handler-4.1.97.Final.jar because it was already located earlier
[22May2025 19:33:16.266] [main/DEBUG] [net.neoforged.fml.loading.moddiscovery.ModDiscoverer/]: Skipping C:\Users\Rodrigo\.mcreator\gradle\caches\modules-2\files-2.1\io.netty\netty-resolver\4.1.97.Final\cec8348108dc76c47cf87c669d514be52c922144\netty-resolver-4.1.97.Final.jar because it was already located earlier
[22May2025 19:33:16.266] [main/DEBUG] [net.neoforged.fml.loading.moddiscovery.ModDiscoverer/]: Skipping C:\Users\Rodrigo\.mcreator\gradle\caches\modules-2\files-2.1\io.netty\netty-transport-classes-epoll\4.1.97.Final\795da37ded759e862457a82d9d92c4d39ce8ecee\netty-transport-classes-epoll-4.1.97.Final.jar because it was already located earlier
[22May2025 19:33:16.267] [main/DEBUG] [net.neoforged.fml.loading.moddiscovery.ModDiscoverer/]: Skipping C:\Users\Rodrigo\.mcreator\gradle\caches\modules-2\files-2.1\io.netty\netty-transport-native-unix-common\4.1.97.Final\d469d84265ab70095b01b40886cabdd433b6e664\netty-transport-native-unix-common-4.1.97.Final.jar because it was already located earlier
[22May2025 19:33:16.267] [main/DEBUG] [net.neoforged.fml.loading.moddiscovery.ModDiscoverer/]: Skipping C:\Users\Rodrigo\.mcreator\gradle\caches\modules-2\files-2.1\io.netty\netty-transport\4.1.97.Final\f37380d23c9bb079bc702910833b2fd532c9abd0\netty-transport-4.1.97.Final.jar because it was already located earlier
[22May2025 19:33:16.267] [main/DEBUG] [net.neoforged.fml.loading.moddiscovery.ModDiscoverer/]: Skipping C:\Users\Rodrigo\.mcreator\gradle\caches\modules-2\files-2.1\it.unimi.dsi\fastutil\8.5.12\c24946d46824bd528054bface3231d2ecb7e95e8\fastutil-8.5.12.jar because it was already located earlier
[22May2025 19:33:16.267] [main/DEBUG] [net.neoforged.fml.loading.moddiscovery.ModDiscoverer/]: Skipping C:\Users\Rodrigo\.mcreator\gradle\caches\modules-2\files-2.1\net.java.dev.jna\jna-platform\5.14.0\28934d48aed814f11e4c584da55c49fa7032b31b\jna-platform-5.14.0.jar because it was already located earlier
[22May2025 19:33:16.267] [main/DEBUG] [net.neoforged.fml.loading.moddiscovery.ModDiscoverer/]: Skipping C:\Users\Rodrigo\.mcreator\gradle\caches\modules-2\files-2.1\net.java.dev.jna\jna\5.14.0\67bf3eaea4f0718cb376a181a629e5f88fa1c9dd\jna-5.14.0.jar because it was already located earlier
[22May2025 19:33:16.267] [main/DEBUG] [net.neoforged.fml.loading.moddiscovery.ModDiscoverer/]: Skipping C:\Users\Rodrigo\.mcreator\gradle\caches\modules-2\files-2.1\org.apache.commons\commons-compress\1.26.0\659feffdd12280201c8aacb8f7be94f9a883c824\commons-compress-1.26.0.jar because it was already located earlier
[22May2025 19:33:16.267] [main/DEBUG] [net.neoforged.fml.loading.moddiscovery.ModDiscoverer/]: Skipping C:\Users\Rodrigo\.mcreator\gradle\caches\modules-2\files-2.1\org.apache.httpcomponents\httpclient\4.5.13\e5f6cae5ca7ecaac1ec2827a9e2d65ae2869cada\httpclient-4.5.13.jar because it was already located earlier
[22May2025 19:33:16.267] [main/DEBUG] [net.neoforged.fml.loading.moddiscovery.ModDiscoverer/]: Skipping C:\Users\Rodrigo\.mcreator\gradle\caches\modules-2\files-2.1\org.apache.httpcomponents\httpcore\4.4.16\51cf043c87253c9f58b539c9f7e44c8894223850\httpcore-4.4.16.jar because it was already located earlier
[22May2025 19:33:16.267] [main/DEBUG] [net.neoforged.fml.loading.moddiscovery.ModDiscoverer/]: Skipping C:\Users\Rodrigo\.mcreator\gradle\caches\modules-2\files-2.1\org.jcraft\jorbis\0.0.17\8872d22b293e8f5d7d56ff92be966e6dc28ebdc6\jorbis-0.0.17.jar because it was already located earlier
[22May2025 19:33:16.267] [main/DEBUG] [net.neoforged.fml.loading.moddiscovery.ModDiscoverer/]: Skipping C:\Users\Rodrigo\.mcreator\gradle\caches\modules-2\files-2.1\org.joml\joml\1.10.5\22566d58af70ad3d72308bab63b8339906deb649\joml-1.10.5.jar because it was already located earlier
[22May2025 19:33:16.267] [main/DEBUG] [net.neoforged.fml.loading.moddiscovery.ModDiscoverer/]: Skipping C:\Users\Rodrigo\.mcreator\gradle\caches\modules-2\files-2.1\org.lwjgl\lwjgl-freetype\3.3.3\a0db6c84a8becc8ca05f9dbfa985edc348a824c7\lwjgl-freetype-3.3.3.jar because it was already located earlier
[22May2025 19:33:16.272] [main/DEBUG] [net.neoforged.fml.loading.moddiscovery.ModDiscoverer/]: Skipping C:\Users\Rodrigo\.mcreator\gradle\caches\modules-2\files-2.1\org.lwjgl\lwjgl-freetype\3.3.3\15a8c1de7f51d07a92eae7ce1222557073a0c0c3\lwjgl-freetype-3.3.3-natives-windows-x86.jar because it was already located earlier
[22May2025 19:33:16.273] [main/DEBUG] [net.neoforged.fml.loading.moddiscovery.ModDiscoverer/]: Skipping C:\Users\Rodrigo\.mcreator\gradle\caches\modules-2\files-2.1\org.lwjgl\lwjgl-glfw\3.3.3\efa1eb78c5ccd840e9f329717109b5e892d72f8e\lwjgl-glfw-3.3.3.jar because it was already located earlier
[22May2025 19:33:16.279] [main/DEBUG] [net.neoforged.fml.loading.moddiscovery.ModDiscoverer/]: Skipping C:\Users\Rodrigo\.mcreator\gradle\caches\modules-2\files-2.1\org.lwjgl\lwjgl-glfw\3.3.3\32334f3fd5270a59bad9939a93115acb6de36dcf\lwjgl-glfw-3.3.3-natives-windows-x86.jar because it was already located earlier
[22May2025 19:33:16.279] [main/DEBUG] [net.neoforged.fml.loading.moddiscovery.ModDiscoverer/]: Skipping C:\Users\Rodrigo\.mcreator\gradle\caches\modules-2\files-2.1\org.lwjgl\lwjgl-jemalloc\3.3.3\b543467b7ff3c6920539a88ee602d34098628be5\lwjgl-jemalloc-3.3.3.jar because it was already located earlier
[22May2025 19:33:16.279] [main/DEBUG] [net.neoforged.fml.loading.moddiscovery.ModDiscoverer/]: Skipping C:\Users\Rodrigo\.mcreator\gradle\caches\modules-2\files-2.1\org.lwjgl\lwjgl-jemalloc\3.3.3\426222fc027602a5f21b9c0fe79cde6a4c7a011f\lwjgl-jemalloc-3.3.3-natives-windows.jar because it was already located earlier
[22May2025 19:33:16.284] [main/DEBUG] [net.neoforged.fml.loading.moddiscovery.ModDiscoverer/]: Skipping C:\Users\Rodrigo\.mcreator\gradle\caches\modules-2\files-2.1\org.lwjgl\lwjgl-openal\3.3.3\daada81ceb5fc0c291fbfdd4433cb8d9423577f2\lwjgl-openal-3.3.3.jar because it was already located earlier
[22May2025 19:33:16.289] [main/DEBUG] [net.neoforged.fml.loading.moddiscovery.ModDiscoverer/]: Skipping C:\Users\Rodrigo\.mcreator\gradle\caches\modules-2\files-2.1\org.lwjgl\lwjgl-openal\3.3.3\87b8d5050e3adb46bb58fe1cb2669a4a48fce10d\lwjgl-openal-3.3.3-natives-windows-x86.jar because it was already located earlier
[22May2025 19:33:16.289] [main/DEBUG] [net.neoforged.fml.loading.moddiscovery.ModDiscoverer/]: Skipping C:\Users\Rodrigo\.mcreator\gradle\caches\modules-2\files-2.1\org.lwjgl\lwjgl-opengl\3.3.3\2f6b0147078396a58979125a4c947664e98293a\lwjgl-opengl-3.3.3.jar because it was already located earlier
[22May2025 19:33:16.292] [main/DEBUG] [net.neoforged.fml.loading.moddiscovery.ModDiscoverer/]: Skipping C:\Users\Rodrigo\.mcreator\gradle\caches\modules-2\files-2.1\org.lwjgl\lwjgl-opengl\3.3.3\65e956d3735a1abdc82eff4baec1b61174697d4b\lwjgl-opengl-3.3.3-natives-windows-arm64.jar because it was already located earlier
[22May2025 19:33:16.294] [main/DEBUG] [net.neoforged.fml.loading.moddiscovery.ModDiscoverer/]: Skipping C:\Users\Rodrigo\.mcreator\gradle\caches\modules-2\files-2.1\org.lwjgl\lwjgl-stb\3.3.3\25dd6161988d7e65f71d5065c99902402ee32746\lwjgl-stb-3.3.3.jar because it was already located earlier
[22May2025 19:33:16.294] [main/DEBUG] [net.neoforged.fml.loading.moddiscovery.ModDiscoverer/]: Skipping C:\Users\Rodrigo\.mcreator\gradle\caches\modules-2\files-2.1\org.lwjgl\lwjgl-stb\3.3.3\1d9facdf6541de114b0f963be33505b7679c78cb\lwjgl-stb-3.3.3-natives-windows.jar because it was already located earlier
[22May2025 19:33:16.301] [main/DEBUG] [net.neoforged.fml.loading.moddiscovery.ModDiscoverer/]: Skipping C:\Users\Rodrigo\.mcreator\gradle\caches\modules-2\files-2.1\org.lwjgl\lwjgl-tinyfd\3.3.3\82d755ca94b102e9ca77283b9e2dc46d1b15fbe5\lwjgl-tinyfd-3.3.3.jar because it was already located earlier
[22May2025 19:33:16.301] [main/DEBUG] [net.neoforged.fml.loading.moddiscovery.ModDiscoverer/]: Skipping C:\Users\Rodrigo\.mcreator\gradle\caches\modules-2\files-2.1\org.lwjgl\lwjgl-tinyfd\3.3.3\a6697981b0449a5087c1d546fc08b4f73e8f98c9\lwjgl-tinyfd-3.3.3-natives-windows.jar because it was already located earlier
[22May2025 19:33:16.306] [main/DEBUG] [net.neoforged.fml.loading.moddiscovery.ModDiscoverer/]: Skipping C:\Users\Rodrigo\.mcreator\gradle\caches\modules-2\files-2.1\org.lwjgl\lwjgl\3.3.3\29589b5f87ed335a6c7e7ee6a5775f81f97ecb84\lwjgl-3.3.3.jar because it was already located earlier
[22May2025 19:33:16.310] [main/DEBUG] [net.neoforged.fml.loading.moddiscovery.ModDiscoverer/]: Skipping C:\Users\Rodrigo\.mcreator\gradle\caches\modules-2\files-2.1\org.lwjgl\lwjgl\3.3.3\9e670718e050aeaeea0c2d5b907cffb142f2e58f\lwjgl-3.3.3-natives-windows-x86.jar because it was already located earlier
[22May2025 19:33:16.310] [main/DEBUG] [net.neoforged.fml.loading.moddiscovery.ModDiscoverer/]: Skipping C:\Users\Rodrigo\.mcreator\gradle\caches\modules-2\files-2.1\org.lz4\lz4-java\1.8.0\4b986a99445e49ea5fbf5d149c4b63f6ed6c6780\lz4-java-1.8.0.jar because it was already located earlier
[22May2025 19:33:16.310] [main/DEBUG] [net.neoforged.fml.loading.moddiscovery.ModDiscoverer/]: Skipping C:\Users\Rodrigo\.mcreator\gradle\caches\modules-2\files-2.1\org.jline\jline-terminal\3.20.0\d0ddcc708ddf527a3454c941b7b9225cc83a15ff\jline-terminal-3.20.0.jar because it was already located earlier
[22May2025 19:33:16.310] [main/DEBUG] [net.neoforged.fml.loading.moddiscovery.ModDiscoverer/]: Skipping C:\Users\Rodrigo\.mcreator\gradle\caches\modules-2\files-2.1\com.google.guava\listenablefuture\9999.0-empty-to-avoid-conflict-with-guava\b421526c5f297295adef1c886e5246c39d4ac629\listenablefuture-9999.0-empty-to-avoid-conflict-with-guava.jar because it was already located earlier
[22May2025 19:33:16.310] [main/DEBUG] [net.neoforged.fml.loading.moddiscovery.ModDiscoverer/]: Skipping C:\Users\Rodrigo\.mcreator\gradle\caches\modules-2\files-2.1\com.google.code.findbugs\jsr305\3.0.2\25ea2e8b0c338a877313bd4672d3fe056ea78f0d\jsr305-3.0.2.jar because it was already located earlier
[22May2025 19:33:16.310] [main/DEBUG] [net.neoforged.fml.loading.moddiscovery.ModDiscoverer/]: Skipping C:\Users\Rodrigo\.mcreator\gradle\caches\modules-2\files-2.1\org.checkerframework\checker-qual\3.33.0\de2b60b62da487644fc11f734e73c8b0b431238f\checker-qual-3.33.0.jar because it was already located earlier
[22May2025 19:33:16.310] [main/DEBUG] [net.neoforged.fml.loading.moddiscovery.ModDiscoverer/]: Skipping C:\Users\Rodrigo\.mcreator\gradle\caches\modules-2\files-2.1\com.google.errorprone\error_prone_annotations\2.18.0\89b684257096f548fa39a7df9fdaa409d4d4df91\error_prone_annotations-2.18.0.jar because it was already located earlier
[22May2025 19:33:16.311] [main/DEBUG] [net.neoforged.fml.loading.moddiscovery.ModDiscoverer/]: Skipping C:\Users\Rodrigo\.mcreator\gradle\caches\modules-2\files-2.1\com.google.j2objc\j2objc-annotations\2.8\c85270e307e7b822f1086b93689124b89768e273\j2objc-annotations-2.8.jar because it was already located earlier
[22May2025 19:33:16.313] [main/DEBUG] [net.neoforged.fml.loading.UniqueModListBuilder/]: Found 2 mods for first modid neoforge, selecting most recent based on version data
[22May2025 19:33:16.313] [main/DEBUG] [net.neoforged.fml.loading.UniqueModListBuilder/]: Selected file neoforge-21.1.172-minecraft.jar for modid neoforge with version 21.1.172
[22May2025 19:33:16.374] [main/DEBUG] [net.neoforged.fml.loading.moddiscovery.ModFileParser/LOADING]: Considering mod file candidate 
[22May2025 19:33:16.375] [main/DEBUG] [net.neoforged.fml.loading.moddiscovery.ModFileInfo/LOADING]: Found valid mod file fabric-api-base-0.4.42+d1308ded19.jar with {fabric_api_base} mods - versions {0.4.42+d1308ded19}
[22May2025 19:33:16.376] [main/DEBUG] [net.neoforged.fml.loading.moddiscovery.ModFileParser/LOADING]: Considering mod file candidate 
[22May2025 19:33:16.377] [main/DEBUG] [net.neoforged.fml.loading.moddiscovery.ModFileInfo/LOADING]: Found valid mod file fabric-block-view-api-v2-1.0.10+9afaaf8c19.jar with {fabric_block_view_api_v2} mods - versions {1.0.10+9afaaf8c19}
[22May2025 19:33:16.378] [main/DEBUG] [net.neoforged.fml.loading.moddiscovery.ModFileParser/LOADING]: Considering mod file candidate 
[22May2025 19:33:16.379] [main/DEBUG] [net.neoforged.fml.loading.moddiscovery.ModFileInfo/LOADING]: Found valid mod file fabric-renderer-api-v1-3.4.0+acb05a3919.jar with {fabric_renderer_api_v1} mods - versions {3.4.0+acb05a3919}
[22May2025 19:33:16.380] [main/DEBUG] [net.neoforged.fml.loading.moddiscovery.ModFileParser/LOADING]: Considering mod file candidate 
[22May2025 19:33:16.381] [main/DEBUG] [net.neoforged.fml.loading.moddiscovery.ModFileInfo/LOADING]: Found valid mod file fabric-rendering-data-attachment-v1-0.3.48+73761d2e19.jar with {fabric_rendering_data_attachment_v1} mods - versions {0.3.48+73761d2e19}
[22May2025 19:33:16.384] [main/DEBUG] [net.neoforged.fml.loading.moddiscovery.ModFileParser/LOADING]: Considering mod file candidate 
[22May2025 19:33:16.384] [main/DEBUG] [net.neoforged.fml.loading.moddiscovery.ModFileInfo/LOADING]: Found valid mod file fabric-api-base-0.4.42+d1308ded19.jar with {fabric_api_base} mods - versions {0.4.42+d1308ded19}
[22May2025 19:33:16.385] [main/DEBUG] [net.neoforged.fml.loading.moddiscovery.ModFileParser/LOADING]: Considering mod file candidate 
[22May2025 19:33:16.385] [main/DEBUG] [net.neoforged.fml.loading.moddiscovery.ModFileInfo/LOADING]: Found valid mod file fabric-block-view-api-v2-1.0.10+9afaaf8c19.jar with {fabric_block_view_api_v2} mods - versions {1.0.10+9afaaf8c19}
[22May2025 19:33:16.387] [main/DEBUG] [net.neoforged.fml.loading.moddiscovery.ModFileParser/LOADING]: Considering mod file candidate 
[22May2025 19:33:16.388] [main/DEBUG] [net.neoforged.fml.loading.moddiscovery.ModFileInfo/LOADING]: Found valid mod file fabric-renderer-api-v1-3.4.0+acb05a3919.jar with {fabric_renderer_api_v1} mods - versions {3.4.0+acb05a3919}
[22May2025 19:33:16.389] [main/DEBUG] [net.neoforged.fml.loading.moddiscovery.ModFileParser/LOADING]: Considering mod file candidate 
[22May2025 19:33:16.389] [main/DEBUG] [net.neoforged.fml.loading.moddiscovery.ModFileInfo/LOADING]: Found valid mod file fabric-rendering-data-attachment-v1-0.3.48+73761d2e19.jar with {fabric_rendering_data_attachment_v1} mods - versions {0.3.48+73761d2e19}
[22May2025 19:33:16.396] [main/DEBUG] [net.neoforged.fml.loading.moddiscovery.ModFileParser/LOADING]: Considering mod file candidate 
[22May2025 19:33:16.397] [main/DEBUG] [net.neoforged.fml.loading.moddiscovery.ModFileInfo/LOADING]: Found valid mod file com.enderio.enderio-armory-7.1.8-alpha.jar with {enderio_armory} mods - versions {7.1.8-alpha}
[22May2025 19:33:16.429] [main/DEBUG] [net.neoforged.fml.loading.moddiscovery.ModFileParser/LOADING]: Considering mod file candidate 
[22May2025 19:33:16.430] [main/DEBUG] [net.neoforged.fml.loading.moddiscovery.ModFileInfo/LOADING]: Found valid mod file com.enderio.enderio-base-7.1.8-alpha.jar with {enderio_base} mods - versions {7.1.8-alpha}
[22May2025 19:33:16.438] [main/DEBUG] [net.neoforged.fml.loading.moddiscovery.ModFileParser/LOADING]: Considering mod file candidate 
[22May2025 19:33:16.439] [main/DEBUG] [net.neoforged.fml.loading.moddiscovery.ModFileInfo/LOADING]: Found valid mod file com.enderio.enderio-conduits-7.1.8-alpha.jar with {enderio_conduits} mods - versions {7.1.8-alpha}
[22May2025 19:33:16.441] [main/DEBUG] [net.neoforged.fml.loading.moddiscovery.ModFileParser/LOADING]: Considering mod file candidate 
[22May2025 19:33:16.442] [main/DEBUG] [net.neoforged.fml.loading.moddiscovery.ModFileInfo/LOADING]: Found valid mod file com.enderio.enderio-conduits-modded-7.1.8-alpha.jar with {enderio_conduits_modded} mods - versions {7.1.8-alpha}
[22May2025 19:33:16.461] [main/DEBUG] [net.neoforged.fml.loading.moddiscovery.ModFileParser/LOADING]: Considering mod file candidate 
[22May2025 19:33:16.462] [main/DEBUG] [net.neoforged.fml.loading.moddiscovery.ModFileInfo/LOADING]: Found valid mod file com.enderio.enderio-machines-7.1.8-alpha.jar with {enderio_machines} mods - versions {7.1.8-alpha}
[22May2025 19:33:16.466] [main/DEBUG] [net.neoforged.fml.loading.moddiscovery.ModFileParser/LOADING]: Considering mod file candidate 
[22May2025 19:33:16.466] [main/DEBUG] [net.neoforged.fml.loading.moddiscovery.ModFileInfo/LOADING]: Found valid mod file com.enderio.endercore-7.1.8-alpha.jar with {endercore} mods - versions {7.1.8-alpha}
[22May2025 19:33:16.489] [main/DEBUG] [net.neoforged.fml.loading.moddiscovery.ModFileParser/LOADING]: Considering mod file candidate 
[22May2025 19:33:16.490] [main/DEBUG] [net.neoforged.fml.loading.moddiscovery.ModFileInfo/LOADING]: Found valid mod file fabric-renderer-api-v1-3.4.0+acb05a3919.jar with {fabric_renderer_api_v1} mods - versions {3.4.0+acb05a3919}
[22May2025 19:33:16.491] [main/DEBUG] [net.neoforged.fml.loading.moddiscovery.ModFileParser/LOADING]: Considering mod file candidate 
[22May2025 19:33:16.491] [main/DEBUG] [net.neoforged.fml.loading.moddiscovery.ModFileInfo/LOADING]: Found valid mod file fabric-block-view-api-v2-1.0.10+9afaaf8c19.jar with {fabric_block_view_api_v2} mods - versions {1.0.10+9afaaf8c19}
[22May2025 19:33:16.492] [main/DEBUG] [net.neoforged.fml.loading.moddiscovery.ModFileParser/LOADING]: Considering mod file candidate 
[22May2025 19:33:16.493] [main/DEBUG] [net.neoforged.fml.loading.moddiscovery.ModFileInfo/LOADING]: Found valid mod file com.enderio.endercore-7.1.8-alpha.jar with {endercore} mods - versions {7.1.8-alpha}
[22May2025 19:33:16.497] [main/DEBUG] [net.neoforged.fml.loading.moddiscovery.ModFileParser/LOADING]: Considering mod file candidate 
[22May2025 19:33:16.498] [main/DEBUG] [net.neoforged.fml.loading.moddiscovery.ModFileInfo/LOADING]: Found valid mod file com.enderio.enderio-conduits-7.1.8-alpha.jar with {enderio_conduits} mods - versions {7.1.8-alpha}
[22May2025 19:33:16.500] [main/DEBUG] [net.neoforged.fml.loading.moddiscovery.ModFileParser/LOADING]: Considering mod file candidate 
[22May2025 19:33:16.501] [main/DEBUG] [net.neoforged.fml.loading.moddiscovery.ModFileInfo/LOADING]: Found valid mod file fabric-api-base-0.4.42+d1308ded19.jar with {fabric_api_base} mods - versions {0.4.42+d1308ded19}
[22May2025 19:33:16.501] [main/DEBUG] [net.neoforged.fml.loading.moddiscovery.ModFileParser/LOADING]: Considering mod file candidate 
[22May2025 19:33:16.502] [main/DEBUG] [net.neoforged.fml.loading.moddiscovery.ModFileInfo/LOADING]: Found valid mod file fabric-rendering-data-attachment-v1-0.3.48+73761d2e19.jar with {fabric_rendering_data_attachment_v1} mods - versions {0.3.48+73761d2e19}
[22May2025 19:33:16.519] [main/DEBUG] [net.neoforged.fml.loading.moddiscovery.ModFileParser/LOADING]: Considering mod file candidate 
[22May2025 19:33:16.520] [main/DEBUG] [net.neoforged.fml.loading.moddiscovery.ModFileInfo/LOADING]: Found valid mod file com.enderio.enderio-base-7.1.8-alpha.jar with {enderio_base} mods - versions {7.1.8-alpha}
[22May2025 19:33:16.527] [main/DEBUG] [net.neoforged.fml.loading.moddiscovery.ModFileParser/LOADING]: Considering mod file candidate 
[22May2025 19:33:16.528] [main/DEBUG] [net.neoforged.fml.loading.moddiscovery.ModFileInfo/LOADING]: Found valid mod file com.enderio.enderio-conduits-modded-7.1.8-alpha.jar with {enderio_conduits_modded} mods - versions {7.1.8-alpha}
[22May2025 19:33:16.537] [main/DEBUG] [net.neoforged.fml.loading.moddiscovery.ModFileParser/LOADING]: Considering mod file candidate 
[22May2025 19:33:16.538] [main/DEBUG] [net.neoforged.fml.loading.moddiscovery.ModFileInfo/LOADING]: Found valid mod file com.enderio.enderio-machines-7.1.8-alpha.jar with {enderio_machines} mods - versions {7.1.8-alpha}
[22May2025 19:33:16.541] [main/DEBUG] [net.neoforged.fml.loading.moddiscovery.ModFileParser/LOADING]: Considering mod file candidate 
[22May2025 19:33:16.542] [main/DEBUG] [net.neoforged.fml.loading.moddiscovery.ModFileInfo/LOADING]: Found valid mod file com.enderio.enderio-armory-7.1.8-alpha.jar with {enderio_armory} mods - versions {7.1.8-alpha}
[22May2025 19:33:16.545] [main/INFO] [net.neoforged.fml.loading.moddiscovery.locators.JarInJarDependencyLocator/]: Found 17 dependencies adding them to mods collection
[22May2025 19:33:16.547] [main/INFO] [net.neoforged.fml.loading.moddiscovery.ModDiscoverer/]: 
     Mod List:
		Name Version (Mod Id)

		Better Advancements 0.4.3.21 (betteradvancements)
		Ender Core 7.1.8-alpha (endercore)
		Ender IO 7.1.8-alpha (enderio)
		Ender IO Armory 7.1.8-alpha (enderio_armory)
		Ender IO Base 7.1.8-alpha (enderio_base)
		Ender IO Conduits 7.1.8-alpha (enderio_conduits)
		Ender IO Machines 7.1.8-alpha (enderio_machines)
		Ender IO Modded Conduits 7.1.8-alpha (enderio_conduits_modded)
		Forgified Fabric API Base 0.4.42+d1308ded19 (fabric_api_base)
		Forgified Fabric BlockView API (v2) 1.0.10+9afaaf8c19 (fabric_block_view_api_v2)
		Forgified Fabric Renderer API (v1) 3.4.0+acb05a3919 (fabric_renderer_api_v1)
		Forgified Fabric Rendering Data Attachment (v1) 0.3.48+73761d2e19 (fabric_rendering_data_attachment_v1)
		GeckoLib 4 4.7.3 (geckolib)
		Industrial Foregoing 1.21-3.6.29 (industrialforegoing)
		Iris 1.8.6+mc1.21.1 (iris)
		Jade 15.9.2+neoforge (jade)
		Just Dire Things 1.5.5 (justdirethings)
		Just Enough Items 19.21.0.247 (jei)
		Kleiders Custom Renderer 7.2.0 (kleiders_custom_renderer)
		Mekanism 10.7.7 (mekanism)
		Mekanism: Generators 10.7.7 (mekanismgenerators)
		Minecraft 1.21.1 (minecraft)
		NeoForge 21.1.172 (neoforge)
		Pehkui 3.8.3+1.21-neoforge (pehkui)
		Player Animator 2.0.1+1.21.1 (playeranimator)
		Simple Incubator 1.1 (simple_incubator)
		Sodium 0.6.1+mc1.21.1 (sodium)
		Sodium Extra 0.6.0+mc1.21.1 (sodium_extra)
		Titanium 4.0.37 (titanium)
[22May2025 19:33:16.549] [main/DEBUG] [net.neoforged.fml.loading.moddiscovery.ModFileInfo/LOADING]: Found valid mod file neoforge-21.1.172-minecraft.jar with {minecraft} mods - versions {1.21.1}
[22May2025 19:33:16.551] [main/DEBUG] [net.neoforged.fml.loading.moddiscovery.ModFile/LOADING]: Loading mod file D:\Modding\Simple Incubator\build\moddev\artifacts\neoforge-21.1.172-minecraft.jar with languages [LanguageSpec[languageName=minecraft, acceptedVersions=1]]
[22May2025 19:33:16.552] [main/DEBUG] [net.neoforged.fml.loading.moddiscovery.ModFileParser/LOADING]: Considering mod file candidate D:\Modding\Simple Incubator\run\mods\industrialforegoing-1.21-3.6.29.jar
[22May2025 19:33:16.554] [main/DEBUG] [net.neoforged.fml.loading.moddiscovery.ModFileInfo/LOADING]: Found valid mod file industrialforegoing-1.21-3.6.29.jar with {industrialforegoing} mods - versions {1.21-3.6.29}
[22May2025 19:33:16.554] [main/DEBUG] [net.neoforged.fml.loading.moddiscovery.ModFile/LOADING]: Loading mod file D:\Modding\Simple Incubator\run\mods\industrialforegoing-1.21-3.6.29.jar with languages [LanguageSpec[languageName=javafml, acceptedVersions=[4,)]]
[22May2025 19:33:16.554] [main/DEBUG] [net.neoforged.fml.loading.moddiscovery.ModFile/LOADING]: Found mixin config MixinConfig[config=META-INF/industrialforegoing.mixins.json, requiredMods=[]]
[22May2025 19:33:16.556] [main/DEBUG] [net.neoforged.fml.loading.moddiscovery.ModFileParser/LOADING]: Considering mod file candidate 
[22May2025 19:33:16.556] [main/DEBUG] [net.neoforged.fml.loading.moddiscovery.ModFileInfo/LOADING]: Found valid mod file fabric-renderer-api-v1-3.4.0+acb05a3919.jar with {fabric_renderer_api_v1} mods - versions {3.4.0+acb05a3919}
[22May2025 19:33:16.557] [main/DEBUG] [net.neoforged.fml.loading.moddiscovery.ModFile/LOADING]: Loading mod file  with languages [LanguageSpec[languageName=javafml, acceptedVersions=[1,)]]
[22May2025 19:33:16.557] [main/DEBUG] [net.neoforged.fml.loading.moddiscovery.ModFile/LOADING]: Found mixin config MixinConfig[config=fabric-renderer-api-v1.mixins.json, requiredMods=[]]
[22May2025 19:33:16.557] [main/DEBUG] [net.neoforged.fml.loading.moddiscovery.ModFile/LOADING]: Found mixin config MixinConfig[config=fabric-renderer-api-v1.debughud.mixins.json, requiredMods=[]]
[22May2025 19:33:16.557] [main/DEBUG] [net.neoforged.fml.loading.moddiscovery.ModFileParser/LOADING]: Considering mod file candidate 
[22May2025 19:33:16.558] [main/DEBUG] [net.neoforged.fml.loading.moddiscovery.ModFileInfo/LOADING]: Found valid mod file fabric-api-base-0.4.42+d1308ded19.jar with {fabric_api_base} mods - versions {0.4.42+d1308ded19}
[22May2025 19:33:16.558] [main/DEBUG] [net.neoforged.fml.loading.moddiscovery.ModFile/LOADING]: Loading mod file  with languages [LanguageSpec[languageName=javafml, acceptedVersions=[1,)]]
[22May2025 19:33:16.558] [main/DEBUG] [net.neoforged.fml.loading.moddiscovery.ModFileParser/LOADING]: Considering mod file candidate 
[22May2025 19:33:16.558] [main/DEBUG] [net.neoforged.fml.loading.moddiscovery.ModFileInfo/LOADING]: Found valid mod file com.enderio.enderio-conduits-7.1.8-alpha.jar with {enderio_conduits} mods - versions {7.1.8-alpha}
[22May2025 19:33:16.558] [main/DEBUG] [net.neoforged.fml.loading.moddiscovery.ModFile/LOADING]: Loading mod file  with languages [LanguageSpec[languageName=javafml, acceptedVersions=[4,)]]
[22May2025 19:33:16.558] [main/DEBUG] [net.neoforged.fml.loading.moddiscovery.ModFile/LOADING]: Found mixin config MixinConfig[config=enderioconduits.mixins.json, requiredMods=[]]
[22May2025 19:33:16.559] [main/DEBUG] [net.neoforged.fml.loading.moddiscovery.ModFileParser/LOADING]: Considering mod file candidate D:\Modding\Simple Incubator\run\mods\titanium-1.21-4.0.37.jar
[22May2025 19:33:16.559] [main/DEBUG] [net.neoforged.fml.loading.moddiscovery.ModFileInfo/LOADING]: Found valid mod file titanium-1.21-4.0.37.jar with {titanium} mods - versions {4.0.37}
[22May2025 19:33:16.559] [main/DEBUG] [net.neoforged.fml.loading.moddiscovery.ModFile/LOADING]: Loading mod file D:\Modding\Simple Incubator\run\mods\titanium-1.21-4.0.37.jar with languages [LanguageSpec[languageName=javafml, acceptedVersions=[1,)]]
[22May2025 19:33:16.559] [main/DEBUG] [net.neoforged.fml.loading.moddiscovery.ModFileParser/LOADING]: Considering mod file candidate D:\Modding\Simple Incubator\run\mods\sodium-extra-neoforge-0.6.0+mc1.21.1.jar
[22May2025 19:33:16.560] [main/DEBUG] [net.neoforged.fml.loading.moddiscovery.ModFileInfo/LOADING]: Found valid mod file sodium-extra-neoforge-0.6.0+mc1.21.1.jar with {sodium_extra} mods - versions {0.6.0+mc1.21.1}
[22May2025 19:33:16.560] [main/DEBUG] [net.neoforged.fml.loading.moddiscovery.ModFile/LOADING]: Loading mod file D:\Modding\Simple Incubator\run\mods\sodium-extra-neoforge-0.6.0+mc1.21.1.jar with languages [LanguageSpec[languageName=javafml, acceptedVersions=*]]
[22May2025 19:33:16.560] [main/DEBUG] [net.neoforged.fml.loading.moddiscovery.ModFile/LOADING]: Found mixin config MixinConfig[config=sodium-extra.mixins.json, requiredMods=[]]
[22May2025 19:33:16.560] [main/DEBUG] [net.neoforged.fml.loading.moddiscovery.ModFileParser/LOADING]: Considering mod file candidate D:\Modding\Simple Incubator\run\mods\Jade-1.21.1-NeoForge-15.9.2.jar
[22May2025 19:33:16.560] [main/DEBUG] [net.neoforged.fml.loading.moddiscovery.ModFileInfo/LOADING]: Found valid mod file Jade-1.21.1-NeoForge-15.9.2.jar with {jade} mods - versions {15.9.2+neoforge}
[22May2025 19:33:16.561] [main/DEBUG] [net.neoforged.fml.loading.moddiscovery.ModFile/LOADING]: Loading mod file D:\Modding\Simple Incubator\run\mods\Jade-1.21.1-NeoForge-15.9.2.jar with languages [LanguageSpec[languageName=javafml, acceptedVersions=[1,)]]
[22May2025 19:33:16.561] [main/DEBUG] [net.neoforged.fml.loading.moddiscovery.ModFile/LOADING]: Found mixin config MixinConfig[config=jade.mixins.json, requiredMods=[]]
[22May2025 19:33:16.561] [main/DEBUG] [net.neoforged.fml.loading.moddiscovery.ModFileParser/LOADING]: Considering mod file candidate D:\Modding\Simple Incubator\run\mods\Kleiders Custom Renderer API 7.2.0 1.21.1.jar
[22May2025 19:33:16.561] [main/DEBUG] [net.neoforged.fml.loading.moddiscovery.ModFileInfo/LOADING]: Found valid mod file Kleiders Custom Renderer API 7.2.0 1.21.1.jar with {kleiders_custom_renderer} mods - versions {7.2.0}
[22May2025 19:33:16.561] [main/DEBUG] [net.neoforged.fml.loading.moddiscovery.ModFile/LOADING]: Loading mod file D:\Modding\Simple Incubator\run\mods\Kleiders Custom Renderer API 7.2.0 1.21.1.jar with languages [LanguageSpec[languageName=javafml, acceptedVersions=[4,)]]
[22May2025 19:33:16.561] [main/DEBUG] [net.neoforged.fml.loading.moddiscovery.ModFile/LOADING]: Found mixin config MixinConfig[config=mixins.kleiders_custom_renderer.json, requiredMods=[]]
[22May2025 19:33:16.561] [main/DEBUG] [net.neoforged.fml.loading.moddiscovery.ModFileParser/LOADING]: Considering mod file candidate D:\Modding\Simple Incubator\run\mods\geckolib-neoforge-1.21.1-4.7.3.jar
[22May2025 19:33:16.562] [main/DEBUG] [net.neoforged.fml.loading.moddiscovery.ModFileInfo/LOADING]: Found valid mod file geckolib-neoforge-1.21.1-4.7.3.jar with {geckolib} mods - versions {4.7.3}
[22May2025 19:33:16.562] [main/DEBUG] [net.neoforged.fml.loading.moddiscovery.ModFile/LOADING]: Loading mod file D:\Modding\Simple Incubator\run\mods\geckolib-neoforge-1.21.1-4.7.3.jar with languages [LanguageSpec[languageName=javafml, acceptedVersions=[4,)]]
[22May2025 19:33:16.562] [main/DEBUG] [net.neoforged.fml.loading.moddiscovery.ModFile/LOADING]: Found mixin config MixinConfig[config=geckolib.mixins.json, requiredMods=[]]
[22May2025 19:33:16.562] [main/DEBUG] [net.neoforged.fml.loading.moddiscovery.ModFileParser/LOADING]: Considering mod file candidate D:\Modding\Simple Incubator\run\mods\player-animation-lib-forge-2.0.1+1.21.1.jar
[22May2025 19:33:16.562] [main/DEBUG] [net.neoforged.fml.loading.moddiscovery.ModFileInfo/LOADING]: Found valid mod file player-animation-lib-forge-2.0.1+1.21.1.jar with {playeranimator} mods - versions {2.0.1+1.21.1}
[22May2025 19:33:16.562] [main/DEBUG] [net.neoforged.fml.loading.moddiscovery.ModFile/LOADING]: Loading mod file D:\Modding\Simple Incubator\run\mods\player-animation-lib-forge-2.0.1+1.21.1.jar with languages [LanguageSpec[languageName=javafml, acceptedVersions=*]]
[22May2025 19:33:16.563] [main/DEBUG] [net.neoforged.fml.loading.moddiscovery.ModFile/LOADING]: Found mixin config MixinConfig[config=playerAnimator-common.mixins.json, requiredMods=[]]
[22May2025 19:33:16.563] [main/DEBUG] [net.neoforged.fml.loading.moddiscovery.ModFileParser/LOADING]: Considering mod file candidate 
[22May2025 19:33:16.563] [main/DEBUG] [net.neoforged.fml.loading.moddiscovery.ModFileInfo/LOADING]: Found valid mod file com.enderio.enderio-armory-7.1.8-alpha.jar with {enderio_armory} mods - versions {7.1.8-alpha}
[22May2025 19:33:16.563] [main/DEBUG] [net.neoforged.fml.loading.moddiscovery.ModFile/LOADING]: Loading mod file  with languages [LanguageSpec[languageName=javafml, acceptedVersions=[4,)]]
[22May2025 19:33:16.563] [main/DEBUG] [net.neoforged.fml.loading.moddiscovery.ModFileParser/LOADING]: Considering mod file candidate D:\Modding\Simple Incubator\run\mods\jei-1.21.1-neoforge-19.21.0.247.jar
[22May2025 19:33:16.564] [main/DEBUG] [net.neoforged.fml.loading.moddiscovery.ModFileInfo/LOADING]: Found valid mod file jei-1.21.1-neoforge-19.21.0.247.jar with {jei} mods - versions {19.21.0.247}
[22May2025 19:33:16.564] [main/DEBUG] [net.neoforged.fml.loading.moddiscovery.ModFile/LOADING]: Loading mod file D:\Modding\Simple Incubator\run\mods\jei-1.21.1-neoforge-19.21.0.247.jar with languages [LanguageSpec[languageName=javafml, acceptedVersions=[4,)]]
[22May2025 19:33:16.564] [main/DEBUG] [net.neoforged.fml.loading.moddiscovery.ModFileParser/LOADING]: Considering mod file candidate D:\Modding\Simple Incubator\run\mods\Pehkui-3.8.3+1.21-neoforge.jar
[22May2025 19:33:16.565] [main/DEBUG] [net.neoforged.fml.loading.moddiscovery.ModFileInfo/LOADING]: Found valid mod file Pehkui-3.8.3+1.21-neoforge.jar with {pehkui} mods - versions {3.8.3+1.21-neoforge}
[22May2025 19:33:16.565] [main/DEBUG] [net.neoforged.fml.loading.moddiscovery.ModFile/LOADING]: Loading mod file D:\Modding\Simple Incubator\run\mods\Pehkui-3.8.3+1.21-neoforge.jar with languages [LanguageSpec[languageName=javafml, acceptedVersions=[1,)]]
[22May2025 19:33:16.565] [main/DEBUG] [net.neoforged.fml.loading.moddiscovery.ModFile/LOADING]: Found mixin config MixinConfig[config=pehkui.mixins.json, requiredMods=[]]
[22May2025 19:33:16.565] [main/DEBUG] [net.neoforged.fml.loading.moddiscovery.ModFileParser/LOADING]: Considering mod file candidate 
[22May2025 19:33:16.566] [main/DEBUG] [net.neoforged.fml.loading.moddiscovery.ModFileInfo/LOADING]: Found valid mod file com.enderio.enderio-base-7.1.8-alpha.jar with {enderio_base} mods - versions {7.1.8-alpha}
[22May2025 19:33:16.566] [main/DEBUG] [net.neoforged.fml.loading.moddiscovery.ModFile/LOADING]: Loading mod file  with languages [LanguageSpec[languageName=javafml, acceptedVersions=[4,)]]
[22May2025 19:33:16.566] [main/DEBUG] [net.neoforged.fml.loading.moddiscovery.ModFile/LOADING]: Found mixin config MixinConfig[config=enderiobase.mixins.json, requiredMods=[]]
[22May2025 19:33:16.566] [main/DEBUG] [net.neoforged.fml.loading.moddiscovery.ModFileParser/LOADING]: Considering mod file candidate D:\Modding\Simple Incubator\run\mods\enderio-7.1.8-alpha.jar
[22May2025 19:33:16.566] [main/DEBUG] [net.neoforged.fml.loading.moddiscovery.ModFileInfo/LOADING]: Found valid mod file enderio-7.1.8-alpha.jar with {enderio} mods - versions {7.1.8-alpha}
[22May2025 19:33:16.567] [main/DEBUG] [net.neoforged.fml.loading.moddiscovery.ModFile/LOADING]: Loading mod file D:\Modding\Simple Incubator\run\mods\enderio-7.1.8-alpha.jar with languages [LanguageSpec[languageName=javafml, acceptedVersions=[4,)]]
[22May2025 19:33:16.567] [main/DEBUG] [net.neoforged.fml.loading.moddiscovery.ModFileParser/LOADING]: Considering mod file candidate D:\Modding\Simple Incubator\run\mods\Mekanism-1.21.1-10.7.7.64.jar
[22May2025 19:33:16.567] [main/DEBUG] [net.neoforged.fml.loading.moddiscovery.ModFileInfo/LOADING]: Found valid mod file Mekanism-1.21.1-10.7.7.64.jar with {mekanism} mods - versions {10.7.7}
[22May2025 19:33:16.567] [main/DEBUG] [net.neoforged.fml.loading.moddiscovery.ModFile/LOADING]: Loading mod file D:\Modding\Simple Incubator\run\mods\Mekanism-1.21.1-10.7.7.64.jar with languages [LanguageSpec[languageName=javafml, acceptedVersions=[4,)]]
[22May2025 19:33:16.567] [main/DEBUG] [net.neoforged.fml.loading.moddiscovery.ModFileParser/LOADING]: Considering mod file candidate 
[22May2025 19:33:16.568] [main/DEBUG] [net.neoforged.fml.loading.moddiscovery.ModFileInfo/LOADING]: Found valid mod file com.enderio.endercore-7.1.8-alpha.jar with {endercore} mods - versions {7.1.8-alpha}
[22May2025 19:33:16.568] [main/DEBUG] [net.neoforged.fml.loading.moddiscovery.ModFile/LOADING]: Loading mod file  with languages [LanguageSpec[languageName=javafml, acceptedVersions=[4,)]]
[22May2025 19:33:16.568] [main/DEBUG] [net.neoforged.fml.loading.moddiscovery.ModFileParser/LOADING]: Considering mod file candidate D:\Modding\Simple Incubator\build\moddev\artifacts\neoforge-21.1.172-minecraft.jar
[22May2025 19:33:16.569] [main/DEBUG] [net.neoforged.fml.loading.moddiscovery.ModFileInfo/LOADING]: Found valid mod file neoforge-21.1.172-minecraft.jar with {neoforge} mods - versions {21.1.172}
[22May2025 19:33:16.569] [main/DEBUG] [net.neoforged.fml.loading.moddiscovery.ModFile/LOADING]: Loading mod file D:\Modding\Simple Incubator\build\moddev\artifacts\neoforge-21.1.172-minecraft.jar with languages [LanguageSpec[languageName=javafml, acceptedVersions=[3,]]]
[22May2025 19:33:16.569] [main/DEBUG] [net.neoforged.fml.loading.moddiscovery.ModFile/LOADING]: Found mixin config MixinConfig[config=neoforge.mixins.json, requiredMods=[]]
[22May2025 19:33:16.569] [main/DEBUG] [net.neoforged.fml.loading.moddiscovery.ModFileParser/LOADING]: Considering mod file candidate 
[22May2025 19:33:16.569] [main/DEBUG] [net.neoforged.fml.loading.moddiscovery.ModFileInfo/LOADING]: Found valid mod file fabric-block-view-api-v2-1.0.10+9afaaf8c19.jar with {fabric_block_view_api_v2} mods - versions {1.0.10+9afaaf8c19}
[22May2025 19:33:16.569] [main/DEBUG] [net.neoforged.fml.loading.moddiscovery.ModFile/LOADING]: Loading mod file  with languages [LanguageSpec[languageName=javafml, acceptedVersions=[1,)]]
[22May2025 19:33:16.569] [main/DEBUG] [net.neoforged.fml.loading.moddiscovery.ModFile/LOADING]: Found mixin config MixinConfig[config=fabric-block-view-api-v2.mixins.json, requiredMods=[]]
[22May2025 19:33:16.569] [main/DEBUG] [net.neoforged.fml.loading.moddiscovery.ModFile/LOADING]: Found mixin config MixinConfig[config=fabric-block-view-api-v2.client.mixins.json, requiredMods=[]]
[22May2025 19:33:16.570] [main/DEBUG] [net.neoforged.fml.loading.moddiscovery.ModFileParser/LOADING]: Considering mod file candidate D:\Modding\Simple Incubator\run\mods\iris-neoforge-1.8.6+mc1.21.1.jar
[22May2025 19:33:16.570] [main/DEBUG] [net.neoforged.fml.loading.moddiscovery.ModFileInfo/LOADING]: Found valid mod file iris-neoforge-1.8.6+mc1.21.1.jar with {iris} mods - versions {1.8.6+mc1.21.1}
[22May2025 19:33:16.570] [main/DEBUG] [net.neoforged.fml.loading.moddiscovery.ModFile/LOADING]: Loading mod file D:\Modding\Simple Incubator\run\mods\iris-neoforge-1.8.6+mc1.21.1.jar with languages [LanguageSpec[languageName=javafml, acceptedVersions=*]]
[22May2025 19:33:16.570] [main/DEBUG] [net.neoforged.fml.loading.moddiscovery.ModFile/LOADING]: Found mixin config MixinConfig[config=mixins.iris.json, requiredMods=[]]
[22May2025 19:33:16.570] [main/DEBUG] [net.neoforged.fml.loading.moddiscovery.ModFile/LOADING]: Found mixin config MixinConfig[config=mixins.iris.fantastic.json, requiredMods=[]]
[22May2025 19:33:16.570] [main/DEBUG] [net.neoforged.fml.loading.moddiscovery.ModFile/LOADING]: Found mixin config MixinConfig[config=mixins.iris.vertexformat.json, requiredMods=[]]
[22May2025 19:33:16.570] [main/DEBUG] [net.neoforged.fml.loading.moddiscovery.ModFile/LOADING]: Found mixin config MixinConfig[config=iris-batched-entity-rendering.mixins.json, requiredMods=[]]
[22May2025 19:33:16.571] [main/DEBUG] [net.neoforged.fml.loading.moddiscovery.ModFile/LOADING]: Found mixin config MixinConfig[config=mixins.iris.compat.sodium.json, requiredMods=[]]
[22May2025 19:33:16.571] [main/DEBUG] [net.neoforged.fml.loading.moddiscovery.ModFile/LOADING]: Found mixin config MixinConfig[config=mixins.iris.compat.dh.json, requiredMods=[]]
[22May2025 19:33:16.571] [main/DEBUG] [net.neoforged.fml.loading.moddiscovery.ModFile/LOADING]: Found mixin config MixinConfig[config=mixins.iris.forge.json, requiredMods=[]]
[22May2025 19:33:16.571] [main/DEBUG] [net.neoforged.fml.loading.moddiscovery.ModFileParser/LOADING]: Considering mod file candidate 
[22May2025 19:33:16.571] [main/DEBUG] [net.neoforged.fml.loading.moddiscovery.ModFileInfo/LOADING]: Found valid mod file com.enderio.enderio-conduits-modded-7.1.8-alpha.jar with {enderio_conduits_modded} mods - versions {7.1.8-alpha}
[22May2025 19:33:16.571] [main/DEBUG] [net.neoforged.fml.loading.moddiscovery.ModFile/LOADING]: Loading mod file  with languages [LanguageSpec[languageName=javafml, acceptedVersions=[4,)]]
[22May2025 19:33:16.571] [main/DEBUG] [net.neoforged.fml.loading.moddiscovery.ModFileParser/LOADING]: Considering mod file candidate D:\Modding\Simple Incubator\run\mods\MekanismGenerators-1.21.1-10.7.7.64.jar
[22May2025 19:33:16.572] [main/DEBUG] [net.neoforged.fml.loading.moddiscovery.ModFileInfo/LOADING]: Found valid mod file MekanismGenerators-1.21.1-10.7.7.64.jar with {mekanismgenerators} mods - versions {10.7.7}
[22May2025 19:33:16.572] [main/DEBUG] [net.neoforged.fml.loading.moddiscovery.ModFile/LOADING]: Loading mod file D:\Modding\Simple Incubator\run\mods\MekanismGenerators-1.21.1-10.7.7.64.jar with languages [LanguageSpec[languageName=javafml, acceptedVersions=[4,)]]
[22May2025 19:33:16.572] [main/DEBUG] [net.neoforged.fml.loading.moddiscovery.ModFileParser/LOADING]: Considering mod file candidate 
[22May2025 19:33:16.572] [main/DEBUG] [net.neoforged.fml.loading.moddiscovery.ModFileInfo/LOADING]: Found valid mod file fabric-rendering-data-attachment-v1-0.3.48+73761d2e19.jar with {fabric_rendering_data_attachment_v1} mods - versions {0.3.48+73761d2e19}
[22May2025 19:33:16.572] [main/DEBUG] [net.neoforged.fml.loading.moddiscovery.ModFile/LOADING]: Loading mod file  with languages [LanguageSpec[languageName=javafml, acceptedVersions=[1,)]]
[22May2025 19:33:16.572] [main/DEBUG] [net.neoforged.fml.loading.moddiscovery.ModFile/LOADING]: Found mixin config MixinConfig[config=fabric-rendering-data-attachment-v1.mixins.json, requiredMods=[]]
[22May2025 19:33:16.573] [main/DEBUG] [net.neoforged.fml.loading.moddiscovery.ModFile/LOADING]: Found mixin config MixinConfig[config=fabric-rendering-data-attachment-v1.client.mixins.json, requiredMods=[]]
[22May2025 19:33:16.573] [main/DEBUG] [net.neoforged.fml.loading.moddiscovery.ModFileParser/LOADING]: Considering mod file candidate D:\Modding\Simple Incubator\run\mods\sodium-neoforge-0.6.1+mc1.21.1.jar
[22May2025 19:33:16.573] [main/DEBUG] [net.neoforged.fml.loading.moddiscovery.ModFileInfo/LOADING]: Found valid mod file sodium-neoforge-0.6.1+mc1.21.1.jar with {sodium} mods - versions {0.6.1+mc1.21.1}
[22May2025 19:33:16.573] [main/DEBUG] [net.neoforged.fml.loading.moddiscovery.ModFile/LOADING]: Loading mod file D:\Modding\Simple Incubator\run\mods\sodium-neoforge-0.6.1+mc1.21.1.jar with languages [LanguageSpec[languageName=javafml, acceptedVersions=*]]
[22May2025 19:33:16.573] [main/DEBUG] [net.neoforged.fml.loading.moddiscovery.ModFile/LOADING]: Found mixin config MixinConfig[config=sodium-common.mixins.json, requiredMods=[]]
[22May2025 19:33:16.573] [main/DEBUG] [net.neoforged.fml.loading.moddiscovery.ModFile/LOADING]: Found mixin config MixinConfig[config=sodium-neoforge.mixins.json, requiredMods=[]]
[22May2025 19:33:16.573] [main/DEBUG] [net.neoforged.fml.loading.moddiscovery.ModFileParser/LOADING]: Considering mod file candidate D:\Modding\Simple Incubator\run\mods\justdirethings-1.5.5.jar
[22May2025 19:33:16.574] [main/DEBUG] [net.neoforged.fml.loading.moddiscovery.ModFileInfo/LOADING]: Found valid mod file justdirethings-1.5.5.jar with {justdirethings} mods - versions {1.5.5}
[22May2025 19:33:16.574] [main/DEBUG] [net.neoforged.fml.loading.moddiscovery.ModFile/LOADING]: Loading mod file D:\Modding\Simple Incubator\run\mods\justdirethings-1.5.5.jar with languages [LanguageSpec[languageName=javafml, acceptedVersions=[2,)]]
[22May2025 19:33:16.574] [main/DEBUG] [net.neoforged.fml.loading.moddiscovery.ModFile/LOADING]: Found mixin config MixinConfig[config=mixins.justdirethings.json, requiredMods=[]]
[22May2025 19:33:16.574] [main/DEBUG] [net.neoforged.fml.loading.moddiscovery.ModFileParser/LOADING]: Considering mod file candidate 
[22May2025 19:33:16.575] [main/DEBUG] [net.neoforged.fml.loading.moddiscovery.ModFileInfo/LOADING]: Found valid mod file com.enderio.enderio-machines-7.1.8-alpha.jar with {enderio_machines} mods - versions {7.1.8-alpha}
[22May2025 19:33:16.575] [main/DEBUG] [net.neoforged.fml.loading.moddiscovery.ModFile/LOADING]: Loading mod file  with languages [LanguageSpec[languageName=javafml, acceptedVersions=[4,)]]
[22May2025 19:33:16.575] [main/DEBUG] [net.neoforged.fml.loading.moddiscovery.ModFile/LOADING]: Found mixin config MixinConfig[config=enderio-machines.mixins.json, requiredMods=[]]
[22May2025 19:33:16.575] [main/DEBUG] [net.neoforged.fml.loading.moddiscovery.ModFileParser/LOADING]: Considering mod file candidate D:\Modding\Simple Incubator\build\classes\java\main
[22May2025 19:33:16.576] [main/DEBUG] [net.neoforged.fml.loading.moddiscovery.ModFileInfo/LOADING]: Found valid mod file main with {simple_incubator} mods - versions {1.1}
[22May2025 19:33:16.576] [main/DEBUG] [net.neoforged.fml.loading.moddiscovery.ModFile/LOADING]: Loading mod file D:\Modding\Simple Incubator\build\classes\java\main with languages [LanguageSpec[languageName=javafml, acceptedVersions=[4,)]]
[22May2025 19:33:16.576] [main/DEBUG] [net.neoforged.fml.loading.moddiscovery.ModFile/LOADING]: Found mixin config MixinConfig[config=mixins.simple_incubator.json, requiredMods=[]]
[22May2025 19:33:16.576] [main/DEBUG] [net.neoforged.fml.loading.moddiscovery.ModFileParser/LOADING]: Considering mod file candidate D:\Modding\Simple Incubator\run\mods\BetterAdvancements-NeoForge-1.21.1-0.4.3.21.jar
[22May2025 19:33:16.577] [main/DEBUG] [net.neoforged.fml.loading.moddiscovery.ModFileInfo/LOADING]: Found valid mod file BetterAdvancements-NeoForge-1.21.1-0.4.3.21.jar with {betteradvancements} mods - versions {0.4.3.21}
[22May2025 19:33:16.577] [main/DEBUG] [net.neoforged.fml.loading.moddiscovery.ModFile/LOADING]: Loading mod file D:\Modding\Simple Incubator\run\mods\BetterAdvancements-NeoForge-1.21.1-0.4.3.21.jar with languages [LanguageSpec[languageName=javafml, acceptedVersions=[4,)]]
[22May2025 19:33:16.577] [main/DEBUG] [net.neoforged.fml.loading.moddiscovery.ModFile/LOADING]: Loading mod file  with languages []
[22May2025 19:33:16.577] [main/DEBUG] [net.neoforged.fml.loading.moddiscovery.ModFile/LOADING]: Loading mod file  with languages []
[22May2025 19:33:16.577] [main/DEBUG] [net.neoforged.fml.loading.moddiscovery.ModFile/LOADING]: Loading mod file  with languages []
[22May2025 19:33:16.579] [main/DEBUG] [cpw.mods.modlauncher.TransformationServiceDecorator/MODLAUNCHER]: End scan trigger - transformation service fml
[22May2025 19:33:16.599] [main/DEBUG] [net.neoforged.fml.util.ServiceLoaderUtil/CORE]: Found 3 implementations of IModLanguageLoader:
[22May2025 19:33:16.599] [main/DEBUG] [net.neoforged.fml.util.ServiceLoaderUtil/CORE]: 	net.neoforged.fml.javafmlmod.FMLJavaModLanguageProvider from loader-4.0.39.jar
[22May2025 19:33:16.599] [main/DEBUG] [net.neoforged.fml.util.ServiceLoaderUtil/CORE]: 	net.neoforged.fml.lowcodemod.LowCodeModLanguageProvider from loader-4.0.39.jar
[22May2025 19:33:16.599] [main/DEBUG] [net.neoforged.fml.util.ServiceLoaderUtil/CORE]: 	net.neoforged.fml.mclanguageprovider.MinecraftModLanguageProvider from loader-4.0.39.jar
[22May2025 19:33:16.600] [main/DEBUG] [net.neoforged.fml.loading.LanguageProviderLoader/CORE]: Found language provider javafml, version 4.0.39
[22May2025 19:33:16.600] [main/DEBUG] [net.neoforged.fml.loading.LanguageProviderLoader/CORE]: Found language provider lowcodefml, version 4.0.39
[22May2025 19:33:16.601] [main/DEBUG] [net.neoforged.fml.loading.LanguageProviderLoader/CORE]: Found language provider minecraft, version 4.0.39
[22May2025 19:33:16.605] [main/DEBUG] [net.neoforged.fml.loading.ModSorter/]: Configured system mods: [minecraft, neoforge]
[22May2025 19:33:16.606] [main/DEBUG] [net.neoforged.fml.loading.ModSorter/]: Found system mod: minecraft
[22May2025 19:33:16.606] [main/DEBUG] [net.neoforged.fml.loading.ModSorter/]: Found system mod: neoforge
[22May2025 19:33:16.611] [main/DEBUG] [net.neoforged.fml.loading.ModSorter/LOADING]: Found 71 mod requirements (58 mandatory, 13 optional)
[22May2025 19:33:16.613] [main/DEBUG] [net.neoforged.fml.loading.ModSorter/LOADING]: Found 0 mod requirements missing (0 mandatory, 0 optional)
[22May2025 19:33:16.748] [main/DEBUG] [mixin/]: Adding mixin platform agents for container net.neoforged.fml.loading.mixin.FMLMixinContainerHandle@4096aa05
[22May2025 19:33:16.748] [main/DEBUG] [mixin/]: Instancing new MixinPlatformAgentMinecraftForge for net.neoforged.fml.loading.mixin.FMLMixinContainerHandle@4096aa05
[22May2025 19:33:16.748] [main/DEBUG] [mixin/]: MixinPlatformAgentMinecraftForge rejected container net.neoforged.fml.loading.mixin.FMLMixinContainerHandle@4096aa05
[22May2025 19:33:16.749] [main/DEBUG] [mixin/]: Instancing new MixinPlatformAgentDefault for net.neoforged.fml.loading.mixin.FMLMixinContainerHandle@4096aa05
[22May2025 19:33:16.749] [main/DEBUG] [mixin/]: MixinPlatformAgentDefault accepted container net.neoforged.fml.loading.mixin.FMLMixinContainerHandle@4096aa05
[22May2025 19:33:16.749] [main/DEBUG] [mixin/]: Instancing new FMLMixinPlatformAgent for net.neoforged.fml.loading.mixin.FMLMixinContainerHandle@4096aa05
[22May2025 19:33:16.749] [main/DEBUG] [mixin/]: FMLMixinPlatformAgent accepted container net.neoforged.fml.loading.mixin.FMLMixinContainerHandle@4096aa05
[22May2025 19:33:16.780] [main/DEBUG] [cpw.mods.modlauncher.TransformationServicesHandler/MODLAUNCHER]: Transformation services loading transformers
[22May2025 19:33:16.782] [main/DEBUG] [cpw.mods.modlauncher.TransformationServiceDecorator/MODLAUNCHER]: Initializing transformers for transformation service mixin
[22May2025 19:33:16.784] [main/DEBUG] [cpw.mods.modlauncher.TransformationServiceDecorator/MODLAUNCHER]: Initialized transformers for transformation service mixin
[22May2025 19:33:16.784] [main/DEBUG] [cpw.mods.modlauncher.TransformationServiceDecorator/MODLAUNCHER]: Initializing transformers for transformation service fml
[22May2025 19:33:16.784] [main/DEBUG] [net.neoforged.fml.loading.FMLServiceProvider/LOADING]: Loading coremod transformers
[22May2025 19:33:16.785] [main/DEBUG] [net.neoforged.fml.loading.FMLServiceProvider/CORE]: Not loading coremod script-engine since no mod requested it
[22May2025 19:33:16.787] [main/DEBUG] [net.neoforged.fml.util.ServiceLoaderUtil/CORE]: Found 1 implementations of ICoreMod:
[22May2025 19:33:16.787] [main/DEBUG] [net.neoforged.fml.util.ServiceLoaderUtil/CORE]: 	net.neoforged.neoforge.coremods.NeoForgeCoreMod from neoforge-21.1.172-minecraft.jar > net.neoforged.neoforge-coremods-21.1.172.jar
[22May2025 19:33:16.828] [main/DEBUG] [net.neoforged.fml.loading.FMLServiceProvider/CORE]: Adding [Target[className=net.minecraft.world.level.biome.Biome, elementName=, elementDescriptor=, targetType=cpw.mods.modlauncher.api.TargetType@2b5825fa]] transformer from core-mod net.neoforged.neoforge.coremods.NeoForgeCoreMod@3672276e in neoforge-21.1.172-minecraft.jar > net.neoforged.neoforge-coremods-21.1.172.jar
[22May2025 19:33:16.829] [main/DEBUG] [net.neoforged.fml.loading.FMLServiceProvider/CORE]: Adding [Target[className=net.minecraft.world.level.levelgen.structure.Structure, elementName=, elementDescriptor=, targetType=cpw.mods.modlauncher.api.TargetType@2b5825fa]] transformer from core-mod net.neoforged.neoforge.coremods.NeoForgeCoreMod@3672276e in neoforge-21.1.172-minecraft.jar > net.neoforged.neoforge-coremods-21.1.172.jar
[22May2025 19:33:16.831] [main/DEBUG] [net.neoforged.fml.loading.FMLServiceProvider/CORE]: Adding [Target[className=net.minecraft.world.level.block.FlowerPotBlock, elementName=, elementDescriptor=, targetType=cpw.mods.modlauncher.api.TargetType@2b5825fa]] transformer from core-mod net.neoforged.neoforge.coremods.NeoForgeCoreMod@3672276e in neoforge-21.1.172-minecraft.jar > net.neoforged.neoforge-coremods-21.1.172.jar
[22May2025 19:33:16.832] [main/DEBUG] [net.neoforged.fml.loading.FMLServiceProvider/CORE]: Adding [Target[className=net/minecraft/server/commands/RaidCommand, elementName=, elementDescriptor=, targetType=cpw.mods.modlauncher.api.TargetType@2b5825fa], Target[className=net/minecraft/world/level/levelgen/PatrolSpawner, elementName=, elementDescriptor=, targetType=cpw.mods.modlauncher.api.TargetType@2b5825fa], Target[className=net/minecraft/world/level/NaturalSpawner, elementName=, elementDescriptor=, targetType=cpw.mods.modlauncher.api.TargetType@2b5825fa], Target[className=net/minecraft/world/level/levelgen/structure/structures/WoodlandMansionPieces$WoodlandMansionPiece, elementName=, elementDescriptor=, targetType=cpw.mods.modlauncher.api.TargetType@2b5825fa], Target[className=net/minecraft/server/commands/SummonCommand, elementName=, elementDescriptor=, targetType=cpw.mods.modlauncher.api.TargetType@2b5825fa], Target[className=net/minecraft/world/entity/animal/horse/SkeletonTrapGoal, elementName=, elementDescriptor=, targetType=cpw.mods.modlauncher.api.TargetType@2b5825fa], Target[className=net/minecraft/world/entity/npc/CatSpawner, elementName=, elementDescriptor=, targetType=cpw.mods.modlauncher.api.TargetType@2b5825fa], Target[className=net/minecraft/world/level/levelgen/structure/templatesystem/StructureTemplate, elementName=, elementDescriptor=, targetType=cpw.mods.modlauncher.api.TargetType@2b5825fa], Target[className=net/minecraft/world/entity/monster/Strider, elementName=, elementDescriptor=, targetType=cpw.mods.modlauncher.api.TargetType@2b5825fa], Target[className=net/minecraft/world/entity/ai/village/VillageSiege, elementName=, elementDescriptor=, targetType=cpw.mods.modlauncher.api.TargetType@2b5825fa], Target[className=net/minecraft/world/entity/monster/Evoker$EvokerSummonSpellGoal, elementName=, elementDescriptor=, targetType=cpw.mods.modlauncher.api.TargetType@2b5825fa], Target[className=net/minecraft/world/entity/npc/Villager, elementName=, elementDescriptor=, targetType=cpw.mods.modlauncher.api.TargetType@2b5825fa], Target[className=net/minecraft/world/level/levelgen/structure/structures/OceanRuinPieces$OceanRuinPiece, elementName=, elementDescriptor=, targetType=cpw.mods.modlauncher.api.TargetType@2b5825fa], Target[className=net/minecraft/world/entity/monster/Zombie, elementName=, elementDescriptor=, targetType=cpw.mods.modlauncher.api.TargetType@2b5825fa], Target[className=net/minecraft/world/entity/EntityType, elementName=, elementDescriptor=, targetType=cpw.mods.modlauncher.api.TargetType@2b5825fa], Target[className=net/minecraft/world/entity/monster/Spider, elementName=, elementDescriptor=, targetType=cpw.mods.modlauncher.api.TargetType@2b5825fa], Target[className=net/minecraft/world/entity/raid/Raid, elementName=, elementDescriptor=, targetType=cpw.mods.modlauncher.api.TargetType@2b5825fa], Target[className=net/minecraft/world/level/levelgen/PhantomSpawner, elementName=, elementDescriptor=, targetType=cpw.mods.modlauncher.api.TargetType@2b5825fa], Target[className=net/minecraft/world/level/levelgen/structure/structures/SwampHutPiece, elementName=, elementDescriptor=, targetType=cpw.mods.modlauncher.api.TargetType@2b5825fa], Target[className=net/minecraft/world/entity/animal/frog/Tadpole, elementName=, elementDescriptor=, targetType=cpw.mods.modlauncher.api.TargetType@2b5825fa], Target[className=net/minecraft/world/level/levelgen/structure/structures/OceanMonumentPieces$OceanMonumentPiece, elementName=, elementDescriptor=, targetType=cpw.mods.modlauncher.api.TargetType@2b5825fa], Target[className=net/minecraft/world/entity/monster/ZombieVillager, elementName=, elementDescriptor=, targetType=cpw.mods.modlauncher.api.TargetType@2b5825fa]] transformer from core-mod net.neoforged.neoforge.coremods.NeoForgeCoreMod@3672276e in neoforge-21.1.172-minecraft.jar > net.neoforged.neoforge-coremods-21.1.172.jar
[22May2025 19:33:16.875] [main/DEBUG] [cpw.mods.modlauncher.TransformStore/MODLAUNCHER]: Adding transformer net.neoforged.neoforge.coremods.ReplaceFieldWithGetterAccess@37d871c2 to Target : cpw.mods.modlauncher.api.TargetType@2b5825fa {Lnet/minecraft/world/level/biome/Biome;} {} {V}
[22May2025 19:33:16.903] [main/DEBUG] [cpw.mods.modlauncher.TransformStore/MODLAUNCHER]: Adding transformer net.neoforged.neoforge.coremods.ReplaceFieldWithGetterAccess@2b59501e to Target : cpw.mods.modlauncher.api.TargetType@2b5825fa {Lnet/minecraft/world/level/levelgen/structure/Structure;} {} {V}
[22May2025 19:33:16.906] [main/DEBUG] [cpw.mods.modlauncher.TransformStore/MODLAUNCHER]: Adding transformer net.neoforged.neoforge.coremods.ReplaceFieldWithGetterAccess@476e8796 to Target : cpw.mods.modlauncher.api.TargetType@2b5825fa {Lnet/minecraft/world/level/block/FlowerPotBlock;} {} {V}
[22May2025 19:33:16.907] [main/DEBUG] [cpw.mods.modlauncher.TransformStore/MODLAUNCHER]: Adding transformer net.neoforged.neoforge.coremods.MethodRedirector@4eed2acf to Target : cpw.mods.modlauncher.api.TargetType@2b5825fa {Lnet/minecraft/server/commands/RaidCommand;} {} {V}
[22May2025 19:33:16.908] [main/DEBUG] [cpw.mods.modlauncher.TransformStore/MODLAUNCHER]: Adding transformer net.neoforged.neoforge.coremods.MethodRedirector@4eed2acf to Target : cpw.mods.modlauncher.api.TargetType@2b5825fa {Lnet/minecraft/world/level/levelgen/PatrolSpawner;} {} {V}
[22May2025 19:33:16.908] [main/DEBUG] [cpw.mods.modlauncher.TransformStore/MODLAUNCHER]: Adding transformer net.neoforged.neoforge.coremods.MethodRedirector@4eed2acf to Target : cpw.mods.modlauncher.api.TargetType@2b5825fa {Lnet/minecraft/world/level/NaturalSpawner;} {} {V}
[22May2025 19:33:16.909] [main/DEBUG] [cpw.mods.modlauncher.TransformStore/MODLAUNCHER]: Adding transformer net.neoforged.neoforge.coremods.MethodRedirector@4eed2acf to Target : cpw.mods.modlauncher.api.TargetType@2b5825fa {Lnet/minecraft/world/level/levelgen/structure/structures/WoodlandMansionPieces$WoodlandMansionPiece;} {} {V}
[22May2025 19:33:16.909] [main/DEBUG] [cpw.mods.modlauncher.TransformStore/MODLAUNCHER]: Adding transformer net.neoforged.neoforge.coremods.MethodRedirector@4eed2acf to Target : cpw.mods.modlauncher.api.TargetType@2b5825fa {Lnet/minecraft/server/commands/SummonCommand;} {} {V}
[22May2025 19:33:16.910] [main/DEBUG] [cpw.mods.modlauncher.TransformStore/MODLAUNCHER]: Adding transformer net.neoforged.neoforge.coremods.MethodRedirector@4eed2acf to Target : cpw.mods.modlauncher.api.TargetType@2b5825fa {Lnet/minecraft/world/entity/animal/horse/SkeletonTrapGoal;} {} {V}
[22May2025 19:33:16.910] [main/DEBUG] [cpw.mods.modlauncher.TransformStore/MODLAUNCHER]: Adding transformer net.neoforged.neoforge.coremods.MethodRedirector@4eed2acf to Target : cpw.mods.modlauncher.api.TargetType@2b5825fa {Lnet/minecraft/world/entity/npc/CatSpawner;} {} {V}
[22May2025 19:33:16.910] [main/DEBUG] [cpw.mods.modlauncher.TransformStore/MODLAUNCHER]: Adding transformer net.neoforged.neoforge.coremods.MethodRedirector@4eed2acf to Target : cpw.mods.modlauncher.api.TargetType@2b5825fa {Lnet/minecraft/world/level/levelgen/structure/templatesystem/StructureTemplate;} {} {V}
[22May2025 19:33:16.910] [main/DEBUG] [cpw.mods.modlauncher.TransformStore/MODLAUNCHER]: Adding transformer net.neoforged.neoforge.coremods.MethodRedirector@4eed2acf to Target : cpw.mods.modlauncher.api.TargetType@2b5825fa {Lnet/minecraft/world/entity/monster/Strider;} {} {V}
[22May2025 19:33:16.910] [main/DEBUG] [cpw.mods.modlauncher.TransformStore/MODLAUNCHER]: Adding transformer net.neoforged.neoforge.coremods.MethodRedirector@4eed2acf to Target : cpw.mods.modlauncher.api.TargetType@2b5825fa {Lnet/minecraft/world/entity/ai/village/VillageSiege;} {} {V}
[22May2025 19:33:16.911] [main/DEBUG] [cpw.mods.modlauncher.TransformStore/MODLAUNCHER]: Adding transformer net.neoforged.neoforge.coremods.MethodRedirector@4eed2acf to Target : cpw.mods.modlauncher.api.TargetType@2b5825fa {Lnet/minecraft/world/entity/monster/Evoker$EvokerSummonSpellGoal;} {} {V}
[22May2025 19:33:16.911] [main/DEBUG] [cpw.mods.modlauncher.TransformStore/MODLAUNCHER]: Adding transformer net.neoforged.neoforge.coremods.MethodRedirector@4eed2acf to Target : cpw.mods.modlauncher.api.TargetType@2b5825fa {Lnet/minecraft/world/entity/npc/Villager;} {} {V}
[22May2025 19:33:16.911] [main/DEBUG] [cpw.mods.modlauncher.TransformStore/MODLAUNCHER]: Adding transformer net.neoforged.neoforge.coremods.MethodRedirector@4eed2acf to Target : cpw.mods.modlauncher.api.TargetType@2b5825fa {Lnet/minecraft/world/level/levelgen/structure/structures/OceanRuinPieces$OceanRuinPiece;} {} {V}
[22May2025 19:33:16.912] [main/DEBUG] [cpw.mods.modlauncher.TransformStore/MODLAUNCHER]: Adding transformer net.neoforged.neoforge.coremods.MethodRedirector@4eed2acf to Target : cpw.mods.modlauncher.api.TargetType@2b5825fa {Lnet/minecraft/world/entity/monster/Zombie;} {} {V}
[22May2025 19:33:16.912] [main/DEBUG] [cpw.mods.modlauncher.TransformStore/MODLAUNCHER]: Adding transformer net.neoforged.neoforge.coremods.MethodRedirector@4eed2acf to Target : cpw.mods.modlauncher.api.TargetType@2b5825fa {Lnet/minecraft/world/entity/EntityType;} {} {V}
[22May2025 19:33:16.912] [main/DEBUG] [cpw.mods.modlauncher.TransformStore/MODLAUNCHER]: Adding transformer net.neoforged.neoforge.coremods.MethodRedirector@4eed2acf to Target : cpw.mods.modlauncher.api.TargetType@2b5825fa {Lnet/minecraft/world/entity/monster/Spider;} {} {V}
[22May2025 19:33:16.912] [main/DEBUG] [cpw.mods.modlauncher.TransformStore/MODLAUNCHER]: Adding transformer net.neoforged.neoforge.coremods.MethodRedirector@4eed2acf to Target : cpw.mods.modlauncher.api.TargetType@2b5825fa {Lnet/minecraft/world/entity/raid/Raid;} {} {V}
[22May2025 19:33:16.912] [main/DEBUG] [cpw.mods.modlauncher.TransformStore/MODLAUNCHER]: Adding transformer net.neoforged.neoforge.coremods.MethodRedirector@4eed2acf to Target : cpw.mods.modlauncher.api.TargetType@2b5825fa {Lnet/minecraft/world/level/levelgen/PhantomSpawner;} {} {V}
[22May2025 19:33:16.913] [main/DEBUG] [cpw.mods.modlauncher.TransformStore/MODLAUNCHER]: Adding transformer net.neoforged.neoforge.coremods.MethodRedirector@4eed2acf to Target : cpw.mods.modlauncher.api.TargetType@2b5825fa {Lnet/minecraft/world/level/levelgen/structure/structures/SwampHutPiece;} {} {V}
[22May2025 19:33:16.913] [main/DEBUG] [cpw.mods.modlauncher.TransformStore/MODLAUNCHER]: Adding transformer net.neoforged.neoforge.coremods.MethodRedirector@4eed2acf to Target : cpw.mods.modlauncher.api.TargetType@2b5825fa {Lnet/minecraft/world/entity/animal/frog/Tadpole;} {} {V}
[22May2025 19:33:16.913] [main/DEBUG] [cpw.mods.modlauncher.TransformStore/MODLAUNCHER]: Adding transformer net.neoforged.neoforge.coremods.MethodRedirector@4eed2acf to Target : cpw.mods.modlauncher.api.TargetType@2b5825fa {Lnet/minecraft/world/level/levelgen/structure/structures/OceanMonumentPieces$OceanMonumentPiece;} {} {V}
[22May2025 19:33:16.913] [main/DEBUG] [cpw.mods.modlauncher.TransformStore/MODLAUNCHER]: Adding transformer net.neoforged.neoforge.coremods.MethodRedirector@4eed2acf to Target : cpw.mods.modlauncher.api.TargetType@2b5825fa {Lnet/minecraft/world/entity/monster/ZombieVillager;} {} {V}
[22May2025 19:33:16.913] [main/DEBUG] [cpw.mods.modlauncher.TransformationServiceDecorator/MODLAUNCHER]: Initialized transformers for transformation service fml
[22May2025 19:33:17.677] [main/DEBUG] [mixin/]: Processing prepare() for PlatformAgent[MixinPlatformAgentDefault:ModLauncher Root Container(ModLauncher:4f56a0a2)]
[22May2025 19:33:17.677] [main/DEBUG] [mixin/]: Processing prepare() for PlatformAgent[MixinPlatformAgentDefault:net.neoforged.fml.loading.mixin.FMLMixinContainerHandle@4096aa05]
[22May2025 19:33:17.677] [main/DEBUG] [mixin/]: Processing prepare() for PlatformAgent[FMLMixinPlatformAgent:null]
[22May2025 19:33:17.764] [main/DEBUG] [mixin/]: Compatibility level JAVA_21 specified by META-INF/industrialforegoing.mixins.json is higher than the maximum level supported by this version of mixin (JAVA_13).
[22May2025 19:33:17.770] [main/INFO] [mixin/]: Compatibility level set to JAVA_21
[22May2025 19:33:17.772] [main/DEBUG] [mixin/]: Mixin config fabric-renderer-api-v1.mixins.json does not specify "minVersion" or "requiredFeatures" property
[22May2025 19:33:17.773] [main/DEBUG] [mixin/]: Compatibility level JAVA_17 specified by fabric-renderer-api-v1.debughud.mixins.json is higher than the maximum level supported by this version of mixin (JAVA_13).
[22May2025 19:33:17.774] [main/DEBUG] [mixin/]: Mixin config fabric-renderer-api-v1.debughud.mixins.json does not specify "minVersion" or "requiredFeatures" property
[22May2025 19:33:17.774] [main/DEBUG] [mixin/]: Compatibility level JAVA_17 specified by enderioconduits.mixins.json is higher than the maximum level supported by this version of mixin (JAVA_13).
[22May2025 19:33:17.776] [main/DEBUG] [mixin/]: Compatibility level JAVA_17 specified by sodium-extra.mixins.json is higher than the maximum level supported by this version of mixin (JAVA_13).
[22May2025 19:33:17.777] [main/DEBUG] [mixin/]: Compatibility level JAVA_16 specified by jade.mixins.json is higher than the maximum level supported by this version of mixin (JAVA_13).
[22May2025 19:33:17.779] [main/DEBUG] [mixin/]: Compatibility level JAVA_17 specified by geckolib.mixins.json is higher than the maximum level supported by this version of mixin (JAVA_13).
[22May2025 19:33:17.782] [main/DEBUG] [mixin/]: Compatibility level JAVA_17 specified by pehkui.mixins.json is higher than the maximum level supported by this version of mixin (JAVA_13).
[22May2025 19:33:17.783] [main/DEBUG] [mixin/]: Compatibility level JAVA_17 specified by enderiobase.mixins.json is higher than the maximum level supported by this version of mixin (JAVA_13).
[22May2025 19:33:17.786] [main/DEBUG] [mixin/]: Compatibility level JAVA_17 specified by fabric-block-view-api-v2.mixins.json is higher than the maximum level supported by this version of mixin (JAVA_13).
[22May2025 19:33:17.786] [main/DEBUG] [mixin/]: Mixin config fabric-block-view-api-v2.mixins.json does not specify "minVersion" or "requiredFeatures" property
[22May2025 19:33:17.787] [main/DEBUG] [mixin/]: Compatibility level JAVA_17 specified by fabric-block-view-api-v2.client.mixins.json is higher than the maximum level supported by this version of mixin (JAVA_13).
[22May2025 19:33:17.788] [main/DEBUG] [mixin/]: Mixin config fabric-block-view-api-v2.client.mixins.json does not specify "minVersion" or "requiredFeatures" property
[22May2025 19:33:17.789] [main/DEBUG] [mixin/]: Compatibility level JAVA_8 specified by mixins.iris.json is lower than the default level supported by the current mixin service (JAVA_16).
[22May2025 19:33:17.790] [main/DEBUG] [mixin/]: Compatibility level JAVA_8 specified by mixins.iris.fantastic.json is lower than the default level supported by the current mixin service (JAVA_16).
[22May2025 19:33:17.791] [main/DEBUG] [mixin/]: Compatibility level JAVA_8 specified by mixins.iris.vertexformat.json is lower than the default level supported by the current mixin service (JAVA_16).
[22May2025 19:33:17.793] [main/DEBUG] [mixin/]: Compatibility level JAVA_8 specified by iris-batched-entity-rendering.mixins.json is lower than the default level supported by the current mixin service (JAVA_16).
[22May2025 19:33:17.794] [main/DEBUG] [mixin/]: Compatibility level JAVA_8 specified by mixins.iris.compat.sodium.json is lower than the default level supported by the current mixin service (JAVA_16).
[22May2025 19:33:17.795] [main/DEBUG] [mixin/]: Compatibility level JAVA_8 specified by mixins.iris.compat.dh.json is lower than the default level supported by the current mixin service (JAVA_16).
[22May2025 19:33:17.797] [main/DEBUG] [mixin/]: Compatibility level JAVA_8 specified by mixins.iris.forge.json is lower than the default level supported by the current mixin service (JAVA_16).
[22May2025 19:33:17.798] [main/DEBUG] [mixin/]: Compatibility level JAVA_17 specified by fabric-rendering-data-attachment-v1.mixins.json is higher than the maximum level supported by this version of mixin (JAVA_13).
[22May2025 19:33:17.799] [main/DEBUG] [mixin/]: Mixin config fabric-rendering-data-attachment-v1.mixins.json does not specify "minVersion" or "requiredFeatures" property
[22May2025 19:33:17.800] [main/DEBUG] [mixin/]: Compatibility level JAVA_17 specified by fabric-rendering-data-attachment-v1.client.mixins.json is higher than the maximum level supported by this version of mixin (JAVA_13).
[22May2025 19:33:17.800] [main/DEBUG] [mixin/]: Mixin config fabric-rendering-data-attachment-v1.client.mixins.json does not specify "minVersion" or "requiredFeatures" property
[22May2025 19:33:17.801] [main/DEBUG] [mixin/]: Compatibility level JAVA_17 specified by sodium-common.mixins.json is higher than the maximum level supported by this version of mixin (JAVA_13).
[22May2025 19:33:17.802] [main/DEBUG] [mixin/]: Mixin config sodium-common.mixins.json does not specify "minVersion" or "requiredFeatures" property
[22May2025 19:33:17.803] [main/DEBUG] [mixin/]: Compatibility level JAVA_17 specified by sodium-neoforge.mixins.json is higher than the maximum level supported by this version of mixin (JAVA_13).
[22May2025 19:33:17.804] [main/DEBUG] [mixin/]: Mixin config sodium-neoforge.mixins.json does not specify "minVersion" or "requiredFeatures" property
[22May2025 19:33:17.805] [main/DEBUG] [mixin/]: Compatibility level JAVA_17 specified by mixins.justdirethings.json is higher than the maximum level supported by this version of mixin (JAVA_13).
[22May2025 19:33:17.807] [main/DEBUG] [mixin/]: Compatibility level JAVA_17 specified by enderio-machines.mixins.json is higher than the maximum level supported by this version of mixin (JAVA_13).
[22May2025 19:33:17.811] [main/DEBUG] [mixin/]: Processing launch tasks for PlatformAgent[MixinPlatformAgentDefault:ModLauncher Root Container(ModLauncher:4f56a0a2)]
[22May2025 19:33:17.811] [main/DEBUG] [mixin/]: Adding mixin platform agents for container SecureJarResource(mixin_synthetic)
[22May2025 19:33:17.811] [main/DEBUG] [mixin/]: Instancing new MixinPlatformAgentMinecraftForge for SecureJarResource(mixin_synthetic)
[22May2025 19:33:17.811] [main/DEBUG] [mixin/]: MixinPlatformAgentMinecraftForge rejected container SecureJarResource(mixin_synthetic)
[22May2025 19:33:17.811] [main/DEBUG] [mixin/]: Instancing new MixinPlatformAgentDefault for SecureJarResource(mixin_synthetic)
[22May2025 19:33:17.811] [main/DEBUG] [mixin/]: MixinPlatformAgentDefault accepted container SecureJarResource(mixin_synthetic)
[22May2025 19:33:17.812] [main/DEBUG] [mixin/]: Instancing new FMLMixinPlatformAgent for SecureJarResource(mixin_synthetic)
[22May2025 19:33:17.812] [main/DEBUG] [mixin/]: FMLMixinPlatformAgent rejected container SecureJarResource(mixin_synthetic)
[22May2025 19:33:17.812] [main/DEBUG] [mixin/]: Processing prepare() for PlatformAgent[MixinPlatformAgentDefault:SecureJarResource(mixin_synthetic)]
[22May2025 19:33:17.812] [main/DEBUG] [mixin/]: Adding mixin platform agents for container SecureJarResource(industrialforegoing)
[22May2025 19:33:17.812] [main/DEBUG] [mixin/]: Instancing new MixinPlatformAgentMinecraftForge for SecureJarResource(industrialforegoing)
[22May2025 19:33:17.812] [main/DEBUG] [mixin/]: MixinPlatformAgentMinecraftForge rejected container SecureJarResource(industrialforegoing)
[22May2025 19:33:17.812] [main/DEBUG] [mixin/]: Instancing new MixinPlatformAgentDefault for SecureJarResource(industrialforegoing)
[22May2025 19:33:17.812] [main/DEBUG] [mixin/]: MixinPlatformAgentDefault accepted container SecureJarResource(industrialforegoing)
[22May2025 19:33:17.812] [main/DEBUG] [mixin/]: Instancing new FMLMixinPlatformAgent for SecureJarResource(industrialforegoing)
[22May2025 19:33:17.812] [main/DEBUG] [mixin/]: FMLMixinPlatformAgent rejected container SecureJarResource(industrialforegoing)
[22May2025 19:33:17.812] [main/DEBUG] [mixin/]: Processing prepare() for PlatformAgent[MixinPlatformAgentDefault:SecureJarResource(industrialforegoing)]
[22May2025 19:33:17.812] [main/DEBUG] [mixin/]: Adding mixin platform agents for container SecureJarResource(minecraft)
[22May2025 19:33:17.812] [main/DEBUG] [mixin/]: Instancing new MixinPlatformAgentMinecraftForge for SecureJarResource(minecraft)
[22May2025 19:33:17.813] [main/DEBUG] [mixin/]: MixinPlatformAgentMinecraftForge rejected container SecureJarResource(minecraft)
[22May2025 19:33:17.813] [main/DEBUG] [mixin/]: Instancing new MixinPlatformAgentDefault for SecureJarResource(minecraft)
[22May2025 19:33:17.813] [main/DEBUG] [mixin/]: MixinPlatformAgentDefault accepted container SecureJarResource(minecraft)
[22May2025 19:33:17.813] [main/DEBUG] [mixin/]: Instancing new FMLMixinPlatformAgent for SecureJarResource(minecraft)
[22May2025 19:33:17.813] [main/DEBUG] [mixin/]: FMLMixinPlatformAgent rejected container SecureJarResource(minecraft)
[22May2025 19:33:17.813] [main/DEBUG] [mixin/]: Processing prepare() for PlatformAgent[MixinPlatformAgentDefault:SecureJarResource(minecraft)]
[22May2025 19:33:17.813] [main/DEBUG] [mixin/]: Adding mixin platform agents for container SecureJarResource(fabric_api_base)
[22May2025 19:33:17.813] [main/DEBUG] [mixin/]: Instancing new MixinPlatformAgentMinecraftForge for SecureJarResource(fabric_api_base)
[22May2025 19:33:17.813] [main/DEBUG] [mixin/]: MixinPlatformAgentMinecraftForge rejected container SecureJarResource(fabric_api_base)
[22May2025 19:33:17.813] [main/DEBUG] [mixin/]: Instancing new MixinPlatformAgentDefault for SecureJarResource(fabric_api_base)
[22May2025 19:33:17.813] [main/DEBUG] [mixin/]: MixinPlatformAgentDefault accepted container SecureJarResource(fabric_api_base)
[22May2025 19:33:17.813] [main/DEBUG] [mixin/]: Instancing new FMLMixinPlatformAgent for SecureJarResource(fabric_api_base)
[22May2025 19:33:17.813] [main/DEBUG] [mixin/]: FMLMixinPlatformAgent rejected container SecureJarResource(fabric_api_base)
[22May2025 19:33:17.814] [main/DEBUG] [mixin/]: Processing prepare() for PlatformAgent[MixinPlatformAgentDefault:SecureJarResource(fabric_api_base)]
[22May2025 19:33:17.814] [main/DEBUG] [mixin/]: Adding mixin platform agents for container SecureJarResource(fabric_renderer_api_v1)
[22May2025 19:33:17.814] [main/DEBUG] [mixin/]: Instancing new MixinPlatformAgentMinecraftForge for SecureJarResource(fabric_renderer_api_v1)
[22May2025 19:33:17.814] [main/DEBUG] [mixin/]: MixinPlatformAgentMinecraftForge rejected container SecureJarResource(fabric_renderer_api_v1)
[22May2025 19:33:17.814] [main/DEBUG] [mixin/]: Instancing new MixinPlatformAgentDefault for SecureJarResource(fabric_renderer_api_v1)
[22May2025 19:33:17.814] [main/DEBUG] [mixin/]: MixinPlatformAgentDefault accepted container SecureJarResource(fabric_renderer_api_v1)
[22May2025 19:33:17.814] [main/DEBUG] [mixin/]: Instancing new FMLMixinPlatformAgent for SecureJarResource(fabric_renderer_api_v1)
[22May2025 19:33:17.814] [main/DEBUG] [mixin/]: FMLMixinPlatformAgent rejected container SecureJarResource(fabric_renderer_api_v1)
[22May2025 19:33:17.814] [main/DEBUG] [mixin/]: Processing prepare() for PlatformAgent[MixinPlatformAgentDefault:SecureJarResource(fabric_renderer_api_v1)]
[22May2025 19:33:17.814] [main/DEBUG] [mixin/]: Adding mixin platform agents for container SecureJarResource(enderio_conduits)
[22May2025 19:33:17.814] [main/DEBUG] [mixin/]: Instancing new MixinPlatformAgentMinecraftForge for SecureJarResource(enderio_conduits)
[22May2025 19:33:17.814] [main/DEBUG] [mixin/]: MixinPlatformAgentMinecraftForge rejected container SecureJarResource(enderio_conduits)
[22May2025 19:33:17.815] [main/DEBUG] [mixin/]: Instancing new MixinPlatformAgentDefault for SecureJarResource(enderio_conduits)
[22May2025 19:33:17.815] [main/DEBUG] [mixin/]: MixinPlatformAgentDefault accepted container SecureJarResource(enderio_conduits)
[22May2025 19:33:17.815] [main/DEBUG] [mixin/]: Instancing new FMLMixinPlatformAgent for SecureJarResource(enderio_conduits)
[22May2025 19:33:17.815] [main/DEBUG] [mixin/]: FMLMixinPlatformAgent rejected container SecureJarResource(enderio_conduits)
[22May2025 19:33:17.815] [main/DEBUG] [mixin/]: Processing prepare() for PlatformAgent[MixinPlatformAgentDefault:SecureJarResource(enderio_conduits)]
[22May2025 19:33:17.815] [main/DEBUG] [mixin/]: Adding mixin platform agents for container SecureJarResource(titanium)
[22May2025 19:33:17.815] [main/DEBUG] [mixin/]: Instancing new MixinPlatformAgentMinecraftForge for SecureJarResource(titanium)
[22May2025 19:33:17.815] [main/DEBUG] [mixin/]: MixinPlatformAgentMinecraftForge rejected container SecureJarResource(titanium)
[22May2025 19:33:17.815] [main/DEBUG] [mixin/]: Instancing new MixinPlatformAgentDefault for SecureJarResource(titanium)
[22May2025 19:33:17.815] [main/DEBUG] [mixin/]: MixinPlatformAgentDefault accepted container SecureJarResource(titanium)
[22May2025 19:33:17.815] [main/DEBUG] [mixin/]: Instancing new FMLMixinPlatformAgent for SecureJarResource(titanium)
[22May2025 19:33:17.815] [main/DEBUG] [mixin/]: FMLMixinPlatformAgent rejected container SecureJarResource(titanium)
[22May2025 19:33:17.815] [main/DEBUG] [mixin/]: Processing prepare() for PlatformAgent[MixinPlatformAgentDefault:SecureJarResource(titanium)]
[22May2025 19:33:17.817] [main/DEBUG] [mixin/]: Adding mixin platform agents for container SecureJarResource(sodium_extra)
[22May2025 19:33:17.817] [main/DEBUG] [mixin/]: Instancing new MixinPlatformAgentMinecraftForge for SecureJarResource(sodium_extra)
[22May2025 19:33:17.817] [main/DEBUG] [mixin/]: MixinPlatformAgentMinecraftForge rejected container SecureJarResource(sodium_extra)
[22May2025 19:33:17.817] [main/DEBUG] [mixin/]: Instancing new MixinPlatformAgentDefault for SecureJarResource(sodium_extra)
[22May2025 19:33:17.817] [main/DEBUG] [mixin/]: MixinPlatformAgentDefault accepted container SecureJarResource(sodium_extra)
[22May2025 19:33:17.817] [main/DEBUG] [mixin/]: Instancing new FMLMixinPlatformAgent for SecureJarResource(sodium_extra)
[22May2025 19:33:17.817] [main/DEBUG] [mixin/]: FMLMixinPlatformAgent rejected container SecureJarResource(sodium_extra)
[22May2025 19:33:17.817] [main/DEBUG] [mixin/]: Processing prepare() for PlatformAgent[MixinPlatformAgentDefault:SecureJarResource(sodium_extra)]
[22May2025 19:33:17.817] [main/DEBUG] [mixin/]: Adding mixin platform agents for container SecureJarResource(jade)
[22May2025 19:33:17.817] [main/DEBUG] [mixin/]: Instancing new MixinPlatformAgentMinecraftForge for SecureJarResource(jade)
[22May2025 19:33:17.817] [main/DEBUG] [mixin/]: MixinPlatformAgentMinecraftForge rejected container SecureJarResource(jade)
[22May2025 19:33:17.817] [main/DEBUG] [mixin/]: Instancing new MixinPlatformAgentDefault for SecureJarResource(jade)
[22May2025 19:33:17.817] [main/DEBUG] [mixin/]: MixinPlatformAgentDefault accepted container SecureJarResource(jade)
[22May2025 19:33:17.818] [main/DEBUG] [mixin/]: Instancing new FMLMixinPlatformAgent for SecureJarResource(jade)
[22May2025 19:33:17.818] [main/DEBUG] [mixin/]: FMLMixinPlatformAgent rejected container SecureJarResource(jade)
[22May2025 19:33:17.818] [main/DEBUG] [mixin/]: Processing prepare() for PlatformAgent[MixinPlatformAgentDefault:SecureJarResource(jade)]
[22May2025 19:33:17.818] [main/DEBUG] [mixin/]: Registering mixin config: jade.mixins.json source=SecureJarResource(jade)
[22May2025 19:33:17.818] [main/DEBUG] [mixin/]: Adding mixin platform agents for container SecureJarResource(geckolib)
[22May2025 19:33:17.818] [main/DEBUG] [mixin/]: Instancing new MixinPlatformAgentMinecraftForge for SecureJarResource(geckolib)
[22May2025 19:33:17.818] [main/DEBUG] [mixin/]: MixinPlatformAgentMinecraftForge rejected container SecureJarResource(geckolib)
[22May2025 19:33:17.818] [main/DEBUG] [mixin/]: Instancing new MixinPlatformAgentDefault for SecureJarResource(geckolib)
[22May2025 19:33:17.818] [main/DEBUG] [mixin/]: MixinPlatformAgentDefault accepted container SecureJarResource(geckolib)
[22May2025 19:33:17.818] [main/DEBUG] [mixin/]: Instancing new FMLMixinPlatformAgent for SecureJarResource(geckolib)
[22May2025 19:33:17.818] [main/DEBUG] [mixin/]: FMLMixinPlatformAgent rejected container SecureJarResource(geckolib)
[22May2025 19:33:17.819] [main/DEBUG] [mixin/]: Processing prepare() for PlatformAgent[MixinPlatformAgentDefault:SecureJarResource(geckolib)]
[22May2025 19:33:17.819] [main/DEBUG] [mixin/]: Registering mixin config: geckolib.mixins.json source=SecureJarResource(geckolib)
[22May2025 19:33:17.819] [main/DEBUG] [mixin/]: Adding mixin platform agents for container SecureJarResource(playeranimator)
[22May2025 19:33:17.819] [main/DEBUG] [mixin/]: Instancing new MixinPlatformAgentMinecraftForge for SecureJarResource(playeranimator)
[22May2025 19:33:17.819] [main/DEBUG] [mixin/]: MixinPlatformAgentMinecraftForge rejected container SecureJarResource(playeranimator)
[22May2025 19:33:17.819] [main/DEBUG] [mixin/]: Instancing new MixinPlatformAgentDefault for SecureJarResource(playeranimator)
[22May2025 19:33:17.819] [main/DEBUG] [mixin/]: MixinPlatformAgentDefault accepted container SecureJarResource(playeranimator)
[22May2025 19:33:17.819] [main/DEBUG] [mixin/]: Instancing new FMLMixinPlatformAgent for SecureJarResource(playeranimator)
[22May2025 19:33:17.819] [main/DEBUG] [mixin/]: FMLMixinPlatformAgent rejected container SecureJarResource(playeranimator)
[22May2025 19:33:17.819] [main/DEBUG] [mixin/]: Processing prepare() for PlatformAgent[MixinPlatformAgentDefault:SecureJarResource(playeranimator)]
[22May2025 19:33:17.819] [main/DEBUG] [mixin/]: Adding mixin platform agents for container SecureJarResource(jei)
[22May2025 19:33:17.819] [main/DEBUG] [mixin/]: Instancing new MixinPlatformAgentMinecraftForge for SecureJarResource(jei)
[22May2025 19:33:17.819] [main/DEBUG] [mixin/]: MixinPlatformAgentMinecraftForge rejected container SecureJarResource(jei)
[22May2025 19:33:17.819] [main/DEBUG] [mixin/]: Instancing new MixinPlatformAgentDefault for SecureJarResource(jei)
[22May2025 19:33:17.819] [main/DEBUG] [mixin/]: MixinPlatformAgentDefault accepted container SecureJarResource(jei)
[22May2025 19:33:17.819] [main/DEBUG] [mixin/]: Instancing new FMLMixinPlatformAgent for SecureJarResource(jei)
[22May2025 19:33:17.819] [main/DEBUG] [mixin/]: FMLMixinPlatformAgent rejected container SecureJarResource(jei)
[22May2025 19:33:17.819] [main/DEBUG] [mixin/]: Processing prepare() for PlatformAgent[MixinPlatformAgentDefault:SecureJarResource(jei)]
[22May2025 19:33:17.820] [main/DEBUG] [mixin/]: Adding mixin platform agents for container SecureJarResource(enderio_armory)
[22May2025 19:33:17.820] [main/DEBUG] [mixin/]: Instancing new MixinPlatformAgentMinecraftForge for SecureJarResource(enderio_armory)
[22May2025 19:33:17.820] [main/DEBUG] [mixin/]: MixinPlatformAgentMinecraftForge rejected container SecureJarResource(enderio_armory)
[22May2025 19:33:17.820] [main/DEBUG] [mixin/]: Instancing new MixinPlatformAgentDefault for SecureJarResource(enderio_armory)
[22May2025 19:33:17.820] [main/DEBUG] [mixin/]: MixinPlatformAgentDefault accepted container SecureJarResource(enderio_armory)
[22May2025 19:33:17.820] [main/DEBUG] [mixin/]: Instancing new FMLMixinPlatformAgent for SecureJarResource(enderio_armory)
[22May2025 19:33:17.820] [main/DEBUG] [mixin/]: FMLMixinPlatformAgent rejected container SecureJarResource(enderio_armory)
[22May2025 19:33:17.820] [main/DEBUG] [mixin/]: Processing prepare() for PlatformAgent[MixinPlatformAgentDefault:SecureJarResource(enderio_armory)]
[22May2025 19:33:17.820] [main/DEBUG] [mixin/]: Adding mixin platform agents for container SecureJarResource(pehkui)
[22May2025 19:33:17.820] [main/DEBUG] [mixin/]: Instancing new MixinPlatformAgentMinecraftForge for SecureJarResource(pehkui)
[22May2025 19:33:17.821] [main/DEBUG] [mixin/]: MixinPlatformAgentMinecraftForge rejected container SecureJarResource(pehkui)
[22May2025 19:33:17.821] [main/DEBUG] [mixin/]: Instancing new MixinPlatformAgentDefault for SecureJarResource(pehkui)
[22May2025 19:33:17.821] [main/DEBUG] [mixin/]: MixinPlatformAgentDefault accepted container SecureJarResource(pehkui)
[22May2025 19:33:17.821] [main/DEBUG] [mixin/]: Instancing new FMLMixinPlatformAgent for SecureJarResource(pehkui)
[22May2025 19:33:17.821] [main/DEBUG] [mixin/]: FMLMixinPlatformAgent rejected container SecureJarResource(pehkui)
[22May2025 19:33:17.821] [main/DEBUG] [mixin/]: Processing prepare() for PlatformAgent[MixinPlatformAgentDefault:SecureJarResource(pehkui)]
[22May2025 19:33:17.821] [main/DEBUG] [mixin/]: Adding mixin platform agents for container SecureJarResource(enderio_base)
[22May2025 19:33:17.821] [main/DEBUG] [mixin/]: Instancing new MixinPlatformAgentMinecraftForge for SecureJarResource(enderio_base)
[22May2025 19:33:17.821] [main/DEBUG] [mixin/]: MixinPlatformAgentMinecraftForge rejected container SecureJarResource(enderio_base)
[22May2025 19:33:17.821] [main/DEBUG] [mixin/]: Instancing new MixinPlatformAgentDefault for SecureJarResource(enderio_base)
[22May2025 19:33:17.821] [main/DEBUG] [mixin/]: MixinPlatformAgentDefault accepted container SecureJarResource(enderio_base)
[22May2025 19:33:17.821] [main/DEBUG] [mixin/]: Instancing new FMLMixinPlatformAgent for SecureJarResource(enderio_base)
[22May2025 19:33:17.821] [main/DEBUG] [mixin/]: FMLMixinPlatformAgent rejected container SecureJarResource(enderio_base)
[22May2025 19:33:17.822] [main/DEBUG] [mixin/]: Processing prepare() for PlatformAgent[MixinPlatformAgentDefault:SecureJarResource(enderio_base)]
[22May2025 19:33:17.822] [main/DEBUG] [mixin/]: Registering mixin config: enderiobase.mixins.json source=SecureJarResource(enderio_base)
[22May2025 19:33:17.822] [main/DEBUG] [mixin/]: Adding mixin platform agents for container SecureJarResource(mekanism)
[22May2025 19:33:17.822] [main/DEBUG] [mixin/]: Instancing new MixinPlatformAgentMinecraftForge for SecureJarResource(mekanism)
[22May2025 19:33:17.822] [main/DEBUG] [mixin/]: MixinPlatformAgentMinecraftForge rejected container SecureJarResource(mekanism)
[22May2025 19:33:17.822] [main/DEBUG] [mixin/]: Instancing new MixinPlatformAgentDefault for SecureJarResource(mekanism)
[22May2025 19:33:17.822] [main/DEBUG] [mixin/]: MixinPlatformAgentDefault accepted container SecureJarResource(mekanism)
[22May2025 19:33:17.822] [main/DEBUG] [mixin/]: Instancing new FMLMixinPlatformAgent for SecureJarResource(mekanism)
[22May2025 19:33:17.822] [main/DEBUG] [mixin/]: FMLMixinPlatformAgent rejected container SecureJarResource(mekanism)
[22May2025 19:33:17.822] [main/DEBUG] [mixin/]: Processing prepare() for PlatformAgent[MixinPlatformAgentDefault:SecureJarResource(mekanism)]
[22May2025 19:33:17.822] [main/DEBUG] [mixin/]: Adding mixin platform agents for container SecureJarResource(enderio)
[22May2025 19:33:17.822] [main/DEBUG] [mixin/]: Instancing new MixinPlatformAgentMinecraftForge for SecureJarResource(enderio)
[22May2025 19:33:17.822] [main/DEBUG] [mixin/]: MixinPlatformAgentMinecraftForge rejected container SecureJarResource(enderio)
[22May2025 19:33:17.822] [main/DEBUG] [mixin/]: Instancing new MixinPlatformAgentDefault for SecureJarResource(enderio)
[22May2025 19:33:17.822] [main/DEBUG] [mixin/]: MixinPlatformAgentDefault accepted container SecureJarResource(enderio)
[22May2025 19:33:17.822] [main/DEBUG] [mixin/]: Instancing new FMLMixinPlatformAgent for SecureJarResource(enderio)
[22May2025 19:33:17.822] [main/DEBUG] [mixin/]: FMLMixinPlatformAgent rejected container SecureJarResource(enderio)
[22May2025 19:33:17.822] [main/DEBUG] [mixin/]: Processing prepare() for PlatformAgent[MixinPlatformAgentDefault:SecureJarResource(enderio)]
[22May2025 19:33:17.823] [main/DEBUG] [mixin/]: Adding mixin platform agents for container SecureJarResource(endercore)
[22May2025 19:33:17.823] [main/DEBUG] [mixin/]: Instancing new MixinPlatformAgentMinecraftForge for SecureJarResource(endercore)
[22May2025 19:33:17.823] [main/DEBUG] [mixin/]: MixinPlatformAgentMinecraftForge rejected container SecureJarResource(endercore)
[22May2025 19:33:17.823] [main/DEBUG] [mixin/]: Instancing new MixinPlatformAgentDefault for SecureJarResource(endercore)
[22May2025 19:33:17.823] [main/DEBUG] [mixin/]: MixinPlatformAgentDefault accepted container SecureJarResource(endercore)
[22May2025 19:33:17.823] [main/DEBUG] [mixin/]: Instancing new FMLMixinPlatformAgent for SecureJarResource(endercore)
[22May2025 19:33:17.823] [main/DEBUG] [mixin/]: FMLMixinPlatformAgent rejected container SecureJarResource(endercore)
[22May2025 19:33:17.823] [main/DEBUG] [mixin/]: Processing prepare() for PlatformAgent[MixinPlatformAgentDefault:SecureJarResource(endercore)]
[22May2025 19:33:17.823] [main/DEBUG] [mixin/]: Adding mixin platform agents for container SecureJarResource(kleiders_custom_renderer)
[22May2025 19:33:17.823] [main/DEBUG] [mixin/]: Instancing new MixinPlatformAgentMinecraftForge for SecureJarResource(kleiders_custom_renderer)
[22May2025 19:33:17.823] [main/DEBUG] [mixin/]: MixinPlatformAgentMinecraftForge rejected container SecureJarResource(kleiders_custom_renderer)
[22May2025 19:33:17.824] [main/DEBUG] [mixin/]: Instancing new MixinPlatformAgentDefault for SecureJarResource(kleiders_custom_renderer)
[22May2025 19:33:17.824] [main/DEBUG] [mixin/]: MixinPlatformAgentDefault accepted container SecureJarResource(kleiders_custom_renderer)
[22May2025 19:33:17.824] [main/DEBUG] [mixin/]: Instancing new FMLMixinPlatformAgent for SecureJarResource(kleiders_custom_renderer)
[22May2025 19:33:17.824] [main/DEBUG] [mixin/]: FMLMixinPlatformAgent rejected container SecureJarResource(kleiders_custom_renderer)
[22May2025 19:33:17.824] [main/DEBUG] [mixin/]: Processing prepare() for PlatformAgent[MixinPlatformAgentDefault:SecureJarResource(kleiders_custom_renderer)]
[22May2025 19:33:17.824] [main/DEBUG] [mixin/]: Adding mixin platform agents for container SecureJarResource(fabric_block_view_api_v2)
[22May2025 19:33:17.824] [main/DEBUG] [mixin/]: Instancing new MixinPlatformAgentMinecraftForge for SecureJarResource(fabric_block_view_api_v2)
[22May2025 19:33:17.824] [main/DEBUG] [mixin/]: MixinPlatformAgentMinecraftForge rejected container SecureJarResource(fabric_block_view_api_v2)
[22May2025 19:33:17.824] [main/DEBUG] [mixin/]: Instancing new MixinPlatformAgentDefault for SecureJarResource(fabric_block_view_api_v2)
[22May2025 19:33:17.824] [main/DEBUG] [mixin/]: MixinPlatformAgentDefault accepted container SecureJarResource(fabric_block_view_api_v2)
[22May2025 19:33:17.824] [main/DEBUG] [mixin/]: Instancing new FMLMixinPlatformAgent for SecureJarResource(fabric_block_view_api_v2)
[22May2025 19:33:17.824] [main/DEBUG] [mixin/]: FMLMixinPlatformAgent rejected container SecureJarResource(fabric_block_view_api_v2)
[22May2025 19:33:17.824] [main/DEBUG] [mixin/]: Processing prepare() for PlatformAgent[MixinPlatformAgentDefault:SecureJarResource(fabric_block_view_api_v2)]
[22May2025 19:33:17.824] [main/DEBUG] [mixin/]: Adding mixin platform agents for container SecureJarResource(iris)
[22May2025 19:33:17.824] [main/DEBUG] [mixin/]: Instancing new MixinPlatformAgentMinecraftForge for SecureJarResource(iris)
[22May2025 19:33:17.824] [main/DEBUG] [mixin/]: MixinPlatformAgentMinecraftForge rejected container SecureJarResource(iris)
[22May2025 19:33:17.824] [main/DEBUG] [mixin/]: Instancing new MixinPlatformAgentDefault for SecureJarResource(iris)
[22May2025 19:33:17.824] [main/DEBUG] [mixin/]: MixinPlatformAgentDefault accepted container SecureJarResource(iris)
[22May2025 19:33:17.825] [main/DEBUG] [mixin/]: Instancing new FMLMixinPlatformAgent for SecureJarResource(iris)
[22May2025 19:33:17.825] [main/DEBUG] [mixin/]: FMLMixinPlatformAgent rejected container SecureJarResource(iris)
[22May2025 19:33:17.825] [main/DEBUG] [mixin/]: Processing prepare() for PlatformAgent[MixinPlatformAgentDefault:SecureJarResource(iris)]
[22May2025 19:33:17.825] [main/DEBUG] [mixin/]: Adding mixin platform agents for container SecureJarResource(enderio_conduits_modded)
[22May2025 19:33:17.825] [main/DEBUG] [mixin/]: Instancing new MixinPlatformAgentMinecraftForge for SecureJarResource(enderio_conduits_modded)
[22May2025 19:33:17.825] [main/DEBUG] [mixin/]: MixinPlatformAgentMinecraftForge rejected container SecureJarResource(enderio_conduits_modded)
[22May2025 19:33:17.825] [main/DEBUG] [mixin/]: Instancing new MixinPlatformAgentDefault for SecureJarResource(enderio_conduits_modded)
[22May2025 19:33:17.825] [main/DEBUG] [mixin/]: MixinPlatformAgentDefault accepted container SecureJarResource(enderio_conduits_modded)
[22May2025 19:33:17.825] [main/DEBUG] [mixin/]: Instancing new FMLMixinPlatformAgent for SecureJarResource(enderio_conduits_modded)
[22May2025 19:33:17.825] [main/DEBUG] [mixin/]: FMLMixinPlatformAgent rejected container SecureJarResource(enderio_conduits_modded)
[22May2025 19:33:17.825] [main/DEBUG] [mixin/]: Processing prepare() for PlatformAgent[MixinPlatformAgentDefault:SecureJarResource(enderio_conduits_modded)]
[22May2025 19:33:17.825] [main/DEBUG] [mixin/]: Adding mixin platform agents for container SecureJarResource(mekanismgenerators)
[22May2025 19:33:17.825] [main/DEBUG] [mixin/]: Instancing new MixinPlatformAgentMinecraftForge for SecureJarResource(mekanismgenerators)
[22May2025 19:33:17.825] [main/DEBUG] [mixin/]: MixinPlatformAgentMinecraftForge rejected container SecureJarResource(mekanismgenerators)
[22May2025 19:33:17.826] [main/DEBUG] [mixin/]: Instancing new MixinPlatformAgentDefault for SecureJarResource(mekanismgenerators)
[22May2025 19:33:17.826] [main/DEBUG] [mixin/]: MixinPlatformAgentDefault accepted container SecureJarResource(mekanismgenerators)
[22May2025 19:33:17.826] [main/DEBUG] [mixin/]: Instancing new FMLMixinPlatformAgent for SecureJarResource(mekanismgenerators)
[22May2025 19:33:17.826] [main/DEBUG] [mixin/]: FMLMixinPlatformAgent rejected container SecureJarResource(mekanismgenerators)
[22May2025 19:33:17.826] [main/DEBUG] [mixin/]: Processing prepare() for PlatformAgent[MixinPlatformAgentDefault:SecureJarResource(mekanismgenerators)]
[22May2025 19:33:17.826] [main/DEBUG] [mixin/]: Adding mixin platform agents for container SecureJarResource(fabric_rendering_data_attachment_v1)
[22May2025 19:33:17.826] [main/DEBUG] [mixin/]: Instancing new MixinPlatformAgentMinecraftForge for SecureJarResource(fabric_rendering_data_attachment_v1)
[22May2025 19:33:17.826] [main/DEBUG] [mixin/]: MixinPlatformAgentMinecraftForge rejected container SecureJarResource(fabric_rendering_data_attachment_v1)
[22May2025 19:33:17.826] [main/DEBUG] [mixin/]: Instancing new MixinPlatformAgentDefault for SecureJarResource(fabric_rendering_data_attachment_v1)
[22May2025 19:33:17.826] [main/DEBUG] [mixin/]: MixinPlatformAgentDefault accepted container SecureJarResource(fabric_rendering_data_attachment_v1)
[22May2025 19:33:17.826] [main/DEBUG] [mixin/]: Instancing new FMLMixinPlatformAgent for SecureJarResource(fabric_rendering_data_attachment_v1)
[22May2025 19:33:17.826] [main/DEBUG] [mixin/]: FMLMixinPlatformAgent rejected container SecureJarResource(fabric_rendering_data_attachment_v1)
[22May2025 19:33:17.826] [main/DEBUG] [mixin/]: Processing prepare() for PlatformAgent[MixinPlatformAgentDefault:SecureJarResource(fabric_rendering_data_attachment_v1)]
[22May2025 19:33:17.826] [main/DEBUG] [mixin/]: Adding mixin platform agents for container SecureJarResource(sodium)
[22May2025 19:33:17.826] [main/DEBUG] [mixin/]: Instancing new MixinPlatformAgentMinecraftForge for SecureJarResource(sodium)
[22May2025 19:33:17.826] [main/DEBUG] [mixin/]: MixinPlatformAgentMinecraftForge rejected container SecureJarResource(sodium)
[22May2025 19:33:17.826] [main/DEBUG] [mixin/]: Instancing new MixinPlatformAgentDefault for SecureJarResource(sodium)
[22May2025 19:33:17.826] [main/DEBUG] [mixin/]: MixinPlatformAgentDefault accepted container SecureJarResource(sodium)
[22May2025 19:33:17.826] [main/DEBUG] [mixin/]: Instancing new FMLMixinPlatformAgent for SecureJarResource(sodium)
[22May2025 19:33:17.826] [main/DEBUG] [mixin/]: FMLMixinPlatformAgent rejected container SecureJarResource(sodium)
[22May2025 19:33:17.826] [main/DEBUG] [mixin/]: Processing prepare() for PlatformAgent[MixinPlatformAgentDefault:SecureJarResource(sodium)]
[22May2025 19:33:17.826] [main/DEBUG] [mixin/]: Adding mixin platform agents for container SecureJarResource(justdirethings)
[22May2025 19:33:17.826] [main/DEBUG] [mixin/]: Instancing new MixinPlatformAgentMinecraftForge for SecureJarResource(justdirethings)
[22May2025 19:33:17.826] [main/DEBUG] [mixin/]: MixinPlatformAgentMinecraftForge rejected container SecureJarResource(justdirethings)
[22May2025 19:33:17.826] [main/DEBUG] [mixin/]: Instancing new MixinPlatformAgentDefault for SecureJarResource(justdirethings)
[22May2025 19:33:17.826] [main/DEBUG] [mixin/]: MixinPlatformAgentDefault accepted container SecureJarResource(justdirethings)
[22May2025 19:33:17.826] [main/DEBUG] [mixin/]: Instancing new FMLMixinPlatformAgent for SecureJarResource(justdirethings)
[22May2025 19:33:17.826] [main/DEBUG] [mixin/]: FMLMixinPlatformAgent rejected container SecureJarResource(justdirethings)
[22May2025 19:33:17.826] [main/DEBUG] [mixin/]: Processing prepare() for PlatformAgent[MixinPlatformAgentDefault:SecureJarResource(justdirethings)]
[22May2025 19:33:17.826] [main/DEBUG] [mixin/]: Adding mixin platform agents for container SecureJarResource(enderio_machines)
[22May2025 19:33:17.826] [main/DEBUG] [mixin/]: Instancing new MixinPlatformAgentMinecraftForge for SecureJarResource(enderio_machines)
[22May2025 19:33:17.827] [main/DEBUG] [mixin/]: MixinPlatformAgentMinecraftForge rejected container SecureJarResource(enderio_machines)
[22May2025 19:33:17.827] [main/DEBUG] [mixin/]: Instancing new MixinPlatformAgentDefault for SecureJarResource(enderio_machines)
[22May2025 19:33:17.827] [main/DEBUG] [mixin/]: MixinPlatformAgentDefault accepted container SecureJarResource(enderio_machines)
[22May2025 19:33:17.827] [main/DEBUG] [mixin/]: Instancing new FMLMixinPlatformAgent for SecureJarResource(enderio_machines)
[22May2025 19:33:17.827] [main/DEBUG] [mixin/]: FMLMixinPlatformAgent rejected container SecureJarResource(enderio_machines)
[22May2025 19:33:17.827] [main/DEBUG] [mixin/]: Processing prepare() for PlatformAgent[MixinPlatformAgentDefault:SecureJarResource(enderio_machines)]
[22May2025 19:33:17.827] [main/DEBUG] [mixin/]: Registering mixin config: enderio-machines.mixins.json source=SecureJarResource(enderio_machines)
[22May2025 19:33:17.827] [main/DEBUG] [mixin/]: Adding mixin platform agents for container SecureJarResource(simple_incubator)
[22May2025 19:33:17.827] [main/DEBUG] [mixin/]: Instancing new MixinPlatformAgentMinecraftForge for SecureJarResource(simple_incubator)
[22May2025 19:33:17.827] [main/DEBUG] [mixin/]: MixinPlatformAgentMinecraftForge rejected container SecureJarResource(simple_incubator)
[22May2025 19:33:17.827] [main/DEBUG] [mixin/]: Instancing new MixinPlatformAgentDefault for SecureJarResource(simple_incubator)
[22May2025 19:33:17.827] [main/DEBUG] [mixin/]: MixinPlatformAgentDefault accepted container SecureJarResource(simple_incubator)
[22May2025 19:33:17.827] [main/DEBUG] [mixin/]: Instancing new FMLMixinPlatformAgent for SecureJarResource(simple_incubator)
[22May2025 19:33:17.827] [main/DEBUG] [mixin/]: FMLMixinPlatformAgent rejected container SecureJarResource(simple_incubator)
[22May2025 19:33:17.827] [main/DEBUG] [mixin/]: Processing prepare() for PlatformAgent[MixinPlatformAgentDefault:SecureJarResource(simple_incubator)]
[22May2025 19:33:17.827] [main/DEBUG] [mixin/]: Adding mixin platform agents for container SecureJarResource(betteradvancements)
[22May2025 19:33:17.827] [main/DEBUG] [mixin/]: Instancing new MixinPlatformAgentMinecraftForge for SecureJarResource(betteradvancements)
[22May2025 19:33:17.828] [main/DEBUG] [mixin/]: MixinPlatformAgentMinecraftForge rejected container SecureJarResource(betteradvancements)
[22May2025 19:33:17.828] [main/DEBUG] [mixin/]: Instancing new MixinPlatformAgentDefault for SecureJarResource(betteradvancements)
[22May2025 19:33:17.828] [main/DEBUG] [mixin/]: MixinPlatformAgentDefault accepted container SecureJarResource(betteradvancements)
[22May2025 19:33:17.828] [main/DEBUG] [mixin/]: Instancing new FMLMixinPlatformAgent for SecureJarResource(betteradvancements)
[22May2025 19:33:17.828] [main/DEBUG] [mixin/]: FMLMixinPlatformAgent rejected container SecureJarResource(betteradvancements)
[22May2025 19:33:17.828] [main/DEBUG] [mixin/]: Processing prepare() for PlatformAgent[MixinPlatformAgentDefault:SecureJarResource(betteradvancements)]
[22May2025 19:33:17.828] [main/DEBUG] [mixin/]: Adding mixin platform agents for container SecureJarResource(mixinextras.neoforge)
[22May2025 19:33:17.828] [main/DEBUG] [mixin/]: Instancing new MixinPlatformAgentMinecraftForge for SecureJarResource(mixinextras.neoforge)
[22May2025 19:33:17.828] [main/DEBUG] [mixin/]: MixinPlatformAgentMinecraftForge rejected container SecureJarResource(mixinextras.neoforge)
[22May2025 19:33:17.828] [main/DEBUG] [mixin/]: Instancing new MixinPlatformAgentDefault for SecureJarResource(mixinextras.neoforge)
[22May2025 19:33:17.828] [main/DEBUG] [mixin/]: MixinPlatformAgentDefault accepted container SecureJarResource(mixinextras.neoforge)
[22May2025 19:33:17.828] [main/DEBUG] [mixin/]: Instancing new FMLMixinPlatformAgent for SecureJarResource(mixinextras.neoforge)
[22May2025 19:33:17.828] [main/DEBUG] [mixin/]: FMLMixinPlatformAgent rejected container SecureJarResource(mixinextras.neoforge)
[22May2025 19:33:17.828] [main/DEBUG] [mixin/]: Processing prepare() for PlatformAgent[MixinPlatformAgentDefault:SecureJarResource(mixinextras.neoforge)]
[22May2025 19:33:17.828] [main/DEBUG] [mixin/]: Registering mixin config: mixinextras.init.mixins.json source=SecureJarResource(mixinextras.neoforge)
[22May2025 19:33:17.829] [main/DEBUG] [mixin/]: Adding mixin platform agents for container SecureJarResource(Regilite.alpha)
[22May2025 19:33:17.829] [main/DEBUG] [mixin/]: Instancing new MixinPlatformAgentMinecraftForge for SecureJarResource(Regilite.alpha)
[22May2025 19:33:17.829] [main/DEBUG] [mixin/]: MixinPlatformAgentMinecraftForge rejected container SecureJarResource(Regilite.alpha)
[22May2025 19:33:17.829] [main/DEBUG] [mixin/]: Instancing new MixinPlatformAgentDefault for SecureJarResource(Regilite.alpha)
[22May2025 19:33:17.829] [main/DEBUG] [mixin/]: MixinPlatformAgentDefault accepted container SecureJarResource(Regilite.alpha)
[22May2025 19:33:17.829] [main/DEBUG] [mixin/]: Instancing new FMLMixinPlatformAgent for SecureJarResource(Regilite.alpha)
[22May2025 19:33:17.829] [main/DEBUG] [mixin/]: FMLMixinPlatformAgent rejected container SecureJarResource(Regilite.alpha)
[22May2025 19:33:17.829] [main/DEBUG] [mixin/]: Processing prepare() for PlatformAgent[MixinPlatformAgentDefault:SecureJarResource(Regilite.alpha)]
[22May2025 19:33:17.829] [main/DEBUG] [mixin/]: Adding mixin platform agents for container SecureJarResource(GraphLib3)
[22May2025 19:33:17.829] [main/DEBUG] [mixin/]: Instancing new MixinPlatformAgentMinecraftForge for SecureJarResource(GraphLib3)
[22May2025 19:33:17.829] [main/DEBUG] [mixin/]: MixinPlatformAgentMinecraftForge rejected container SecureJarResource(GraphLib3)
[22May2025 19:33:17.829] [main/DEBUG] [mixin/]: Instancing new MixinPlatformAgentDefault for SecureJarResource(GraphLib3)
[22May2025 19:33:17.829] [main/DEBUG] [mixin/]: MixinPlatformAgentDefault accepted container SecureJarResource(GraphLib3)
[22May2025 19:33:17.829] [main/DEBUG] [mixin/]: Instancing new FMLMixinPlatformAgent for SecureJarResource(GraphLib3)
[22May2025 19:33:17.829] [main/DEBUG] [mixin/]: FMLMixinPlatformAgent rejected container SecureJarResource(GraphLib3)
[22May2025 19:33:17.830] [main/DEBUG] [mixin/]: Processing prepare() for PlatformAgent[MixinPlatformAgentDefault:SecureJarResource(GraphLib3)]
[22May2025 19:33:17.830] [main/DEBUG] [mixin/]: inject() running with 34 agents
[22May2025 19:33:17.830] [main/DEBUG] [mixin/]: Processing inject() for PlatformAgent[MixinPlatformAgentDefault:ModLauncher Root Container(ModLauncher:4f56a0a2)]
[22May2025 19:33:17.830] [main/DEBUG] [mixin/]: Processing inject() for PlatformAgent[MixinPlatformAgentDefault:net.neoforged.fml.loading.mixin.FMLMixinContainerHandle@4096aa05]
[22May2025 19:33:17.830] [main/DEBUG] [mixin/]: Processing inject() for PlatformAgent[FMLMixinPlatformAgent:null]
[22May2025 19:33:17.830] [main/DEBUG] [mixin/]: Processing inject() for PlatformAgent[MixinPlatformAgentDefault:SecureJarResource(mixin_synthetic)]
[22May2025 19:33:17.830] [main/DEBUG] [mixin/]: Processing inject() for PlatformAgent[MixinPlatformAgentDefault:SecureJarResource(industrialforegoing)]
[22May2025 19:33:17.830] [main/DEBUG] [mixin/]: Processing inject() for PlatformAgent[MixinPlatformAgentDefault:SecureJarResource(minecraft)]
[22May2025 19:33:17.830] [main/DEBUG] [mixin/]: Processing inject() for PlatformAgent[MixinPlatformAgentDefault:SecureJarResource(fabric_api_base)]
[22May2025 19:33:17.830] [main/DEBUG] [mixin/]: Processing inject() for PlatformAgent[MixinPlatformAgentDefault:SecureJarResource(fabric_renderer_api_v1)]
[22May2025 19:33:17.830] [main/DEBUG] [mixin/]: Processing inject() for PlatformAgent[MixinPlatformAgentDefault:SecureJarResource(enderio_conduits)]
[22May2025 19:33:17.830] [main/DEBUG] [mixin/]: Processing inject() for PlatformAgent[MixinPlatformAgentDefault:SecureJarResource(titanium)]
[22May2025 19:33:17.830] [main/DEBUG] [mixin/]: Processing inject() for PlatformAgent[MixinPlatformAgentDefault:SecureJarResource(sodium_extra)]
[22May2025 19:33:17.830] [main/DEBUG] [mixin/]: Processing inject() for PlatformAgent[MixinPlatformAgentDefault:SecureJarResource(jade)]
[22May2025 19:33:17.830] [main/DEBUG] [mixin/]: Processing inject() for PlatformAgent[MixinPlatformAgentDefault:SecureJarResource(geckolib)]
[22May2025 19:33:17.830] [main/DEBUG] [mixin/]: Processing inject() for PlatformAgent[MixinPlatformAgentDefault:SecureJarResource(playeranimator)]
[22May2025 19:33:17.830] [main/DEBUG] [mixin/]: Processing inject() for PlatformAgent[MixinPlatformAgentDefault:SecureJarResource(jei)]
[22May2025 19:33:17.830] [main/DEBUG] [mixin/]: Processing inject() for PlatformAgent[MixinPlatformAgentDefault:SecureJarResource(enderio_armory)]
[22May2025 19:33:17.830] [main/DEBUG] [mixin/]: Processing inject() for PlatformAgent[MixinPlatformAgentDefault:SecureJarResource(pehkui)]
[22May2025 19:33:17.830] [main/DEBUG] [mixin/]: Processing inject() for PlatformAgent[MixinPlatformAgentDefault:SecureJarResource(enderio_base)]
[22May2025 19:33:17.830] [main/DEBUG] [mixin/]: Processing inject() for PlatformAgent[MixinPlatformAgentDefault:SecureJarResource(mekanism)]
[22May2025 19:33:17.830] [main/DEBUG] [mixin/]: Processing inject() for PlatformAgent[MixinPlatformAgentDefault:SecureJarResource(enderio)]
[22May2025 19:33:17.830] [main/DEBUG] [mixin/]: Processing inject() for PlatformAgent[MixinPlatformAgentDefault:SecureJarResource(endercore)]
[22May2025 19:33:17.830] [main/DEBUG] [mixin/]: Processing inject() for PlatformAgent[MixinPlatformAgentDefault:SecureJarResource(kleiders_custom_renderer)]
[22May2025 19:33:17.830] [main/DEBUG] [mixin/]: Processing inject() for PlatformAgent[MixinPlatformAgentDefault:SecureJarResource(fabric_block_view_api_v2)]
[22May2025 19:33:17.831] [main/DEBUG] [mixin/]: Processing inject() for PlatformAgent[MixinPlatformAgentDefault:SecureJarResource(iris)]
[22May2025 19:33:17.831] [main/DEBUG] [mixin/]: Processing inject() for PlatformAgent[MixinPlatformAgentDefault:SecureJarResource(enderio_conduits_modded)]
[22May2025 19:33:17.831] [main/DEBUG] [mixin/]: Processing inject() for PlatformAgent[MixinPlatformAgentDefault:SecureJarResource(mekanismgenerators)]
[22May2025 19:33:17.831] [main/DEBUG] [mixin/]: Processing inject() for PlatformAgent[MixinPlatformAgentDefault:SecureJarResource(fabric_rendering_data_attachment_v1)]
[22May2025 19:33:17.831] [main/DEBUG] [mixin/]: Processing inject() for PlatformAgent[MixinPlatformAgentDefault:SecureJarResource(sodium)]
[22May2025 19:33:17.831] [main/DEBUG] [mixin/]: Processing inject() for PlatformAgent[MixinPlatformAgentDefault:SecureJarResource(justdirethings)]
[22May2025 19:33:17.831] [main/DEBUG] [mixin/]: Processing inject() for PlatformAgent[MixinPlatformAgentDefault:SecureJarResource(enderio_machines)]
[22May2025 19:33:17.831] [main/DEBUG] [mixin/]: Processing inject() for PlatformAgent[MixinPlatformAgentDefault:SecureJarResource(simple_incubator)]
[22May2025 19:33:17.831] [main/DEBUG] [mixin/]: Processing inject() for PlatformAgent[MixinPlatformAgentDefault:SecureJarResource(betteradvancements)]
[22May2025 19:33:17.831] [main/DEBUG] [mixin/]: Processing inject() for PlatformAgent[MixinPlatformAgentDefault:SecureJarResource(mixinextras.neoforge)]
[22May2025 19:33:17.831] [main/DEBUG] [mixin/]: Processing inject() for PlatformAgent[MixinPlatformAgentDefault:SecureJarResource(Regilite.alpha)]
[22May2025 19:33:17.831] [main/DEBUG] [mixin/]: Processing inject() for PlatformAgent[MixinPlatformAgentDefault:SecureJarResource(GraphLib3)]
[22May2025 19:33:17.831] [main/INFO] [cpw.mods.modlauncher.LaunchServiceHandler/MODLAUNCHER]: Launching target 'forgeclientdev' with arguments [--version, 21.1.172, --gameDir, ., --assetsDir, C:\Users\Rodrigo\.mcreator\gradle\caches\neoformruntime\assets, --assetIndex, 17]
[22May2025 19:33:17.904] [main/DEBUG] [mixin/]: Preparing mixins for MixinEnvironment[DEFAULT]
[22May2025 19:33:17.905] [main/DEBUG] [mixin/]: Selecting config META-INF/industrialforegoing.mixins.json
[22May2025 19:33:17.920] [main/DEBUG] [mixin/]: Selecting config fabric-renderer-api-v1.mixins.json
[22May2025 19:33:17.921] [main/DEBUG] [mixin/]: Selecting config fabric-renderer-api-v1.debughud.mixins.json
[22May2025 19:33:17.921] [main/DEBUG] [mixin/]: Selecting config enderioconduits.mixins.json
[22May2025 19:33:17.921] [main/DEBUG] [mixin/]: Selecting config sodium-extra.mixins.json
[22May2025 19:33:17.979] [main/DEBUG] [Sodium/]: Loaded net.caffeinemc.mods.sodium.neoforge.NeoForgeRuntimeInformation@524a076e for service interface net.caffeinemc.mods.sodium.client.services.PlatformRuntimeInformation
[22May2025 19:33:17.983] [main/INFO] [Sodium Extra Config/]: Loaded configuration file for Sodium Extra: 36 options available, 0 override(s) found
[22May2025 19:33:17.984] [main/WARN] [mixin/]: Reference map 'sodium-extra.refmap.json' for sodium-extra.mixins.json could not be read. If this is a development environment you can ignore this message
[22May2025 19:33:17.984] [main/DEBUG] [mixin/]: Selecting config jade.mixins.json
[22May2025 19:33:17.984] [main/DEBUG] [mixin/]: Selecting config geckolib.mixins.json
[22May2025 19:33:17.985] [main/WARN] [mixin/]: Reference map 'geckolib.refmap.json' for geckolib.mixins.json could not be read. If this is a development environment you can ignore this message
[22May2025 19:33:17.985] [main/DEBUG] [mixin/]: Selecting config playerAnimator-common.mixins.json
[22May2025 19:33:17.988] [main/DEBUG] [mixin/]: Selecting config pehkui.mixins.json
[22May2025 19:33:17.991] [main/DEBUG] [mixin/]: Selecting config enderiobase.mixins.json
[22May2025 19:33:17.991] [main/DEBUG] [mixin/]: Selecting config neoforge.mixins.json
[22May2025 19:33:17.991] [main/DEBUG] [mixin/]: Selecting config mixins.kleiders_custom_renderer.json
[22May2025 19:33:17.992] [main/DEBUG] [mixin/]: Selecting config fabric-block-view-api-v2.mixins.json
[22May2025 19:33:17.992] [main/DEBUG] [mixin/]: Selecting config fabric-block-view-api-v2.client.mixins.json
[22May2025 19:33:17.992] [main/DEBUG] [mixin/]: Selecting config mixins.iris.json
[22May2025 19:33:17.994] [main/WARN] [mixin/]: Reference map 'iris.refmap.json' for mixins.iris.json could not be read. If this is a development environment you can ignore this message
[22May2025 19:33:17.995] [main/DEBUG] [mixin/]: Selecting config mixins.iris.fantastic.json
[22May2025 19:33:17.995] [main/WARN] [mixin/]: Reference map 'iris.refmap.json' for mixins.iris.fantastic.json could not be read. If this is a development environment you can ignore this message
[22May2025 19:33:17.995] [main/DEBUG] [mixin/]: Selecting config mixins.iris.vertexformat.json
[22May2025 19:33:17.995] [main/WARN] [mixin/]: Reference map 'iris.refmap.json' for mixins.iris.vertexformat.json could not be read. If this is a development environment you can ignore this message
[22May2025 19:33:17.995] [main/DEBUG] [mixin/]: Selecting config iris-batched-entity-rendering.mixins.json
[22May2025 19:33:17.996] [main/WARN] [mixin/]: Reference map 'iris.refmap.json' for iris-batched-entity-rendering.mixins.json could not be read. If this is a development environment you can ignore this message
[22May2025 19:33:17.996] [main/DEBUG] [mixin/]: Selecting config mixins.iris.compat.sodium.json
[22May2025 19:33:17.996] [main/WARN] [mixin/]: Reference map 'iris.refmap.json' for mixins.iris.compat.sodium.json could not be read. If this is a development environment you can ignore this message
[22May2025 19:33:17.996] [main/DEBUG] [mixin/]: Selecting config mixins.iris.compat.dh.json
[22May2025 19:33:17.997] [main/DEBUG] [mixin/]: Selecting config mixins.iris.forge.json
[22May2025 19:33:17.998] [main/DEBUG] [mixin/]: Selecting config fabric-rendering-data-attachment-v1.mixins.json
[22May2025 19:33:17.998] [main/DEBUG] [mixin/]: Selecting config fabric-rendering-data-attachment-v1.client.mixins.json
[22May2025 19:33:17.998] [main/DEBUG] [mixin/]: Selecting config sodium-common.mixins.json
[22May2025 19:33:18.004] [main/DEBUG] [Sodium/]: Loaded net.caffeinemc.mods.sodium.neoforge.ForgeMixinOverrides@151bf776 for service interface net.caffeinemc.mods.sodium.client.services.PlatformMixinOverrides
[22May2025 19:33:18.008] [main/INFO] [Sodium/]: Loaded configuration file for Sodium: 43 options available, 1 override(s) found
[22May2025 19:33:18.009] [main/DEBUG] [mixin/]: Selecting config sodium-neoforge.mixins.json
[22May2025 19:33:18.009] [main/DEBUG] [mixin/]: Selecting config mixins.justdirethings.json
[22May2025 19:33:18.009] [main/WARN] [mixin/]: Reference map 'mixins.justdirethings.refmap.json' for mixins.justdirethings.json could not be read. If this is a development environment you can ignore this message
[22May2025 19:33:18.009] [main/DEBUG] [mixin/]: Selecting config enderio-machines.mixins.json
[22May2025 19:33:18.010] [main/DEBUG] [mixin/]: Selecting config mixins.simple_incubator.json
[22May2025 19:33:18.010] [main/DEBUG] [mixin/]: Selecting config mixinextras.init.mixins.json
[22May2025 19:33:18.047] [main/DEBUG] [MixinExtras|Service/]: com.llamalad7.mixinextras.service.MixinExtrasServiceImpl(version=0.4.1) is taking over from null
[22May2025 19:33:18.117] [main/DEBUG] [mixin/]: Registering new injector for @Inject with org.spongepowered.asm.mixin.injection.struct.CallbackInjectionInfo
[22May2025 19:33:18.119] [main/DEBUG] [mixin/]: Registering new injector for @ModifyArg with org.spongepowered.asm.mixin.injection.struct.ModifyArgInjectionInfo
[22May2025 19:33:18.121] [main/DEBUG] [mixin/]: Registering new injector for @ModifyArgs with org.spongepowered.asm.mixin.injection.struct.ModifyArgsInjectionInfo
[22May2025 19:33:18.122] [main/DEBUG] [mixin/]: Registering new injector for @Redirect with org.spongepowered.asm.mixin.injection.struct.RedirectInjectionInfo
[22May2025 19:33:18.124] [main/DEBUG] [mixin/]: Registering new injector for @ModifyVariable with org.spongepowered.asm.mixin.injection.struct.ModifyVariableInjectionInfo
[22May2025 19:33:18.126] [main/DEBUG] [mixin/]: Registering new injector for @ModifyConstant with org.spongepowered.asm.mixin.injection.struct.ModifyConstantInjectionInfo
[22May2025 19:33:18.139] [main/DEBUG] [mixin/]: Preparing META-INF/industrialforegoing.mixins.json (1)
[22May2025 19:33:18.189] [main/DEBUG] [mixin/]: Preparing fabric-renderer-api-v1.mixins.json (4)
[22May2025 19:33:18.225] [main/DEBUG] [mixin/]: Preparing fabric-renderer-api-v1.debughud.mixins.json (1)
[22May2025 19:33:18.231] [main/DEBUG] [mixin/]: Preparing enderioconduits.mixins.json (1)
[22May2025 19:33:18.233] [main/DEBUG] [mixin/]: Preparing sodium-extra.mixins.json (41)
[22May2025 19:33:18.340] [main/DEBUG] [mixin/]: Preparing jade.mixins.json (6)
[22May2025 19:33:18.361] [main/DEBUG] [mixin/]: Preparing geckolib.mixins.json (4)
[22May2025 19:33:18.365] [main/DEBUG] [mixin/]: Preparing playerAnimator-common.mixins.json (17)
[22May2025 19:33:18.393] [main/DEBUG] [mixin/]: Preparing pehkui.mixins.json (292)
[22May2025 19:33:18.614] [main/DEBUG] [mixin/]: Preparing enderiobase.mixins.json (2)
[22May2025 19:33:18.614] [main/DEBUG] [mixin/]: Preparing neoforge.mixins.json (2)
[22May2025 19:33:18.619] [main/DEBUG] [mixin/]: Preparing mixins.kleiders_custom_renderer.json (0)
[22May2025 19:33:18.619] [main/DEBUG] [mixin/]: Preparing fabric-block-view-api-v2.mixins.json (2)
[22May2025 19:33:18.621] [main/DEBUG] [mixin/]: Preparing fabric-block-view-api-v2.client.mixins.json (2)
[22May2025 19:33:18.622] [main/DEBUG] [mixin/]: Preparing mixins.iris.json (95)
[22May2025 19:33:18.686] [main/DEBUG] [mixin/]: Preparing mixins.iris.fantastic.json (3)
[22May2025 19:33:18.689] [main/DEBUG] [mixin/]: Preparing mixins.iris.vertexformat.json (8)
[22May2025 19:33:18.695] [main/DEBUG] [mixin/]: Preparing iris-batched-entity-rendering.mixins.json (18)
[22May2025 19:33:18.702] [main/DEBUG] [mixin/]: Preparing mixins.iris.compat.sodium.json (21)
[22May2025 19:33:18.712] [main/DEBUG] [mixin/]: Preparing mixins.iris.compat.dh.json (4)
[22May2025 19:33:18.715] [main/DEBUG] [mixin/]: Preparing mixins.iris.forge.json (10)
[22May2025 19:33:18.718] [main/WARN] [mixin/]: Error loading class: com/portingdeadmods/cable_facades/events/GameClientEvents$2 (java.lang.ClassNotFoundException: com.portingdeadmods.cable_facades.events.GameClientEvents$2)
[22May2025 19:33:18.718] [main/DEBUG] [mixin/]: Skipping virtual target com/portingdeadmods/cable_facades/events/GameClientEvents$2 for mixins.iris.forge.json:MixinGameClientEvents from mod iris
[22May2025 19:33:18.724] [main/WARN] [mixin/]: Error loading class: blusunrize/immersiveengineering/client/utils/IEGLShaders (java.lang.ClassNotFoundException: blusunrize.immersiveengineering.client.utils.IEGLShaders)
[22May2025 19:33:18.724] [main/DEBUG] [mixin/]: Skipping virtual target blusunrize/immersiveengineering/client/utils/IEGLShaders for mixins.iris.forge.json:MixinVBOIE from mod iris
[22May2025 19:33:18.724] [main/DEBUG] [mixin/]: Preparing fabric-rendering-data-attachment-v1.mixins.json (2)
[22May2025 19:33:18.724] [main/DEBUG] [mixin/]: Preparing fabric-rendering-data-attachment-v1.client.mixins.json (1)
[22May2025 19:33:18.724] [main/DEBUG] [mixin/]: Preparing sodium-common.mixins.json (79)
[22May2025 19:33:18.736] [main/WARN] [Sodium/]: Force-disabling mixin 'features.render.world.sky.FogRendererMixin' as rule 'mixin.features.render.world.sky' (added by mods [iris]) disables it and children
[22May2025 19:33:18.737] [main/WARN] [Sodium/]: Force-disabling mixin 'features.render.world.sky.ClientLevelMixin' as rule 'mixin.features.render.world.sky' (added by mods [iris]) disables it and children
[22May2025 19:33:18.737] [main/WARN] [Sodium/]: Force-disabling mixin 'features.render.world.sky.LevelRendererMixin' as rule 'mixin.features.render.world.sky' (added by mods [iris]) disables it and children
[22May2025 19:33:18.744] [main/DEBUG] [mixin/]: @Mixin target net/minecraft/client/renderer/OutlineBufferSource$EntityOutlineGenerator is public in sodium-common.mixins.json:core.render.immediate.consumer.EntityOutlineGeneratorMixin from mod sodium and should be specified in value
[22May2025 19:33:18.745] [main/DEBUG] [mixin/]: @Mixin target com/mojang/blaze3d/vertex/VertexMultiConsumer$Double is public in sodium-common.mixins.json:core.render.immediate.consumer.VertexMultiConsumerMixin$DoubleMixin from mod sodium and should be specified in value
[22May2025 19:33:18.765] [main/DEBUG] [mixin/]: Preparing sodium-neoforge.mixins.json (14)
[22May2025 19:33:18.774] [main/DEBUG] [mixin/]: Preparing mixins.justdirethings.json (3)
[22May2025 19:33:18.776] [main/DEBUG] [mixin/]: Preparing enderio-machines.mixins.json (2)
[22May2025 19:33:18.778] [main/DEBUG] [mixin/]: Preparing mixins.simple_incubator.json (0)
[22May2025 19:33:18.778] [main/DEBUG] [mixin/]: Preparing mixinextras.init.mixins.json (0)
[22May2025 19:33:18.828] [main/DEBUG] [mixin/]: Inner class net/irisshaders/iris/mixin/MixinChunkBorderRenderer$1 in net/irisshaders/iris/mixin/MixinChunkBorderRenderer on net/minecraft/client/renderer/debug/ChunkBorderRenderer gets unique name net/minecraft/client/renderer/debug/ChunkBorderRenderer$Anonymous$208ddb6e49574c1d80ecb79ecd3a24fc
[22May2025 19:33:18.862] [main/DEBUG] [mixin/]: Prepared 441 mixins in 0.955 sec (2.2ms avg) (0ms load, 0ms transform, 0ms plugin)
[22May2025 19:33:18.866] [main/INFO] [MixinExtras|Service/]: Initializing MixinExtras via com.llamalad7.mixinextras.service.MixinExtrasServiceImpl(version=0.4.1).
[22May2025 19:33:18.867] [main/DEBUG] [mixin/]: Registering new injector for @SugarWrapper with com.llamalad7.mixinextras.sugar.impl.SugarWrapperInjectionInfo
[22May2025 19:33:18.867] [main/DEBUG] [mixin/]: Registering new injector for @FactoryRedirectWrapper with com.llamalad7.mixinextras.wrapper.factory.FactoryRedirectWrapperInjectionInfo
[22May2025 19:33:18.870] [main/DEBUG] [mixin/]: Mixing texture.MixinAbstractTexture from mixins.iris.json into net.minecraft.client.renderer.texture.AbstractTexture
[22May2025 19:33:18.872] [main/DEBUG] [mixin/]: mixins.iris.json:texture.MixinAbstractTexture from mod iris: Class version 65 required is higher than the class version supported by the current version of Mixin (JAVA_8 supports class version 52)
[22May2025 19:33:18.919] [main/DEBUG] [mixin/]: Mixing texture.SimpleTextureAccessor from mixins.iris.json into net.minecraft.client.renderer.texture.SimpleTexture
[22May2025 19:33:18.919] [main/DEBUG] [mixin/]: mixins.iris.json:texture.SimpleTextureAccessor from mod iris: Class version 65 required is higher than the class version supported by the current version of Mixin (JAVA_8 supports class version 52)
[22May2025 19:33:18.923] [main/DEBUG] [mixin/]: Mixing features.render.immediate.matrix_stack.VertexConsumerMixin from sodium-common.mixins.json into com.mojang.blaze3d.vertex.VertexConsumer
[22May2025 19:33:18.923] [main/DEBUG] [mixin/]: sodium-common.mixins.json:features.render.immediate.matrix_stack.VertexConsumerMixin from mod sodium: Class version 65 required is higher than the class version supported by the current version of Mixin (JAVA_17 supports class version 61)
[22May2025 19:33:18.976] [main/DEBUG] [mixin/]: Mixing features.textures.animations.tracking.GuiGraphicsMixin from sodium-common.mixins.json into net.minecraft.client.gui.GuiGraphics
[22May2025 19:33:18.976] [main/DEBUG] [mixin/]: sodium-common.mixins.json:features.textures.animations.tracking.GuiGraphicsMixin from mod sodium: Class version 65 required is higher than the class version supported by the current version of Mixin (JAVA_17 supports class version 61)
[22May2025 19:33:18.986] [main/DEBUG] [mixin/]: sodium-common.mixins.json:features.textures.animations.tracking.GuiGraphicsMixin from mod sodium->@Inject::preDrawSprite(IIIIILnet/minecraft/client/renderer/texture/TextureAtlasSprite;Lorg/spongepowered/asm/mixin/injection/callback/CallbackInfo;)V doesn't use it's CallbackInfo
[22May2025 19:33:18.986] [main/DEBUG] [mixin/]: sodium-common.mixins.json:features.textures.animations.tracking.GuiGraphicsMixin from mod sodium->@Inject::preDrawSprite(IIIIILnet/minecraft/client/renderer/texture/TextureAtlasSprite;Lorg/spongepowered/asm/mixin/injection/callback/CallbackInfo;)V has 0 override(s) in child classes
[22May2025 19:33:18.986] [main/DEBUG] [mixin/]: sodium-common.mixins.json:features.textures.animations.tracking.GuiGraphicsMixin from mod sodium->@Inject::preDrawSprite(IIIIILnet/minecraft/client/renderer/texture/TextureAtlasSprite;Lorg/spongepowered/asm/mixin/injection/callback/CallbackInfo;)V won't be passed a CallbackInfo as a result
[22May2025 19:33:18.986] [main/DEBUG] [mixin/]: sodium-common.mixins.json:features.textures.animations.tracking.GuiGraphicsMixin from mod sodium->@Inject::preDrawSprite(IIIIILnet/minecraft/client/renderer/texture/TextureAtlasSprite;FFFFLorg/spongepowered/asm/mixin/injection/callback/CallbackInfo;)V doesn't use it's CallbackInfo
[22May2025 19:33:18.986] [main/DEBUG] [mixin/]: sodium-common.mixins.json:features.textures.animations.tracking.GuiGraphicsMixin from mod sodium->@Inject::preDrawSprite(IIIIILnet/minecraft/client/renderer/texture/TextureAtlasSprite;FFFFLorg/spongepowered/asm/mixin/injection/callback/CallbackInfo;)V has 0 override(s) in child classes
[22May2025 19:33:18.986] [main/DEBUG] [mixin/]: sodium-common.mixins.json:features.textures.animations.tracking.GuiGraphicsMixin from mod sodium->@Inject::preDrawSprite(IIIIILnet/minecraft/client/renderer/texture/TextureAtlasSprite;FFFFLorg/spongepowered/asm/mixin/injection/callback/CallbackInfo;)V won't be passed a CallbackInfo as a result
[22May2025 19:33:19.021] [main/DEBUG] [mixin/]: Mixing core.MixinMinecraftClient from sodium-extra.mixins.json into net.minecraft.client.Minecraft
[22May2025 19:33:19.023] [main/DEBUG] [mixin/]: sodium-extra.mixins.json:core.MixinMinecraftClient from mod sodium_extra: Class version 65 required is higher than the class version supported by the current version of Mixin (JAVA_17 supports class version 61)
[22May2025 19:33:19.024] [main/DEBUG] [mixin/]: Mixing gui.MinecraftClientAccessor from sodium-extra.mixins.json into net.minecraft.client.Minecraft
[22May2025 19:33:19.024] [main/DEBUG] [mixin/]: sodium-extra.mixins.json:gui.MinecraftClientAccessor from mod sodium_extra: Class version 65 required is higher than the class version supported by the current version of Mixin (JAVA_17 supports class version 61)
[22May2025 19:33:19.024] [main/DEBUG] [mixin/]: Renaming @Accessor method getFPS()I to getFPS$sodium_extra_$md$60ac39$0 in sodium-extra.mixins.json:gui.MinecraftClientAccessor from mod sodium_extra
[22May2025 19:33:19.024] [main/DEBUG] [mixin/]: Mixing MixinMinecraft_Images from mixins.iris.json into net.minecraft.client.Minecraft
[22May2025 19:33:19.025] [main/DEBUG] [mixin/]: mixins.iris.json:MixinMinecraft_Images from mod iris: Class version 65 required is higher than the class version supported by the current version of Mixin (JAVA_8 supports class version 52)
[22May2025 19:33:19.038] [main/DEBUG] [mixin/]: Mixing MixinMinecraft_Keybinds from mixins.iris.json into net.minecraft.client.Minecraft
[22May2025 19:33:19.038] [main/DEBUG] [mixin/]: mixins.iris.json:MixinMinecraft_Keybinds from mod iris: Class version 65 required is higher than the class version supported by the current version of Mixin (JAVA_8 supports class version 52)
[22May2025 19:33:19.041] [main/DEBUG] [mixin/]: Mixing MixinMinecraft_PipelineManagement from mixins.iris.json into net.minecraft.client.Minecraft
[22May2025 19:33:19.041] [main/DEBUG] [mixin/]: mixins.iris.json:MixinMinecraft_PipelineManagement from mod iris: Class version 65 required is higher than the class version supported by the current version of Mixin (JAVA_8 supports class version 52)
[22May2025 19:33:19.059] [main/DEBUG] [mixin/]: Mixing core.MinecraftMixin from sodium-common.mixins.json into net.minecraft.client.Minecraft
[22May2025 19:33:19.059] [main/DEBUG] [mixin/]: sodium-common.mixins.json:core.MinecraftMixin from mod sodium: Class version 65 required is higher than the class version supported by the current version of Mixin (JAVA_17 supports class version 61)
[22May2025 19:33:19.085] [main/DEBUG] [mixin/]: Mixing platform.neoforge.EntrypointMixin from sodium-neoforge.mixins.json into net.minecraft.client.Minecraft
[22May2025 19:33:19.086] [main/DEBUG] [mixin/]: sodium-neoforge.mixins.json:platform.neoforge.EntrypointMixin from mod sodium: Class version 65 required is higher than the class version supported by the current version of Mixin (JAVA_17 supports class version 61)
[22May2025 19:33:19.086] [main/DEBUG] [mixin/]: Renaming synthetic method lambda$sodium$loadConfig$0(Lnet/neoforged/fml/ModContainer;)Ljava/lang/String; to md60ac39$sodium$lambda$sodium$loadConfig$0$1 in sodium-neoforge.mixins.json:platform.neoforge.EntrypointMixin from mod sodium
[22May2025 19:33:19.111] [main/DEBUG] [mixin/]: sodium-extra.mixins.json:core.MixinMinecraftClient from mod sodium_extra->@Inject::onRunTick(Lorg/spongepowered/asm/mixin/injection/callback/CallbackInfo;)V doesn't use it's CallbackInfo
[22May2025 19:33:19.112] [main/DEBUG] [mixin/]: sodium-extra.mixins.json:core.MixinMinecraftClient from mod sodium_extra->@Inject::onRunTick(Lorg/spongepowered/asm/mixin/injection/callback/CallbackInfo;)V has 0 override(s) in child classes
[22May2025 19:33:19.112] [main/DEBUG] [mixin/]: sodium-extra.mixins.json:core.MixinMinecraftClient from mod sodium_extra->@Inject::onRunTick(Lorg/spongepowered/asm/mixin/injection/callback/CallbackInfo;)V won't be passed a CallbackInfo as a result
[22May2025 19:33:19.112] [main/DEBUG] [mixin/]: mixins.iris.json:MixinMinecraft_Images from mod iris->@Inject::iris$setupImages(Lnet/minecraft/client/main/GameConfig;Lorg/spongepowered/asm/mixin/injection/callback/CallbackInfo;)V doesn't use it's CallbackInfo
[22May2025 19:33:19.112] [main/DEBUG] [mixin/]: mixins.iris.json:MixinMinecraft_Images from mod iris->@Inject::iris$setupImages(Lnet/minecraft/client/main/GameConfig;Lorg/spongepowered/asm/mixin/injection/callback/CallbackInfo;)V has 0 override(s) in child classes
[22May2025 19:33:19.112] [main/DEBUG] [mixin/]: mixins.iris.json:MixinMinecraft_Images from mod iris->@Inject::iris$setupImages(Lnet/minecraft/client/main/GameConfig;Lorg/spongepowered/asm/mixin/injection/callback/CallbackInfo;)V won't be passed a CallbackInfo as a result
[22May2025 19:33:19.112] [main/DEBUG] [mixin/]: mixins.iris.json:MixinMinecraft_Keybinds from mod iris->@Inject::iris$onTick(Lorg/spongepowered/asm/mixin/injection/callback/CallbackInfo;)V doesn't use it's CallbackInfo
[22May2025 19:33:19.112] [main/DEBUG] [mixin/]: mixins.iris.json:MixinMinecraft_Keybinds from mod iris->@Inject::iris$onTick(Lorg/spongepowered/asm/mixin/injection/callback/CallbackInfo;)V has 0 override(s) in child classes
[22May2025 19:33:19.112] [main/DEBUG] [mixin/]: mixins.iris.json:MixinMinecraft_Keybinds from mod iris->@Inject::iris$onTick(Lorg/spongepowered/asm/mixin/injection/callback/CallbackInfo;)V won't be passed a CallbackInfo as a result
[22May2025 19:33:19.112] [main/DEBUG] [mixin/]: mixins.iris.json:MixinMinecraft_PipelineManagement from mod iris->@Inject::iris$trackLastDimensionOnLeave(Lnet/minecraft/client/gui/screens/Screen;Lorg/spongepowered/asm/mixin/injection/callback/CallbackInfo;)V doesn't use it's CallbackInfo
[22May2025 19:33:19.112] [main/DEBUG] [mixin/]: mixins.iris.json:MixinMinecraft_PipelineManagement from mod iris->@Inject::iris$trackLastDimensionOnLeave(Lnet/minecraft/client/gui/screens/Screen;Lorg/spongepowered/asm/mixin/injection/callback/CallbackInfo;)V has 0 override(s) in child classes
[22May2025 19:33:19.112] [main/DEBUG] [mixin/]: mixins.iris.json:MixinMinecraft_PipelineManagement from mod iris->@Inject::iris$trackLastDimensionOnLeave(Lnet/minecraft/client/gui/screens/Screen;Lorg/spongepowered/asm/mixin/injection/callback/CallbackInfo;)V won't be passed a CallbackInfo as a result
[22May2025 19:33:19.112] [main/DEBUG] [mixin/]: mixins.iris.json:MixinMinecraft_PipelineManagement from mod iris->@Inject::iris$trackLastDimensionOnLevelChange(Lnet/minecraft/client/multiplayer/ClientLevel;Lnet/minecraft/client/gui/screens/ReceivingLevelScreen$Reason;Lorg/spongepowered/asm/mixin/injection/callback/CallbackInfo;)V doesn't use it's CallbackInfo
[22May2025 19:33:19.112] [main/DEBUG] [mixin/]: mixins.iris.json:MixinMinecraft_PipelineManagement from mod iris->@Inject::iris$trackLastDimensionOnLevelChange(Lnet/minecraft/client/multiplayer/ClientLevel;Lnet/minecraft/client/gui/screens/ReceivingLevelScreen$Reason;Lorg/spongepowered/asm/mixin/injection/callback/CallbackInfo;)V has 0 override(s) in child classes
[22May2025 19:33:19.112] [main/DEBUG] [mixin/]: mixins.iris.json:MixinMinecraft_PipelineManagement from mod iris->@Inject::iris$trackLastDimensionOnLevelChange(Lnet/minecraft/client/multiplayer/ClientLevel;Lnet/minecraft/client/gui/screens/ReceivingLevelScreen$Reason;Lorg/spongepowered/asm/mixin/injection/callback/CallbackInfo;)V won't be passed a CallbackInfo as a result
[22May2025 19:33:19.112] [main/DEBUG] [mixin/]: mixins.iris.json:MixinMinecraft_PipelineManagement from mod iris->@Inject::iris$resetPipeline(Lnet/minecraft/client/multiplayer/ClientLevel;Lorg/spongepowered/asm/mixin/injection/callback/CallbackInfo;)V doesn't use it's CallbackInfo
[22May2025 19:33:19.113] [main/DEBUG] [mixin/]: mixins.iris.json:MixinMinecraft_PipelineManagement from mod iris->@Inject::iris$resetPipeline(Lnet/minecraft/client/multiplayer/ClientLevel;Lorg/spongepowered/asm/mixin/injection/callback/CallbackInfo;)V has 0 override(s) in child classes
[22May2025 19:33:19.113] [main/DEBUG] [mixin/]: mixins.iris.json:MixinMinecraft_PipelineManagement from mod iris->@Inject::iris$resetPipeline(Lnet/minecraft/client/multiplayer/ClientLevel;Lorg/spongepowered/asm/mixin/injection/callback/CallbackInfo;)V won't be passed a CallbackInfo as a result
[22May2025 19:33:19.113] [main/DEBUG] [mixin/]: sodium-common.mixins.json:core.MinecraftMixin from mod sodium->@Inject::preRender(ZLorg/spongepowered/asm/mixin/injection/callback/CallbackInfo;)V doesn't use it's CallbackInfo
[22May2025 19:33:19.113] [main/DEBUG] [mixin/]: sodium-common.mixins.json:core.MinecraftMixin from mod sodium->@Inject::preRender(ZLorg/spongepowered/asm/mixin/injection/callback/CallbackInfo;)V has 0 override(s) in child classes
[22May2025 19:33:19.113] [main/DEBUG] [mixin/]: sodium-common.mixins.json:core.MinecraftMixin from mod sodium->@Inject::preRender(ZLorg/spongepowered/asm/mixin/injection/callback/CallbackInfo;)V won't be passed a CallbackInfo as a result
[22May2025 19:33:19.113] [main/DEBUG] [mixin/]: sodium-common.mixins.json:core.MinecraftMixin from mod sodium->@Inject::postRender(ZLorg/spongepowered/asm/mixin/injection/callback/CallbackInfo;)V doesn't use it's CallbackInfo
[22May2025 19:33:19.113] [main/DEBUG] [mixin/]: sodium-common.mixins.json:core.MinecraftMixin from mod sodium->@Inject::postRender(ZLorg/spongepowered/asm/mixin/injection/callback/CallbackInfo;)V has 0 override(s) in child classes
[22May2025 19:33:19.113] [main/DEBUG] [mixin/]: sodium-common.mixins.json:core.MinecraftMixin from mod sodium->@Inject::postRender(ZLorg/spongepowered/asm/mixin/injection/callback/CallbackInfo;)V won't be passed a CallbackInfo as a result
[22May2025 19:33:19.117] [main/DEBUG] [mixin/]: sodium-common.mixins.json:core.MinecraftMixin from mod sodium->@Inject::postInit(Lorg/spongepowered/asm/mixin/injection/callback/CallbackInfoReturnable;)V doesn't use it's CallbackInfoReturnable
[22May2025 19:33:19.117] [main/DEBUG] [mixin/]: sodium-common.mixins.json:core.MinecraftMixin from mod sodium->@Inject::postInit(Lorg/spongepowered/asm/mixin/injection/callback/CallbackInfoReturnable;)V has 0 override(s) in child classes
[22May2025 19:33:19.117] [main/DEBUG] [mixin/]: sodium-common.mixins.json:core.MinecraftMixin from mod sodium->@Inject::postInit(Lorg/spongepowered/asm/mixin/injection/callback/CallbackInfoReturnable;)V won't be passed a CallbackInfoReturnable as a result
[22May2025 19:33:19.117] [main/DEBUG] [mixin/]: sodium-common.mixins.json:core.MinecraftMixin from mod sodium->@Inject::postResourceReload(Lorg/spongepowered/asm/mixin/injection/callback/CallbackInfoReturnable;)V doesn't use it's CallbackInfoReturnable
[22May2025 19:33:19.118] [main/DEBUG] [mixin/]: sodium-common.mixins.json:core.MinecraftMixin from mod sodium->@Inject::postResourceReload(Lorg/spongepowered/asm/mixin/injection/callback/CallbackInfoReturnable;)V has 0 override(s) in child classes
[22May2025 19:33:19.118] [main/DEBUG] [mixin/]: sodium-common.mixins.json:core.MinecraftMixin from mod sodium->@Inject::postResourceReload(Lorg/spongepowered/asm/mixin/injection/callback/CallbackInfoReturnable;)V won't be passed a CallbackInfoReturnable as a result
[22May2025 19:33:19.118] [main/DEBUG] [mixin/]: sodium-neoforge.mixins.json:platform.neoforge.EntrypointMixin from mod sodium->@Inject::sodium$loadConfig(Lnet/minecraft/client/main/GameConfig;Lorg/spongepowered/asm/mixin/injection/callback/CallbackInfo;)V doesn't use it's CallbackInfo
[22May2025 19:33:19.118] [main/DEBUG] [mixin/]: sodium-neoforge.mixins.json:platform.neoforge.EntrypointMixin from mod sodium->@Inject::sodium$loadConfig(Lnet/minecraft/client/main/GameConfig;Lorg/spongepowered/asm/mixin/injection/callback/CallbackInfo;)V has 0 override(s) in child classes
[22May2025 19:33:19.118] [main/DEBUG] [mixin/]: sodium-neoforge.mixins.json:platform.neoforge.EntrypointMixin from mod sodium->@Inject::sodium$loadConfig(Lnet/minecraft/client/main/GameConfig;Lorg/spongepowered/asm/mixin/injection/callback/CallbackInfo;)V won't be passed a CallbackInfo as a result
[22May2025 19:33:19.557] [main/DEBUG] [io.netty.util.internal.logging.InternalLoggerFactory/]: Using SLF4J as the default logging framework
[22May2025 19:33:19.565] [main/DEBUG] [io.netty.util.ResourceLeakDetector/]: -Dio.netty.leakDetection.level: simple
[22May2025 19:33:19.565] [main/DEBUG] [io.netty.util.ResourceLeakDetector/]: -Dio.netty.leakDetection.targetRecords: 4
[22May2025 19:33:19.628] [main/DEBUG] [mixin/]: Mixing compat116plus.NbtCompoundMixin from pehkui.mixins.json into net.minecraft.nbt.CompoundTag
[22May2025 19:33:19.628] [main/DEBUG] [mixin/]: pehkui.mixins.json:compat116plus.NbtCompoundMixin from mod pehkui: Class version 65 required is higher than the class version supported by the current version of Mixin (JAVA_17 supports class version 61)
[22May2025 19:33:19.668] [main/DEBUG] [mixin/]: Mixing texture.MixinResourceLocation from mixins.iris.json into net.minecraft.resources.ResourceLocation
[22May2025 19:33:19.669] [main/DEBUG] [mixin/]: mixins.iris.json:texture.MixinResourceLocation from mod iris: Class version 65 required is higher than the class version supported by the current version of Mixin (JAVA_8 supports class version 52)
[22May2025 19:33:19.672] [main/DEBUG] [mixin/]: mixins.iris.json:texture.MixinResourceLocation from mod iris->@Inject::iris$blockDUMMY(Ljava/lang/String;Lorg/spongepowered/asm/mixin/injection/callback/CallbackInfoReturnable;)V does use it's CallbackInfoReturnable
[22May2025 19:33:19.672] [main/DEBUG] [mixin/]: mixins.iris.json:texture.MixinResourceLocation from mod iris->@Inject::iris$allowInvalidPaths(CLorg/spongepowered/asm/mixin/injection/callback/CallbackInfoReturnable;)V does use it's CallbackInfoReturnable
[22May2025 19:33:20.524] [main/DEBUG] [mixin/]: Mixing MixinSystemReport from mixins.iris.json into net.minecraft.SystemReport
[22May2025 19:33:20.525] [main/DEBUG] [mixin/]: mixins.iris.json:MixinSystemReport from mod iris: Class version 65 required is higher than the class version supported by the current version of Mixin (JAVA_8 supports class version 52)
[22May2025 19:33:20.525] [main/DEBUG] [mixin/]: Renaming synthetic method lambda$fillSystemDetails$1()Ljava/lang/String; to md60ac39$iris$lambda$fillSystemDetails$1$0 in mixins.iris.json:MixinSystemReport from mod iris
[22May2025 19:33:20.525] [main/DEBUG] [mixin/]: Renaming synthetic method lambda$fillSystemDetails$0(Ljava/lang/StringBuilder;Lnet/irisshaders/iris/shaderpack/ShaderPack;)V to md60ac39$iris$lambda$fillSystemDetails$0$1 in mixins.iris.json:MixinSystemReport from mod iris
[22May2025 19:33:20.534] [main/DEBUG] [mixin/]: mixins.iris.json:MixinSystemReport from mod iris->@Inject::fillSystemDetails(Lorg/spongepowered/asm/mixin/injection/callback/CallbackInfo;)V doesn't use it's CallbackInfo
[22May2025 19:33:20.534] [main/DEBUG] [mixin/]: mixins.iris.json:MixinSystemReport from mod iris->@Inject::fillSystemDetails(Lorg/spongepowered/asm/mixin/injection/callback/CallbackInfo;)V has 0 override(s) in child classes
[22May2025 19:33:20.534] [main/DEBUG] [mixin/]: mixins.iris.json:MixinSystemReport from mod iris->@Inject::fillSystemDetails(Lorg/spongepowered/asm/mixin/injection/callback/CallbackInfo;)V won't be passed a CallbackInfo as a result
[22May2025 19:33:20.582] [main/DEBUG] [oshi.util.FileUtil/]: No oshi.properties file found from ClassLoader cpw.mods.modlauncher.TransformingClassLoader@4867ab9f
[22May2025 19:33:20.951] [Datafixer Bootstrap/INFO] [com.mojang.datafixers.DataFixerBuilder/]: 229 Datafixer optimizations took 440 milliseconds
[22May2025 19:33:21.048] [main/DEBUG] [oshi.util.FileUtil/]: No oshi.architecture.properties file found from ClassLoader cpw.mods.modlauncher.TransformingClassLoader@4867ab9f
[22May2025 19:33:21.108] [main/WARN] [oshi.driver.windows.perfmon.PerfmonDisabled/]: Invalid registry value type detected for PerfOS counters. Should be REG_DWORD. Ignoring: HKEY_LOCAL_MACHINE\SYSTEM\CurrentControlSet\Services\PerfOS\Performance\Disable Performance Counters.
[22May2025 19:33:21.154] [pool-19-thread-1/DEBUG] [mixin/]: Mixing MappedRegistryAccessor from neoforge.mixins.json into net.minecraft.core.MappedRegistry
[22May2025 19:33:21.246] [pool-19-thread-1/DEBUG] [mixin/]: Mixing BlockViewMixin from fabric-block-view-api-v2.mixins.json into net.minecraft.world.level.BlockGetter
[22May2025 19:33:21.246] [pool-19-thread-1/DEBUG] [mixin/]: fabric-block-view-api-v2.mixins.json:BlockViewMixin from mod fabric_block_view_api_v2: Class version 65 required is higher than the class version supported by the current version of Mixin (JAVA_17 supports class version 61)
[22May2025 19:33:21.249] [pool-19-thread-1/DEBUG] [mixin/]: Mixing MixinBlockStateBehavior from mixins.iris.json into net.minecraft.world.level.block.state.BlockBehaviour$BlockStateBase
[22May2025 19:33:21.250] [pool-19-thread-1/DEBUG] [mixin/]: mixins.iris.json:MixinBlockStateBehavior from mod iris: Class version 65 required is higher than the class version supported by the current version of Mixin (JAVA_8 supports class version 52)
[22May2025 19:33:21.252] [pool-19-thread-1/DEBUG] [mixin/]: Mixing compat116plus.AbstractBlockStateMixin from pehkui.mixins.json into net.minecraft.world.level.block.state.BlockBehaviour$BlockStateBase
[22May2025 19:33:21.252] [pool-19-thread-1/DEBUG] [mixin/]: pehkui.mixins.json:compat116plus.AbstractBlockStateMixin from mod pehkui: Class version 65 required is higher than the class version supported by the current version of Mixin (JAVA_17 supports class version 61)
[22May2025 19:33:21.255] [pool-19-thread-1/DEBUG] [mixin/]: mixins.iris.json:MixinBlockStateBehavior from mod iris->@Inject::getShadeBrightness(Lnet/minecraft/world/level/BlockGetter;Lnet/minecraft/core/BlockPos;Lorg/spongepowered/asm/mixin/injection/callback/CallbackInfoReturnable;)V does use it's CallbackInfoReturnable
[22May2025 19:33:21.267] [pool-19-thread-1/DEBUG] [mixin/]: Mixing WorldViewMixin from fabric-rendering-data-attachment-v1.mixins.json into net.minecraft.world.level.LevelReader
[22May2025 19:33:21.267] [pool-19-thread-1/DEBUG] [mixin/]: fabric-rendering-data-attachment-v1.mixins.json:WorldViewMixin from mod fabric_rendering_data_attachment_v1: Class version 65 required is higher than the class version supported by the current version of Mixin (JAVA_17 supports class version 61)
[22May2025 19:33:21.269] [pool-19-thread-1/DEBUG] [mixin/]: Mixing CollisionMixin from mixins.justdirethings.json into net.minecraft.world.level.CollisionGetter
[22May2025 19:33:21.269] [pool-19-thread-1/DEBUG] [mixin/]: mixins.justdirethings.json:CollisionMixin from mod justdirethings: Class version 65 required is higher than the class version supported by the current version of Mixin (JAVA_17 supports class version 61)
[22May2025 19:33:21.269] [pool-19-thread-1/DEBUG] [mixin/]: Renaming synthetic method lambda$getOriginalBlockCollisions$2(Lnet/minecraft/world/entity/Entity;Lnet/minecraft/world/phys/AABB;)Ljava/util/Iterator; to md60ac39$justdirethings$lambda$getOriginalBlockCollisions$2$0 in mixins.justdirethings.json:CollisionMixin from mod justdirethings
[22May2025 19:33:21.269] [pool-19-thread-1/DEBUG] [mixin/]: Renaming synthetic method lambda$getOriginalBlockCollisions$1(Lnet/minecraft/core/BlockPos$MutableBlockPos;Lnet/minecraft/world/phys/shapes/VoxelShape;)Lnet/minecraft/world/phys/shapes/VoxelShape; to md60ac39$justdirethings$lambda$getOriginalBlockCollisions$1$1 in mixins.justdirethings.json:CollisionMixin from mod justdirethings
[22May2025 19:33:21.269] [pool-19-thread-1/DEBUG] [mixin/]: Renaming synthetic method lambda$onGetBlockCollisions$0(Lnet/minecraft/world/phys/AABB;Lnet/minecraft/world/entity/player/Player;Lnet/minecraft/world/phys/shapes/VoxelShape;)Z to md60ac39$justdirethings$lambda$onGetBlockCollisions$0$2 in mixins.justdirethings.json:CollisionMixin from mod justdirethings
[22May2025 19:33:21.293] [pool-19-thread-1/DEBUG] [mixin/]: mixins.justdirethings.json:CollisionMixin from mod justdirethings->@Inject::collidesWithSuffocatingBlock(Lnet/minecraft/world/entity/Entity;Lnet/minecraft/world/phys/AABB;Lorg/spongepowered/asm/mixin/injection/callback/CallbackInfoReturnable;)V does use it's CallbackInfoReturnable
[22May2025 19:33:21.293] [pool-19-thread-1/DEBUG] [mixin/]: mixins.justdirethings.json:CollisionMixin from mod justdirethings->@Inject::onGetBlockCollisions(Lnet/minecraft/world/entity/Entity;Lnet/minecraft/world/phys/AABB;Lorg/spongepowered/asm/mixin/injection/callback/CallbackInfoReturnable;)V does use it's CallbackInfoReturnable
[22May2025 19:33:21.320] [pool-19-thread-1/DEBUG] [mixin/]: Mixing EntityAccess from jade.mixins.json into net.minecraft.world.entity.Entity
[22May2025 19:33:21.321] [pool-19-thread-1/DEBUG] [mixin/]: jade.mixins.json:EntityAccess from mod jade: Class version 65 required is higher than the class version supported by the current version of Mixin (JAVA_16 supports class version 60)
[22May2025 19:33:21.322] [pool-19-thread-1/DEBUG] [mixin/]: Mixing EntityMixin from pehkui.mixins.json into net.minecraft.world.entity.Entity
[22May2025 19:33:21.322] [pool-19-thread-1/DEBUG] [mixin/]: pehkui.mixins.json:EntityMixin from mod pehkui: Class version 65 required is higher than the class version supported by the current version of Mixin (JAVA_17 supports class version 61)
[22May2025 19:33:21.331] [pool-19-thread-1/DEBUG] [mixin/]: Mixing ThreadSafeScaledEntityMixin from pehkui.mixins.json into net.minecraft.world.entity.Entity
[22May2025 19:33:21.332] [pool-19-thread-1/DEBUG] [mixin/]: pehkui.mixins.json:ThreadSafeScaledEntityMixin from mod pehkui: Class version 65 required is higher than the class version supported by the current version of Mixin (JAVA_17 supports class version 61)
[22May2025 19:33:21.337] [pool-19-thread-1/DEBUG] [mixin/]: Mixing compat117plus.EntityCalculateDimensionsMixin from pehkui.mixins.json into net.minecraft.world.entity.Entity
[22May2025 19:33:21.337] [pool-19-thread-1/DEBUG] [mixin/]: pehkui.mixins.json:compat117plus.EntityCalculateDimensionsMixin from mod pehkui: Class version 65 required is higher than the class version supported by the current version of Mixin (JAVA_17 supports class version 61)
[22May2025 19:33:21.337] [pool-19-thread-1/DEBUG] [mixin/]: Renaming synthetic method lambda$pehkui$calculateDimensions$0(Lnet/minecraft/world/entity/Entity;DLnet/minecraft/world/phys/Vec3;)V to md60ac39$pehkui$lambda$pehkui$calculateDimensions$0$0 in pehkui.mixins.json:compat117plus.EntityCalculateDimensionsMixin from mod pehkui
[22May2025 19:33:21.360] [pool-19-thread-1/DEBUG] [mixin/]: Mixing compat117plus.EntityMixin from pehkui.mixins.json into net.minecraft.world.entity.Entity
[22May2025 19:33:21.361] [pool-19-thread-1/DEBUG] [mixin/]: pehkui.mixins.json:compat117plus.EntityMixin from mod pehkui: Class version 65 required is higher than the class version supported by the current version of Mixin (JAVA_17 supports class version 61)
[22May2025 19:33:21.362] [pool-19-thread-1/DEBUG] [mixin/]: Mixing compat1205plus.EntityMixin from pehkui.mixins.json into net.minecraft.world.entity.Entity
[22May2025 19:33:21.362] [pool-19-thread-1/DEBUG] [mixin/]: pehkui.mixins.json:compat1205plus.EntityMixin from mod pehkui: Class version 65 required is higher than the class version supported by the current version of Mixin (JAVA_17 supports class version 61)
[22May2025 19:33:21.362] [pool-19-thread-1/DEBUG] [mixin/]: Mixing compat120plus.EntityMixin from pehkui.mixins.json into net.minecraft.world.entity.Entity
[22May2025 19:33:21.362] [pool-19-thread-1/DEBUG] [mixin/]: pehkui.mixins.json:compat120plus.EntityMixin from mod pehkui: Class version 65 required is higher than the class version supported by the current version of Mixin (JAVA_17 supports class version 61)
[22May2025 19:33:21.363] [pool-19-thread-1/DEBUG] [mixin/]: Mixing step_height.compat1194plus.EntityMixin from pehkui.mixins.json into net.minecraft.world.entity.Entity
[22May2025 19:33:21.363] [pool-19-thread-1/DEBUG] [mixin/]: pehkui.mixins.json:step_height.compat1194plus.EntityMixin from mod pehkui: Class version 65 required is higher than the class version supported by the current version of Mixin (JAVA_17 supports class version 61)
[22May2025 19:33:21.363] [pool-19-thread-1/DEBUG] [mixin/]: Mixing EntityMixin from mixins.justdirethings.json into net.minecraft.world.entity.Entity
[22May2025 19:33:21.363] [pool-19-thread-1/DEBUG] [mixin/]: mixins.justdirethings.json:EntityMixin from mod justdirethings: Class version 65 required is higher than the class version supported by the current version of Mixin (JAVA_17 supports class version 61)
[22May2025 19:33:21.398] [pool-19-thread-1/DEBUG] [mixin/]: pehkui.mixins.json:EntityMixin from mod pehkui->@Inject::pehkui$readNbt(Lnet/minecraft/nbt/CompoundTag;Lorg/spongepowered/asm/mixin/injection/callback/CallbackInfo;)V doesn't use it's CallbackInfo
[22May2025 19:33:21.398] [pool-19-thread-1/DEBUG] [mixin/]: pehkui.mixins.json:EntityMixin from mod pehkui->@Inject::pehkui$readNbt(Lnet/minecraft/nbt/CompoundTag;Lorg/spongepowered/asm/mixin/injection/callback/CallbackInfo;)V has 0 override(s) in child classes
[22May2025 19:33:21.399] [pool-19-thread-1/DEBUG] [mixin/]: pehkui.mixins.json:EntityMixin from mod pehkui->@Inject::pehkui$readNbt(Lnet/minecraft/nbt/CompoundTag;Lorg/spongepowered/asm/mixin/injection/callback/CallbackInfo;)V won't be passed a CallbackInfo as a result
[22May2025 19:33:21.399] [pool-19-thread-1/DEBUG] [mixin/]: pehkui.mixins.json:EntityMixin from mod pehkui->@Inject::pehkui$writeNbt(Lnet/minecraft/nbt/CompoundTag;Lorg/spongepowered/asm/mixin/injection/callback/CallbackInfoReturnable;)V doesn't use it's CallbackInfoReturnable
[22May2025 19:33:21.399] [pool-19-thread-1/DEBUG] [mixin/]: pehkui.mixins.json:EntityMixin from mod pehkui->@Inject::pehkui$writeNbt(Lnet/minecraft/nbt/CompoundTag;Lorg/spongepowered/asm/mixin/injection/callback/CallbackInfoReturnable;)V has 0 override(s) in child classes
[22May2025 19:33:21.399] [pool-19-thread-1/DEBUG] [mixin/]: pehkui.mixins.json:EntityMixin from mod pehkui->@Inject::pehkui$writeNbt(Lnet/minecraft/nbt/CompoundTag;Lorg/spongepowered/asm/mixin/injection/callback/CallbackInfoReturnable;)V won't be passed a CallbackInfoReturnable as a result
[22May2025 19:33:21.399] [pool-19-thread-1/DEBUG] [mixin/]: pehkui.mixins.json:EntityMixin from mod pehkui->@Inject::pehkui$tick(Lorg/spongepowered/asm/mixin/injection/callback/CallbackInfo;)V doesn't use it's CallbackInfo
[22May2025 19:33:21.399] [pool-19-thread-1/DEBUG] [mixin/]: pehkui.mixins.json:EntityMixin from mod pehkui->@Inject::pehkui$tick(Lorg/spongepowered/asm/mixin/injection/callback/CallbackInfo;)V has 0 override(s) in child classes
[22May2025 19:33:21.399] [pool-19-thread-1/DEBUG] [mixin/]: pehkui.mixins.json:EntityMixin from mod pehkui->@Inject::pehkui$tick(Lorg/spongepowered/asm/mixin/injection/callback/CallbackInfo;)V won't be passed a CallbackInfo as a result
[22May2025 19:33:21.399] [pool-19-thread-1/DEBUG] [mixin/]: pehkui.mixins.json:EntityMixin from mod pehkui->@Inject::pehkui$onStartedTrackingBy(Lnet/minecraft/server/level/ServerPlayer;Lorg/spongepowered/asm/mixin/injection/callback/CallbackInfo;)V doesn't use it's CallbackInfo
[22May2025 19:33:21.399] [pool-19-thread-1/DEBUG] [mixin/]: pehkui.mixins.json:EntityMixin from mod pehkui->@Inject::pehkui$onStartedTrackingBy(Lnet/minecraft/server/level/ServerPlayer;Lorg/spongepowered/asm/mixin/injection/callback/CallbackInfo;)V has 0 override(s) in child classes
[22May2025 19:33:21.399] [pool-19-thread-1/DEBUG] [mixin/]: pehkui.mixins.json:EntityMixin from mod pehkui->@Inject::pehkui$onStartedTrackingBy(Lnet/minecraft/server/level/ServerPlayer;Lorg/spongepowered/asm/mixin/injection/callback/CallbackInfo;)V won't be passed a CallbackInfo as a result
[22May2025 19:33:21.400] [pool-19-thread-1/DEBUG] [mixin/]: pehkui.mixins.json:EntityMixin from mod pehkui->@Inject::pehkui$spawnSprintingParticles(Lorg/spongepowered/asm/mixin/injection/callback/CallbackInfo;)V does use it's CallbackInfo
[22May2025 19:33:21.401] [pool-19-thread-1/DEBUG] [mixin/]: pehkui.mixins.json:compat117plus.EntityCalculateDimensionsMixin from mod pehkui->@Inject::pehkui$calculateDimensions(Lorg/spongepowered/asm/mixin/injection/callback/CallbackInfo;)V doesn't use it's CallbackInfo
[22May2025 19:33:21.401] [pool-19-thread-1/DEBUG] [mixin/]: pehkui.mixins.json:compat117plus.EntityCalculateDimensionsMixin from mod pehkui->@Inject::pehkui$calculateDimensions(Lorg/spongepowered/asm/mixin/injection/callback/CallbackInfo;)V has 0 override(s) in child classes
[22May2025 19:33:21.401] [pool-19-thread-1/DEBUG] [mixin/]: pehkui.mixins.json:compat117plus.EntityCalculateDimensionsMixin from mod pehkui->@Inject::pehkui$calculateDimensions(Lorg/spongepowered/asm/mixin/injection/callback/CallbackInfo;)V won't be passed a CallbackInfo as a result
[22May2025 19:33:21.402] [pool-19-thread-1/DEBUG] [mixin/]: mixins.justdirethings.json:EntityMixin from mod justdirethings->@Inject::onIsInWall(Lorg/spongepowered/asm/mixin/injection/callback/CallbackInfoReturnable;)V does use it's CallbackInfoReturnable
[22May2025 19:33:21.423] [pool-19-thread-1/DEBUG] [mixin/]: Mixing step_height.IForgeEntityMixin from pehkui.mixins.json into net.neoforged.neoforge.common.extensions.IEntityExtension
[22May2025 19:33:21.423] [pool-19-thread-1/DEBUG] [mixin/]: pehkui.mixins.json:step_height.IForgeEntityMixin from mod pehkui: Class version 65 required is higher than the class version supported by the current version of Mixin (JAVA_17 supports class version 61)
[22May2025 19:33:21.429] [pool-19-thread-1/DEBUG] [mixin/]: Mixing reach.PlayerEntityMixin from pehkui.mixins.json into net.minecraft.world.entity.player.Player
[22May2025 19:33:21.429] [pool-19-thread-1/DEBUG] [mixin/]: pehkui.mixins.json:reach.PlayerEntityMixin from mod pehkui: Class version 65 required is higher than the class version supported by the current version of Mixin (JAVA_17 supports class version 61)
[22May2025 19:33:21.430] [pool-19-thread-1/DEBUG] [mixin/]: Mixing PlayerEntityMixin from playerAnimator-common.mixins.json into net.minecraft.world.entity.player.Player
[22May2025 19:33:21.434] [pool-19-thread-1/DEBUG] [mixin/]: Mixing PlayerEntityMixin from pehkui.mixins.json into net.minecraft.world.entity.player.Player
[22May2025 19:33:21.434] [pool-19-thread-1/DEBUG] [mixin/]: pehkui.mixins.json:PlayerEntityMixin from mod pehkui: Class version 65 required is higher than the class version supported by the current version of Mixin (JAVA_17 supports class version 61)
[22May2025 19:33:21.435] [pool-19-thread-1/DEBUG] [mixin/]: Mixing compat117plus.PlayerEntityMixin from pehkui.mixins.json into net.minecraft.world.entity.player.Player
[22May2025 19:33:21.436] [pool-19-thread-1/DEBUG] [mixin/]: pehkui.mixins.json:compat117plus.PlayerEntityMixin from mod pehkui: Class version 65 required is higher than the class version supported by the current version of Mixin (JAVA_17 supports class version 61)
[22May2025 19:33:21.436] [pool-19-thread-1/DEBUG] [mixin/]: Mixing compat1194plus.PlayerEntityMixin from pehkui.mixins.json into net.minecraft.world.entity.player.Player
[22May2025 19:33:21.436] [pool-19-thread-1/DEBUG] [mixin/]: pehkui.mixins.json:compat1194plus.PlayerEntityMixin from mod pehkui: Class version 65 required is higher than the class version supported by the current version of Mixin (JAVA_17 supports class version 61)
[22May2025 19:33:21.436] [pool-19-thread-1/DEBUG] [mixin/]: Mixing compat1205plus.PlayerEntityMixin from pehkui.mixins.json into net.minecraft.world.entity.player.Player
[22May2025 19:33:21.436] [pool-19-thread-1/DEBUG] [mixin/]: pehkui.mixins.json:compat1205plus.PlayerEntityMixin from mod pehkui: Class version 65 required is higher than the class version supported by the current version of Mixin (JAVA_17 supports class version 61)
[22May2025 19:33:21.448] [pool-19-thread-1/DEBUG] [mixin/]: playerAnimator-common.mixins.json:PlayerEntityMixin from mod playeranimator->@Inject::tick(Lorg/spongepowered/asm/mixin/injection/callback/CallbackInfo;)V doesn't use it's CallbackInfo
[22May2025 19:33:21.448] [pool-19-thread-1/DEBUG] [mixin/]: playerAnimator-common.mixins.json:PlayerEntityMixin from mod playeranimator->@Inject::tick(Lorg/spongepowered/asm/mixin/injection/callback/CallbackInfo;)V has 0 override(s) in child classes
[22May2025 19:33:21.448] [pool-19-thread-1/DEBUG] [mixin/]: playerAnimator-common.mixins.json:PlayerEntityMixin from mod playeranimator->@Inject::tick(Lorg/spongepowered/asm/mixin/injection/callback/CallbackInfo;)V won't be passed a CallbackInfo as a result
[22May2025 19:33:21.448] [pool-19-thread-1/DEBUG] [mixin/]: pehkui.mixins.json:PlayerEntityMixin from mod pehkui->@Inject::pehkui$dropItem(Lnet/minecraft/world/item/ItemStack;ZZLorg/spongepowered/asm/mixin/injection/callback/CallbackInfoReturnable;)V does use it's CallbackInfoReturnable
[22May2025 19:33:21.448] [pool-19-thread-1/DEBUG] [mixin/]: pehkui.mixins.json:PlayerEntityMixin from mod pehkui->@Inject::pehkui$dropItem(Lnet/minecraft/world/item/ItemStack;ZZLorg/spongepowered/asm/mixin/injection/callback/CallbackInfoReturnable;)V does use it's CallbackInfoReturnable
[22May2025 19:33:21.448] [pool-19-thread-1/DEBUG] [mixin/]: pehkui.mixins.json:PlayerEntityMixin from mod pehkui->@Inject::pehkui$getBlockBreakingSpeed(Lnet/minecraft/world/level/block/state/BlockState;Lnet/minecraft/core/BlockPos;Lorg/spongepowered/asm/mixin/injection/callback/CallbackInfoReturnable;)V does use it's CallbackInfoReturnable
[22May2025 19:33:21.456] [pool-19-thread-1/DEBUG] [mixin/]: Mixing reach.IForgePlayerMixin from pehkui.mixins.json into net.neoforged.neoforge.common.extensions.IPlayerExtension
[22May2025 19:33:21.456] [pool-19-thread-1/DEBUG] [mixin/]: pehkui.mixins.json:reach.IForgePlayerMixin from mod pehkui: Class version 65 required is higher than the class version supported by the current version of Mixin (JAVA_17 supports class version 61)
[22May2025 19:33:21.462] [pool-19-thread-1/DEBUG] [mixin/]: Mixing LivingEntityMixin from pehkui.mixins.json into net.minecraft.world.entity.LivingEntity
[22May2025 19:33:21.463] [pool-19-thread-1/DEBUG] [mixin/]: pehkui.mixins.json:LivingEntityMixin from mod pehkui: Class version 65 required is higher than the class version supported by the current version of Mixin (JAVA_17 supports class version 61)
[22May2025 19:33:21.463] [pool-19-thread-1/DEBUG] [mixin/]: Renaming synthetic method lambda$pehkui$tickMovement$minVelocity$0(I)Z to md60ac39$pehkui$lambda$pehkui$tickMovement$minVelocity$0$0 in pehkui.mixins.json:LivingEntityMixin from mod pehkui
[22May2025 19:33:21.470] [pool-19-thread-1/DEBUG] [mixin/]: Mixing compat117plus.LivingEntityMixin from pehkui.mixins.json into net.minecraft.world.entity.LivingEntity
[22May2025 19:33:21.470] [pool-19-thread-1/DEBUG] [mixin/]: pehkui.mixins.json:compat117plus.LivingEntityMixin from mod pehkui: Class version 65 required is higher than the class version supported by the current version of Mixin (JAVA_17 supports class version 61)
[22May2025 19:33:21.471] [pool-19-thread-1/DEBUG] [mixin/]: Mixing compat1194plus.LivingEntityMixin from pehkui.mixins.json into net.minecraft.world.entity.LivingEntity
[22May2025 19:33:21.471] [pool-19-thread-1/DEBUG] [mixin/]: pehkui.mixins.json:compat1194plus.LivingEntityMixin from mod pehkui: Class version 65 required is higher than the class version supported by the current version of Mixin (JAVA_17 supports class version 61)
[22May2025 19:33:21.471] [pool-19-thread-1/DEBUG] [mixin/]: Mixing compat1205plus.LivingEntityMixin from pehkui.mixins.json into net.minecraft.world.entity.LivingEntity
[22May2025 19:33:21.471] [pool-19-thread-1/DEBUG] [mixin/]: pehkui.mixins.json:compat1205plus.LivingEntityMixin from mod pehkui: Class version 65 required is higher than the class version supported by the current version of Mixin (JAVA_17 supports class version 61)
[22May2025 19:33:21.471] [pool-19-thread-1/DEBUG] [mixin/]: Mixing step_height.compat1205plus.LivingEntityMixin from pehkui.mixins.json into net.minecraft.world.entity.LivingEntity
[22May2025 19:33:21.471] [pool-19-thread-1/DEBUG] [mixin/]: pehkui.mixins.json:step_height.compat1205plus.LivingEntityMixin from mod pehkui: Class version 65 required is higher than the class version supported by the current version of Mixin (JAVA_17 supports class version 61)
[22May2025 19:33:21.472] [pool-19-thread-1/DEBUG] [mixin/]: Mixing LivingEntityMixin from enderiobase.mixins.json into net.minecraft.world.entity.LivingEntity
[22May2025 19:33:21.472] [pool-19-thread-1/DEBUG] [mixin/]: enderiobase.mixins.json:LivingEntityMixin from mod enderio_base: Class version 65 required is higher than the class version supported by the current version of Mixin (JAVA_17 supports class version 61)
[22May2025 19:33:21.472] [pool-19-thread-1/DEBUG] [mixin/]: Mixing compat115plus.LivingEntityMixin from pehkui.mixins.json into net.minecraft.world.entity.LivingEntity
[22May2025 19:33:21.472] [pool-19-thread-1/DEBUG] [mixin/]: pehkui.mixins.json:compat115plus.LivingEntityMixin from mod pehkui: Class version 65 required is higher than the class version supported by the current version of Mixin (JAVA_17 supports class version 61)
[22May2025 19:33:21.486] [pool-19-thread-1/DEBUG] [mixin/]: pehkui.mixins.json:LivingEntityMixin from mod pehkui->@Inject::pehkui$tickMovement$minVelocity(Lorg/spongepowered/asm/mixin/injection/callback/CallbackInfo;)V doesn't use it's CallbackInfo
[22May2025 19:33:21.486] [pool-19-thread-1/DEBUG] [mixin/]: pehkui.mixins.json:LivingEntityMixin from mod pehkui->@Inject::pehkui$tickMovement$minVelocity(Lorg/spongepowered/asm/mixin/injection/callback/CallbackInfo;)V has 0 override(s) in child classes
[22May2025 19:33:21.486] [pool-19-thread-1/DEBUG] [mixin/]: pehkui.mixins.json:LivingEntityMixin from mod pehkui->@Inject::pehkui$tickMovement$minVelocity(Lorg/spongepowered/asm/mixin/injection/callback/CallbackInfo;)V won't be passed a CallbackInfo as a result
[22May2025 19:33:21.487] [pool-19-thread-1/DEBUG] [mixin/]: enderiobase.mixins.json:LivingEntityMixin from mod enderio_base->@Inject::enderio$allowTagGlidersInChestplateSlot(Lnet/minecraft/world/item/ItemStack;Lorg/spongepowered/asm/mixin/injection/callback/CallbackInfoReturnable;)V does use it's CallbackInfoReturnable
[22May2025 19:33:21.515] [pool-19-thread-1/DEBUG] [mixin/]: Mixing compat117plus.ServerWorldMixin from pehkui.mixins.json into net.minecraft.server.level.ServerLevel
[22May2025 19:33:21.516] [pool-19-thread-1/DEBUG] [mixin/]: pehkui.mixins.json:compat117plus.ServerWorldMixin from mod pehkui: Class version 65 required is higher than the class version supported by the current version of Mixin (JAVA_17 supports class version 61)
[22May2025 19:33:21.530] [pool-19-thread-1/DEBUG] [mixin/]: Mixing client.compat116plus.ItemEntityMixin from pehkui.mixins.json into net.minecraft.world.entity.item.ItemEntity
[22May2025 19:33:21.530] [pool-19-thread-1/DEBUG] [mixin/]: pehkui.mixins.json:client.compat116plus.ItemEntityMixin from mod pehkui: Class version 65 required is higher than the class version supported by the current version of Mixin (JAVA_17 supports class version 61)
[22May2025 19:33:21.531] [pool-19-thread-1/DEBUG] [mixin/]: Mixing ItemEntityMixin from pehkui.mixins.json into net.minecraft.world.entity.item.ItemEntity
[22May2025 19:33:21.531] [pool-19-thread-1/DEBUG] [mixin/]: pehkui.mixins.json:ItemEntityMixin from mod pehkui: Class version 65 required is higher than the class version supported by the current version of Mixin (JAVA_17 supports class version 61)
[22May2025 19:33:21.533] [pool-19-thread-1/DEBUG] [mixin/]: pehkui.mixins.json:client.compat116plus.ItemEntityMixin from mod pehkui->@Inject::pehkui$construct(Lnet/minecraft/world/entity/item/ItemEntity;Lorg/spongepowered/asm/mixin/injection/callback/CallbackInfo;)V doesn't use it's CallbackInfo
[22May2025 19:33:21.533] [pool-19-thread-1/DEBUG] [mixin/]: pehkui.mixins.json:client.compat116plus.ItemEntityMixin from mod pehkui->@Inject::pehkui$construct(Lnet/minecraft/world/entity/item/ItemEntity;Lorg/spongepowered/asm/mixin/injection/callback/CallbackInfo;)V has 0 override(s) in child classes
[22May2025 19:33:21.533] [pool-19-thread-1/DEBUG] [mixin/]: pehkui.mixins.json:client.compat116plus.ItemEntityMixin from mod pehkui->@Inject::pehkui$construct(Lnet/minecraft/world/entity/item/ItemEntity;Lorg/spongepowered/asm/mixin/injection/callback/CallbackInfo;)V won't be passed a CallbackInfo as a result
[22May2025 19:33:21.537] [pool-19-thread-1/DEBUG] [mixin/]: Mixing features.render.immediate.DirectionMixin from sodium-common.mixins.json into net.minecraft.core.Direction
[22May2025 19:33:21.537] [pool-19-thread-1/DEBUG] [mixin/]: sodium-common.mixins.json:features.render.immediate.DirectionMixin from mod sodium: Class version 65 required is higher than the class version supported by the current version of Mixin (JAVA_17 supports class version 61)
[22May2025 19:33:21.768] [pool-19-thread-1/DEBUG] [mixin/]: Mixing IBushBlockMixin from META-INF/industrialforegoing.mixins.json into net.minecraft.world.level.block.BushBlock
[22May2025 19:33:21.775] [pool-19-thread-1/DEBUG] [mixin/]: Mixing features.options.render_layers.LeavesBlockMixin from sodium-common.mixins.json into net.minecraft.world.level.block.LeavesBlock
[22May2025 19:33:21.775] [pool-19-thread-1/DEBUG] [mixin/]: sodium-common.mixins.json:features.options.render_layers.LeavesBlockMixin from mod sodium: Class version 65 required is higher than the class version supported by the current version of Mixin (JAVA_17 supports class version 61)
[22May2025 19:33:21.811] [pool-19-thread-1/DEBUG] [mixin/]: Mixing PortalBlockMixin from pehkui.mixins.json into net.minecraft.world.level.block.NetherPortalBlock
[22May2025 19:33:21.811] [pool-19-thread-1/DEBUG] [mixin/]: pehkui.mixins.json:PortalBlockMixin from mod pehkui: Class version 65 required is higher than the class version supported by the current version of Mixin (JAVA_17 supports class version 61)
[22May2025 19:33:21.812] [pool-19-thread-1/DEBUG] [mixin/]: pehkui.mixins.json:PortalBlockMixin from mod pehkui->@Inject::pehkui$onEntityCollision(Lnet/minecraft/world/level/block/state/BlockState;Lnet/minecraft/world/level/Level;Lnet/minecraft/core/BlockPos;Lnet/minecraft/world/entity/Entity;Lorg/spongepowered/asm/mixin/injection/callback/CallbackInfo;)V does use it's CallbackInfo
[22May2025 19:33:21.985] [pool-19-thread-1/DEBUG] [mixin/]: Mixing PreEntityTickMixin from pehkui.mixins.json into net.minecraft.world.entity.item.FallingBlockEntity
[22May2025 19:33:21.986] [pool-19-thread-1/DEBUG] [mixin/]: pehkui.mixins.json:PreEntityTickMixin from mod pehkui: Class version 65 required is higher than the class version supported by the current version of Mixin (JAVA_17 supports class version 61)
[22May2025 19:33:21.987] [pool-19-thread-1/DEBUG] [mixin/]: pehkui.mixins.json:PreEntityTickMixin from mod pehkui->@Inject::pehkui$tick(Lorg/spongepowered/asm/mixin/injection/callback/CallbackInfo;)V doesn't use it's CallbackInfo
[22May2025 19:33:21.987] [pool-19-thread-1/DEBUG] [mixin/]: pehkui.mixins.json:PreEntityTickMixin from mod pehkui->@Inject::pehkui$tick(Lorg/spongepowered/asm/mixin/injection/callback/CallbackInfo;)V has 0 override(s) in child classes
[22May2025 19:33:21.987] [pool-19-thread-1/DEBUG] [mixin/]: pehkui.mixins.json:PreEntityTickMixin from mod pehkui->@Inject::pehkui$tick(Lorg/spongepowered/asm/mixin/injection/callback/CallbackInfo;)V won't be passed a CallbackInfo as a result
[22May2025 19:33:21.988] [pool-19-thread-1/DEBUG] [mixin/]: Mixing BlockEntityMixin from fabric-block-view-api-v2.mixins.json into net.minecraft.world.level.block.entity.BlockEntity
[22May2025 19:33:21.989] [pool-19-thread-1/DEBUG] [mixin/]: fabric-block-view-api-v2.mixins.json:BlockEntityMixin from mod fabric_block_view_api_v2: Class version 65 required is higher than the class version supported by the current version of Mixin (JAVA_17 supports class version 61)
[22May2025 19:33:21.989] [pool-19-thread-1/DEBUG] [mixin/]: Mixing BlockEntityMixin from fabric-rendering-data-attachment-v1.mixins.json into net.minecraft.world.level.block.entity.BlockEntity
[22May2025 19:33:21.989] [pool-19-thread-1/DEBUG] [mixin/]: fabric-rendering-data-attachment-v1.mixins.json:BlockEntityMixin from mod fabric_rendering_data_attachment_v1: Class version 65 required is higher than the class version supported by the current version of Mixin (JAVA_17 supports class version 61)
[22May2025 19:33:22.262] [pool-19-thread-1/DEBUG] [mixin/]: Mixing compat117plus.SlimeEntityMixin from pehkui.mixins.json into net.minecraft.world.entity.monster.Slime
[22May2025 19:33:22.262] [pool-19-thread-1/DEBUG] [mixin/]: pehkui.mixins.json:compat117plus.SlimeEntityMixin from mod pehkui: Class version 65 required is higher than the class version supported by the current version of Mixin (JAVA_17 supports class version 61)
[22May2025 19:33:22.266] [pool-19-thread-1/DEBUG] [mixin/]: Mixing MobEntityMixin from pehkui.mixins.json into net.minecraft.world.entity.Mob
[22May2025 19:33:22.267] [pool-19-thread-1/DEBUG] [mixin/]: pehkui.mixins.json:MobEntityMixin from mod pehkui: Class version 65 required is higher than the class version supported by the current version of Mixin (JAVA_17 supports class version 61)
[22May2025 19:33:22.267] [pool-19-thread-1/DEBUG] [mixin/]: Mixing compat1202plus.MobEntityMixin from pehkui.mixins.json into net.minecraft.world.entity.Mob
[22May2025 19:33:22.267] [pool-19-thread-1/DEBUG] [mixin/]: pehkui.mixins.json:compat1202plus.MobEntityMixin from mod pehkui: Class version 65 required is higher than the class version supported by the current version of Mixin (JAVA_17 supports class version 61)
[22May2025 19:33:22.268] [pool-19-thread-1/DEBUG] [mixin/]: Mixing compat116plus.MobEntityMixin from pehkui.mixins.json into net.minecraft.world.entity.Mob
[22May2025 19:33:22.268] [pool-19-thread-1/DEBUG] [mixin/]: pehkui.mixins.json:compat116plus.MobEntityMixin from mod pehkui: Class version 65 required is higher than the class version supported by the current version of Mixin (JAVA_17 supports class version 61)
[22May2025 19:33:22.270] [pool-19-thread-1/DEBUG] [mixin/]: pehkui.mixins.json:compat116plus.MobEntityMixin from mod pehkui->@Inject::pehkui$convertTo(Lnet/minecraft/world/entity/EntityType;ZLorg/spongepowered/asm/mixin/injection/callback/CallbackInfoReturnable;)V does use it's CallbackInfoReturnable
[22May2025 19:33:22.270] [pool-19-thread-1/DEBUG] [mixin/]: pehkui.mixins.json:compat116plus.MobEntityMixin from mod pehkui->@Inject::pehkui$convertTo(Lnet/minecraft/world/entity/EntityType;ZLorg/spongepowered/asm/mixin/injection/callback/CallbackInfoReturnable;)V does use it's CallbackInfoReturnable
[22May2025 19:33:22.270] [pool-19-thread-1/DEBUG] [mixin/]: pehkui.mixins.json:compat116plus.MobEntityMixin from mod pehkui->@Inject::pehkui$convertTo(Lnet/minecraft/world/entity/EntityType;ZLorg/spongepowered/asm/mixin/injection/callback/CallbackInfoReturnable;)V does use it's CallbackInfoReturnable
[22May2025 19:33:22.286] [pool-19-thread-1/DEBUG] [mixin/]: Mixing PreEntityTickMixin from pehkui.mixins.json into net.minecraft.world.entity.item.PrimedTnt
[22May2025 19:33:22.287] [pool-19-thread-1/DEBUG] [mixin/]: pehkui.mixins.json:PreEntityTickMixin from mod pehkui: Class version 65 required is higher than the class version supported by the current version of Mixin (JAVA_17 supports class version 61)
[22May2025 19:33:22.288] [pool-19-thread-1/DEBUG] [mixin/]: pehkui.mixins.json:PreEntityTickMixin from mod pehkui->@Inject::pehkui$tick(Lorg/spongepowered/asm/mixin/injection/callback/CallbackInfo;)V doesn't use it's CallbackInfo
[22May2025 19:33:22.288] [pool-19-thread-1/DEBUG] [mixin/]: pehkui.mixins.json:PreEntityTickMixin from mod pehkui->@Inject::pehkui$tick(Lorg/spongepowered/asm/mixin/injection/callback/CallbackInfo;)V has 0 override(s) in child classes
[22May2025 19:33:22.288] [pool-19-thread-1/DEBUG] [mixin/]: pehkui.mixins.json:PreEntityTickMixin from mod pehkui->@Inject::pehkui$tick(Lorg/spongepowered/asm/mixin/injection/callback/CallbackInfo;)V won't be passed a CallbackInfo as a result
[22May2025 19:33:22.338] [pool-19-thread-1/DEBUG] [mixin/]: Mixing BlockEntityTypeAccessor from neoforge.mixins.json into net.minecraft.world.level.block.entity.BlockEntityType
[22May2025 19:33:22.339] [pool-19-thread-1/DEBUG] [mixin/]: Mixing core.render.BlockEntityTypeMixin from sodium-common.mixins.json into net.minecraft.world.level.block.entity.BlockEntityType
[22May2025 19:33:22.340] [pool-19-thread-1/DEBUG] [mixin/]: sodium-common.mixins.json:core.render.BlockEntityTypeMixin from mod sodium: Class version 65 required is higher than the class version supported by the current version of Mixin (JAVA_17 supports class version 61)
[22May2025 19:33:22.393] [pool-19-thread-1/DEBUG] [mixin/]: Mixing AbstractFurnaceBlockEntityAccess from jade.mixins.json into net.minecraft.world.level.block.entity.AbstractFurnaceBlockEntity
[22May2025 19:33:22.393] [pool-19-thread-1/DEBUG] [mixin/]: jade.mixins.json:AbstractFurnaceBlockEntityAccess from mod jade: Class version 65 required is higher than the class version supported by the current version of Mixin (JAVA_16 supports class version 60)
[22May2025 19:33:22.456] [pool-19-thread-1/DEBUG] [mixin/]: Mixing PersistentProjectileEntityMixin from pehkui.mixins.json into net.minecraft.world.entity.projectile.AbstractArrow
[22May2025 19:33:22.456] [pool-19-thread-1/DEBUG] [mixin/]: pehkui.mixins.json:PersistentProjectileEntityMixin from mod pehkui: Class version 65 required is higher than the class version supported by the current version of Mixin (JAVA_17 supports class version 61)
[22May2025 19:33:22.456] [pool-19-thread-1/DEBUG] [mixin/]: Mixing compat116plus.PersistentProjectileEntityMixin from pehkui.mixins.json into net.minecraft.world.entity.projectile.AbstractArrow
[22May2025 19:33:22.456] [pool-19-thread-1/DEBUG] [mixin/]: pehkui.mixins.json:compat116plus.PersistentProjectileEntityMixin from mod pehkui: Class version 65 required is higher than the class version supported by the current version of Mixin (JAVA_17 supports class version 61)
[22May2025 19:33:22.457] [pool-19-thread-1/DEBUG] [mixin/]: Mixing compat121plus.PersistentProjectileEntityMixin from pehkui.mixins.json into net.minecraft.world.entity.projectile.AbstractArrow
[22May2025 19:33:22.457] [pool-19-thread-1/DEBUG] [mixin/]: pehkui.mixins.json:compat121plus.PersistentProjectileEntityMixin from mod pehkui: Class version 65 required is higher than the class version supported by the current version of Mixin (JAVA_17 supports class version 61)
[22May2025 19:33:22.459] [pool-19-thread-1/DEBUG] [mixin/]: pehkui.mixins.json:PersistentProjectileEntityMixin from mod pehkui->@Inject::pehkui$setOwner(Lnet/minecraft/world/entity/Entity;Lorg/spongepowered/asm/mixin/injection/callback/CallbackInfo;)V doesn't use it's CallbackInfo
[22May2025 19:33:22.459] [pool-19-thread-1/DEBUG] [mixin/]: pehkui.mixins.json:PersistentProjectileEntityMixin from mod pehkui->@Inject::pehkui$setOwner(Lnet/minecraft/world/entity/Entity;Lorg/spongepowered/asm/mixin/injection/callback/CallbackInfo;)V has 0 override(s) in child classes
[22May2025 19:33:22.459] [pool-19-thread-1/DEBUG] [mixin/]: pehkui.mixins.json:PersistentProjectileEntityMixin from mod pehkui->@Inject::pehkui$setOwner(Lnet/minecraft/world/entity/Entity;Lorg/spongepowered/asm/mixin/injection/callback/CallbackInfo;)V won't be passed a CallbackInfo as a result
[22May2025 19:33:22.459] [pool-19-thread-1/DEBUG] [mixin/]: pehkui.mixins.json:compat121plus.PersistentProjectileEntityMixin from mod pehkui->@Inject::pehkui$construct(Lnet/minecraft/world/entity/EntityType;Lnet/minecraft/world/entity/LivingEntity;Lnet/minecraft/world/level/Level;Lnet/minecraft/world/item/ItemStack;Lnet/minecraft/world/item/ItemStack;Lorg/spongepowered/asm/mixin/injection/callback/CallbackInfo;)V doesn't use it's CallbackInfo
[22May2025 19:33:22.459] [pool-19-thread-1/DEBUG] [mixin/]: pehkui.mixins.json:compat121plus.PersistentProjectileEntityMixin from mod pehkui->@Inject::pehkui$construct(Lnet/minecraft/world/entity/EntityType;Lnet/minecraft/world/entity/LivingEntity;Lnet/minecraft/world/level/Level;Lnet/minecraft/world/item/ItemStack;Lnet/minecraft/world/item/ItemStack;Lorg/spongepowered/asm/mixin/injection/callback/CallbackInfo;)V has 0 override(s) in child classes
[22May2025 19:33:22.459] [pool-19-thread-1/DEBUG] [mixin/]: pehkui.mixins.json:compat121plus.PersistentProjectileEntityMixin from mod pehkui->@Inject::pehkui$construct(Lnet/minecraft/world/entity/EntityType;Lnet/minecraft/world/entity/LivingEntity;Lnet/minecraft/world/level/Level;Lnet/minecraft/world/item/ItemStack;Lnet/minecraft/world/item/ItemStack;Lorg/spongepowered/asm/mixin/injection/callback/CallbackInfo;)V won't be passed a CallbackInfo as a result
[22May2025 19:33:22.462] [pool-19-thread-1/DEBUG] [mixin/]: Mixing compat116plus.ProjectileEntityMixin from pehkui.mixins.json into net.minecraft.world.entity.projectile.Projectile
[22May2025 19:33:22.463] [pool-19-thread-1/DEBUG] [mixin/]: pehkui.mixins.json:compat116plus.ProjectileEntityMixin from mod pehkui: Class version 65 required is higher than the class version supported by the current version of Mixin (JAVA_17 supports class version 61)
[22May2025 19:33:22.464] [pool-19-thread-1/DEBUG] [mixin/]: pehkui.mixins.json:compat116plus.ProjectileEntityMixin from mod pehkui->@Inject::pehkui$setOwner(Lnet/minecraft/world/entity/Entity;Lorg/spongepowered/asm/mixin/injection/callback/CallbackInfo;)V doesn't use it's CallbackInfo
[22May2025 19:33:22.465] [pool-19-thread-1/DEBUG] [mixin/]: pehkui.mixins.json:compat116plus.ProjectileEntityMixin from mod pehkui->@Inject::pehkui$setOwner(Lnet/minecraft/world/entity/Entity;Lorg/spongepowered/asm/mixin/injection/callback/CallbackInfo;)V has 0 override(s) in child classes
[22May2025 19:33:22.465] [pool-19-thread-1/DEBUG] [mixin/]: pehkui.mixins.json:compat116plus.ProjectileEntityMixin from mod pehkui->@Inject::pehkui$setOwner(Lnet/minecraft/world/entity/Entity;Lorg/spongepowered/asm/mixin/injection/callback/CallbackInfo;)V won't be passed a CallbackInfo as a result
[22May2025 19:33:22.601] [pool-19-thread-1/DEBUG] [mixin/]: Mixing MixinBiome from mixins.iris.json into net.minecraft.world.level.biome.Biome
[22May2025 19:33:22.601] [pool-19-thread-1/DEBUG] [mixin/]: mixins.iris.json:MixinBiome from mod iris: Class version 65 required is higher than the class version supported by the current version of Mixin (JAVA_8 supports class version 52)
[22May2025 19:33:22.601] [pool-19-thread-1/DEBUG] [mixin/]: Mixing sky_colors.MixinBiome from sodium-extra.mixins.json into net.minecraft.world.level.biome.Biome
[22May2025 19:33:22.601] [pool-19-thread-1/DEBUG] [mixin/]: sodium-extra.mixins.json:sky_colors.MixinBiome from mod sodium_extra: Class version 65 required is higher than the class version supported by the current version of Mixin (JAVA_17 supports class version 61)
[22May2025 19:33:22.602] [pool-19-thread-1/DEBUG] [mixin/]: Mixing features.world.biome.BiomeMixin from sodium-neoforge.mixins.json into net.minecraft.world.level.biome.Biome
[22May2025 19:33:22.602] [pool-19-thread-1/DEBUG] [mixin/]: sodium-neoforge.mixins.json:features.world.biome.BiomeMixin from mod sodium: Class version 65 required is higher than the class version supported by the current version of Mixin (JAVA_17 supports class version 61)
[22May2025 19:33:22.606] [pool-19-thread-1/DEBUG] [mixin/]: sodium-extra.mixins.json:sky_colors.MixinBiome from mod sodium_extra->@Inject::differentSkyColor(Lorg/spongepowered/asm/mixin/injection/callback/CallbackInfoReturnable;)V does use it's CallbackInfoReturnable
[22May2025 19:33:22.606] [pool-19-thread-1/DEBUG] [mixin/]: sodium-neoforge.mixins.json:features.world.biome.BiomeMixin from mod sodium->@Inject::onInit(Lorg/spongepowered/asm/mixin/injection/callback/CallbackInfo;)V doesn't use it's CallbackInfo
[22May2025 19:33:22.676] [pool-19-thread-1/DEBUG] [mixin/]: Mixing WitherEntityMixin from pehkui.mixins.json into net.minecraft.world.entity.boss.wither.WitherBoss
[22May2025 19:33:22.678] [pool-19-thread-1/DEBUG] [mixin/]: pehkui.mixins.json:WitherEntityMixin from mod pehkui: Class version 65 required is higher than the class version supported by the current version of Mixin (JAVA_17 supports class version 61)
[22May2025 19:33:22.678] [pool-19-thread-1/DEBUG] [mixin/]: Mixing compat1205plus.WitherEntityMixin from pehkui.mixins.json into net.minecraft.world.entity.boss.wither.WitherBoss
[22May2025 19:33:22.678] [pool-19-thread-1/DEBUG] [mixin/]: pehkui.mixins.json:compat1205plus.WitherEntityMixin from mod pehkui: Class version 65 required is higher than the class version supported by the current version of Mixin (JAVA_17 supports class version 61)
[22May2025 19:33:22.807] [pool-19-thread-1/DEBUG] [mixin/]: Mixing compat116plus.AnimalEntityMixin from pehkui.mixins.json into net.minecraft.world.entity.animal.Animal
[22May2025 19:33:22.807] [pool-19-thread-1/DEBUG] [mixin/]: pehkui.mixins.json:compat116plus.AnimalEntityMixin from mod pehkui: Class version 65 required is higher than the class version supported by the current version of Mixin (JAVA_17 supports class version 61)
[22May2025 19:33:22.809] [pool-19-thread-1/DEBUG] [mixin/]: pehkui.mixins.json:compat116plus.AnimalEntityMixin from mod pehkui->@Inject::pehkui$breed(Lnet/minecraft/server/level/ServerLevel;Lnet/minecraft/world/entity/animal/Animal;Lorg/spongepowered/asm/mixin/injection/callback/CallbackInfo;)V doesn't use it's CallbackInfo
[22May2025 19:33:22.809] [pool-19-thread-1/DEBUG] [mixin/]: pehkui.mixins.json:compat116plus.AnimalEntityMixin from mod pehkui->@Inject::pehkui$breed(Lnet/minecraft/server/level/ServerLevel;Lnet/minecraft/world/entity/animal/Animal;Lorg/spongepowered/asm/mixin/injection/callback/CallbackInfo;)V has 0 override(s) in child classes
[22May2025 19:33:22.809] [pool-19-thread-1/DEBUG] [mixin/]: pehkui.mixins.json:compat116plus.AnimalEntityMixin from mod pehkui->@Inject::pehkui$breed(Lnet/minecraft/server/level/ServerLevel;Lnet/minecraft/world/entity/animal/Animal;Lorg/spongepowered/asm/mixin/injection/callback/CallbackInfo;)V won't be passed a CallbackInfo as a result
[22May2025 19:33:23.156] [pool-19-thread-1/DEBUG] [mixin/]: Mixing platform.neoforge.AuxiliaryLightManagerMixin from sodium-neoforge.mixins.json into net.neoforged.neoforge.common.world.AuxiliaryLightManager
[22May2025 19:33:23.156] [pool-19-thread-1/DEBUG] [mixin/]: sodium-neoforge.mixins.json:platform.neoforge.AuxiliaryLightManagerMixin from mod sodium: Class version 65 required is higher than the class version supported by the current version of Mixin (JAVA_17 supports class version 61)
[22May2025 19:33:23.163] [pool-19-thread-1/DEBUG] [mixin/]: Mixing ServerPlayerEntityMixin from pehkui.mixins.json into net.minecraft.server.level.ServerPlayer
[22May2025 19:33:23.163] [pool-19-thread-1/DEBUG] [mixin/]: pehkui.mixins.json:ServerPlayerEntityMixin from mod pehkui: Class version 65 required is higher than the class version supported by the current version of Mixin (JAVA_17 supports class version 61)
[22May2025 19:33:23.164] [pool-19-thread-1/DEBUG] [mixin/]: pehkui.mixins.json:ServerPlayerEntityMixin from mod pehkui->@Inject::pehkui$copyFrom(Lnet/minecraft/server/level/ServerPlayer;ZLorg/spongepowered/asm/mixin/injection/callback/CallbackInfo;)V doesn't use it's CallbackInfo
[22May2025 19:33:23.164] [pool-19-thread-1/DEBUG] [mixin/]: pehkui.mixins.json:ServerPlayerEntityMixin from mod pehkui->@Inject::pehkui$copyFrom(Lnet/minecraft/server/level/ServerPlayer;ZLorg/spongepowered/asm/mixin/injection/callback/CallbackInfo;)V has 0 override(s) in child classes
[22May2025 19:33:23.164] [pool-19-thread-1/DEBUG] [mixin/]: pehkui.mixins.json:ServerPlayerEntityMixin from mod pehkui->@Inject::pehkui$copyFrom(Lnet/minecraft/server/level/ServerPlayer;ZLorg/spongepowered/asm/mixin/injection/callback/CallbackInfo;)V won't be passed a CallbackInfo as a result
[22May2025 19:33:23.670] [pool-19-thread-1/DEBUG] [mixin/]: Mixing MixinItem from mixins.iris.json into net.minecraft.world.item.Item
[22May2025 19:33:23.670] [pool-19-thread-1/DEBUG] [mixin/]: mixins.iris.json:MixinItem from mod iris: Class version 65 required is higher than the class version supported by the current version of Mixin (JAVA_8 supports class version 52)
[22May2025 19:33:23.672] [pool-19-thread-1/DEBUG] [mixin/]: Mixing compat117plus.patchwork.compat.IForgeItemMixin from pehkui.mixins.json into net.neoforged.neoforge.common.extensions.IItemExtension
[22May2025 19:33:23.672] [pool-19-thread-1/DEBUG] [mixin/]: pehkui.mixins.json:compat117plus.patchwork.compat.IForgeItemMixin from mod pehkui: Class version 65 required is higher than the class version supported by the current version of Mixin (JAVA_17 supports class version 61)
[22May2025 19:33:23.693] [pool-19-thread-1/DEBUG] [mixin/]: Mixing compat116plus.SpawnEggItemMixin from pehkui.mixins.json into net.minecraft.world.item.SpawnEggItem
[22May2025 19:33:23.693] [pool-19-thread-1/DEBUG] [mixin/]: pehkui.mixins.json:compat116plus.SpawnEggItemMixin from mod pehkui: Class version 65 required is higher than the class version supported by the current version of Mixin (JAVA_17 supports class version 61)
[22May2025 19:33:23.694] [pool-19-thread-1/DEBUG] [mixin/]: Renaming synthetic method lambda$pehkui$spawnBaby$0(Lnet/minecraft/world/entity/Mob;Lnet/minecraft/world/entity/Mob;)V to md60ac39$pehkui$lambda$pehkui$spawnBaby$0$0 in pehkui.mixins.json:compat116plus.SpawnEggItemMixin from mod pehkui
[22May2025 19:33:23.694] [pool-19-thread-1/DEBUG] [mixin/]: pehkui.mixins.json:compat116plus.SpawnEggItemMixin from mod pehkui->@Inject::pehkui$spawnBaby(Lnet/minecraft/world/entity/player/Player;Lnet/minecraft/world/entity/Mob;Lnet/minecraft/world/entity/EntityType;Lnet/minecraft/server/level/ServerLevel;Lnet/minecraft/world/phys/Vec3;Lnet/minecraft/world/item/ItemStack;Lorg/spongepowered/asm/mixin/injection/callback/CallbackInfoReturnable;)V does use it's CallbackInfoReturnable
[22May2025 19:33:23.695] [pool-19-thread-1/DEBUG] [mixin/]: pehkui.mixins.json:compat116plus.SpawnEggItemMixin from mod pehkui->@Inject::pehkui$spawnBaby(Lnet/minecraft/world/entity/player/Player;Lnet/minecraft/world/entity/Mob;Lnet/minecraft/world/entity/EntityType;Lnet/minecraft/server/level/ServerLevel;Lnet/minecraft/world/phys/Vec3;Lnet/minecraft/world/item/ItemStack;Lorg/spongepowered/asm/mixin/injection/callback/CallbackInfoReturnable;)V does use it's CallbackInfoReturnable
[22May2025 19:33:23.695] [pool-19-thread-1/DEBUG] [mixin/]: pehkui.mixins.json:compat116plus.SpawnEggItemMixin from mod pehkui->@Inject::pehkui$spawnBaby(Lnet/minecraft/world/entity/player/Player;Lnet/minecraft/world/entity/Mob;Lnet/minecraft/world/entity/EntityType;Lnet/minecraft/server/level/ServerLevel;Lnet/minecraft/world/phys/Vec3;Lnet/minecraft/world/item/ItemStack;Lorg/spongepowered/asm/mixin/injection/callback/CallbackInfoReturnable;)V does use it's CallbackInfoReturnable
[22May2025 19:33:23.695] [pool-19-thread-1/DEBUG] [mixin/]: pehkui.mixins.json:compat116plus.SpawnEggItemMixin from mod pehkui->@Inject::pehkui$spawnBaby(Lnet/minecraft/world/entity/player/Player;Lnet/minecraft/world/entity/Mob;Lnet/minecraft/world/entity/EntityType;Lnet/minecraft/server/level/ServerLevel;Lnet/minecraft/world/phys/Vec3;Lnet/minecraft/world/item/ItemStack;Lorg/spongepowered/asm/mixin/injection/callback/CallbackInfoReturnable;)V does use it's CallbackInfoReturnable
[22May2025 19:33:23.704] [pool-19-thread-1/DEBUG] [mixin/]: Mixing compat1203plus.BrushItemMixin from pehkui.mixins.json into net.minecraft.world.item.BrushItem
[22May2025 19:33:23.704] [pool-19-thread-1/DEBUG] [mixin/]: pehkui.mixins.json:compat1203plus.BrushItemMixin from mod pehkui: Class version 65 required is higher than the class version supported by the current version of Mixin (JAVA_17 supports class version 61)
[22May2025 19:33:23.770] [pool-19-thread-1/DEBUG] [io.netty.util.internal.PlatformDependent0/]: -Dio.netty.noUnsafe: false
[22May2025 19:33:23.770] [pool-19-thread-1/DEBUG] [io.netty.util.internal.PlatformDependent0/]: Java version: 21
[22May2025 19:33:23.771] [pool-19-thread-1/DEBUG] [io.netty.util.internal.PlatformDependent0/]: sun.misc.Unsafe.theUnsafe: available
[22May2025 19:33:23.771] [pool-19-thread-1/DEBUG] [io.netty.util.internal.PlatformDependent0/]: sun.misc.Unsafe.copyMemory: available
[22May2025 19:33:23.771] [pool-19-thread-1/DEBUG] [io.netty.util.internal.PlatformDependent0/]: sun.misc.Unsafe.storeFence: available
[22May2025 19:33:23.771] [pool-19-thread-1/DEBUG] [io.netty.util.internal.PlatformDependent0/]: java.nio.Buffer.address: available
[22May2025 19:33:23.772] [pool-19-thread-1/DEBUG] [io.netty.util.internal.PlatformDependent0/]: direct buffer constructor: unavailable: Reflective setAccessible(true) disabled
[22May2025 19:33:23.772] [pool-19-thread-1/DEBUG] [io.netty.util.internal.PlatformDependent0/]: java.nio.Bits.unaligned: available, true
[22May2025 19:33:23.773] [pool-19-thread-1/DEBUG] [io.netty.util.internal.PlatformDependent0/]: jdk.internal.misc.Unsafe.allocateUninitializedArray(int): unavailable: class io.netty.util.internal.PlatformDependent0$7 (in module io.netty.common) cannot access class jdk.internal.misc.Unsafe (in module java.base) because module java.base does not export jdk.internal.misc to module io.netty.common
[22May2025 19:33:23.773] [pool-19-thread-1/DEBUG] [io.netty.util.internal.PlatformDependent0/]: java.nio.DirectByteBuffer.<init>(long, {int,long}): unavailable
[22May2025 19:33:23.773] [pool-19-thread-1/DEBUG] [io.netty.util.internal.PlatformDependent/]: sun.misc.Unsafe: available
[22May2025 19:33:23.773] [pool-19-thread-1/DEBUG] [io.netty.util.internal.PlatformDependent/]: maxDirectMemory: 8577351680 bytes (maybe)
[22May2025 19:33:23.774] [pool-19-thread-1/DEBUG] [io.netty.util.internal.PlatformDependent/]: -Dio.netty.tmpdir: C:\Users\Rodrigo\AppData\Local\Temp (java.io.tmpdir)
[22May2025 19:33:23.774] [pool-19-thread-1/DEBUG] [io.netty.util.internal.PlatformDependent/]: -Dio.netty.bitMode: 64 (sun.arch.data.model)
[22May2025 19:33:23.774] [pool-19-thread-1/DEBUG] [io.netty.util.internal.PlatformDependent/]: Platform: Windows
[22May2025 19:33:23.775] [pool-19-thread-1/DEBUG] [io.netty.util.internal.PlatformDependent/]: -Dio.netty.maxDirectMemory: -1 bytes
[22May2025 19:33:23.775] [pool-19-thread-1/DEBUG] [io.netty.util.internal.PlatformDependent/]: -Dio.netty.uninitializedArrayAllocationThreshold: -1
[22May2025 19:33:23.775] [pool-19-thread-1/DEBUG] [io.netty.util.internal.CleanerJava9/]: java.nio.ByteBuffer.cleaner(): available
[22May2025 19:33:23.775] [pool-19-thread-1/DEBUG] [io.netty.util.internal.PlatformDependent/]: -Dio.netty.noPreferDirect: false
[22May2025 19:33:23.812] [pool-19-thread-1/DEBUG] [mixin/]: Mixing NbtPredicateMixin from pehkui.mixins.json into net.minecraft.advancements.critereon.NbtPredicate
[22May2025 19:33:23.813] [pool-19-thread-1/DEBUG] [mixin/]: pehkui.mixins.json:NbtPredicateMixin from mod pehkui: Class version 65 required is higher than the class version supported by the current version of Mixin (JAVA_17 supports class version 61)
[22May2025 19:33:23.814] [pool-19-thread-1/DEBUG] [mixin/]: pehkui.mixins.json:NbtPredicateMixin from mod pehkui->@Inject::pehkui$entityToNbt$before(Lnet/minecraft/world/entity/Entity;Lorg/spongepowered/asm/mixin/injection/callback/CallbackInfoReturnable;)V doesn't use it's CallbackInfoReturnable
[22May2025 19:33:23.814] [pool-19-thread-1/DEBUG] [mixin/]: pehkui.mixins.json:NbtPredicateMixin from mod pehkui->@Inject::pehkui$entityToNbt$after(Lnet/minecraft/world/entity/Entity;Lorg/spongepowered/asm/mixin/injection/callback/CallbackInfoReturnable;)V doesn't use it's CallbackInfoReturnable
[22May2025 19:33:23.954] [pool-19-thread-1/DEBUG] [mixin/]: Mixing compat1205plus.ExplosionMixin from pehkui.mixins.json into net.minecraft.world.level.Explosion
[22May2025 19:33:23.954] [pool-19-thread-1/DEBUG] [mixin/]: pehkui.mixins.json:compat1205plus.ExplosionMixin from mod pehkui: Class version 65 required is higher than the class version supported by the current version of Mixin (JAVA_17 supports class version 61)
[22May2025 19:33:23.956] [pool-19-thread-1/DEBUG] [mixin/]: pehkui.mixins.json:compat1205plus.ExplosionMixin from mod pehkui->@Inject::pehkui$construct(Lnet/minecraft/world/level/Level;Lnet/minecraft/world/entity/Entity;Lnet/minecraft/world/damagesource/DamageSource;Lnet/minecraft/world/level/ExplosionDamageCalculator;DDDFZLnet/minecraft/world/level/Explosion$BlockInteraction;Lnet/minecraft/core/particles/ParticleOptions;Lnet/minecraft/core/particles/ParticleOptions;Ljava/lang/Object;Lorg/spongepowered/asm/mixin/injection/callback/CallbackInfo;)V doesn't use it's CallbackInfo
[22May2025 19:33:23.956] [pool-19-thread-1/DEBUG] [mixin/]: pehkui.mixins.json:compat1205plus.ExplosionMixin from mod pehkui->@Inject::pehkui$construct(Lnet/minecraft/world/level/Level;Lnet/minecraft/world/entity/Entity;Lnet/minecraft/world/damagesource/DamageSource;Lnet/minecraft/world/level/ExplosionDamageCalculator;DDDFZLnet/minecraft/world/level/Explosion$BlockInteraction;Lnet/minecraft/core/particles/ParticleOptions;Lnet/minecraft/core/particles/ParticleOptions;Ljava/lang/Object;Lorg/spongepowered/asm/mixin/injection/callback/CallbackInfo;)V has 0 override(s) in child classes
[22May2025 19:33:23.956] [pool-19-thread-1/DEBUG] [mixin/]: pehkui.mixins.json:compat1205plus.ExplosionMixin from mod pehkui->@Inject::pehkui$construct(Lnet/minecraft/world/level/Level;Lnet/minecraft/world/entity/Entity;Lnet/minecraft/world/damagesource/DamageSource;Lnet/minecraft/world/level/ExplosionDamageCalculator;DDDFZLnet/minecraft/world/level/Explosion$BlockInteraction;Lnet/minecraft/core/particles/ParticleOptions;Lnet/minecraft/core/particles/ParticleOptions;Ljava/lang/Object;Lorg/spongepowered/asm/mixin/injection/callback/CallbackInfo;)V won't be passed a CallbackInfo as a result
[22May2025 19:33:23.966] [pool-19-thread-1/DEBUG] [mixin/]: Mixing BoatEntityMixin from pehkui.mixins.json into net.minecraft.world.entity.vehicle.Boat
[22May2025 19:33:23.966] [pool-19-thread-1/DEBUG] [mixin/]: pehkui.mixins.json:BoatEntityMixin from mod pehkui: Class version 65 required is higher than the class version supported by the current version of Mixin (JAVA_17 supports class version 61)
[22May2025 19:33:23.967] [pool-19-thread-1/DEBUG] [mixin/]: Mixing compat1205plus.BoatEntityMixin from pehkui.mixins.json into net.minecraft.world.entity.vehicle.Boat
[22May2025 19:33:23.967] [pool-19-thread-1/DEBUG] [mixin/]: pehkui.mixins.json:compat1205plus.BoatEntityMixin from mod pehkui: Class version 65 required is higher than the class version supported by the current version of Mixin (JAVA_17 supports class version 61)
[22May2025 19:33:24.010] [pool-19-thread-1/DEBUG] [mixin/]: Mixing PreEntityTickMixin from pehkui.mixins.json into net.minecraft.world.entity.vehicle.AbstractMinecart
[22May2025 19:33:24.011] [pool-19-thread-1/DEBUG] [mixin/]: pehkui.mixins.json:PreEntityTickMixin from mod pehkui: Class version 65 required is higher than the class version supported by the current version of Mixin (JAVA_17 supports class version 61)
[22May2025 19:33:24.012] [pool-19-thread-1/DEBUG] [mixin/]: pehkui.mixins.json:PreEntityTickMixin from mod pehkui->@Inject::pehkui$tick(Lorg/spongepowered/asm/mixin/injection/callback/CallbackInfo;)V doesn't use it's CallbackInfo
[22May2025 19:33:24.012] [pool-19-thread-1/DEBUG] [mixin/]: pehkui.mixins.json:PreEntityTickMixin from mod pehkui->@Inject::pehkui$tick(Lorg/spongepowered/asm/mixin/injection/callback/CallbackInfo;)V has 0 override(s) in child classes
[22May2025 19:33:24.012] [pool-19-thread-1/DEBUG] [mixin/]: pehkui.mixins.json:PreEntityTickMixin from mod pehkui->@Inject::pehkui$tick(Lorg/spongepowered/asm/mixin/injection/callback/CallbackInfo;)V won't be passed a CallbackInfo as a result
[22May2025 19:33:24.031] [pool-19-thread-1/DEBUG] [mixin/]: Mixing compat121plus.BlockAttachedEntityMixin from pehkui.mixins.json into net.minecraft.world.entity.decoration.BlockAttachedEntity
[22May2025 19:33:24.031] [pool-19-thread-1/DEBUG] [mixin/]: pehkui.mixins.json:compat121plus.BlockAttachedEntityMixin from mod pehkui: Class version 65 required is higher than the class version supported by the current version of Mixin (JAVA_17 supports class version 61)
[22May2025 19:33:24.032] [pool-19-thread-1/DEBUG] [mixin/]: pehkui.mixins.json:compat121plus.BlockAttachedEntityMixin from mod pehkui->@Inject::pehkui$calculateDimensions(Lorg/spongepowered/asm/mixin/injection/callback/CallbackInfo;)V doesn't use it's CallbackInfo
[22May2025 19:33:24.032] [pool-19-thread-1/DEBUG] [mixin/]: pehkui.mixins.json:compat121plus.BlockAttachedEntityMixin from mod pehkui->@Inject::pehkui$calculateDimensions(Lorg/spongepowered/asm/mixin/injection/callback/CallbackInfo;)V has 0 override(s) in child classes
[22May2025 19:33:24.032] [pool-19-thread-1/DEBUG] [mixin/]: pehkui.mixins.json:compat121plus.BlockAttachedEntityMixin from mod pehkui->@Inject::pehkui$calculateDimensions(Lorg/spongepowered/asm/mixin/injection/callback/CallbackInfo;)V won't be passed a CallbackInfo as a result
[22May2025 19:33:24.049] [pool-19-thread-1/DEBUG] [mixin/]: Mixing AreaEffectCloudEntityMixin from pehkui.mixins.json into net.minecraft.world.entity.AreaEffectCloud
[22May2025 19:33:24.049] [pool-19-thread-1/DEBUG] [mixin/]: pehkui.mixins.json:AreaEffectCloudEntityMixin from mod pehkui: Class version 65 required is higher than the class version supported by the current version of Mixin (JAVA_17 supports class version 61)
[22May2025 19:33:24.067] [pool-19-thread-1/DEBUG] [mixin/]: Mixing ArmorStandEntityMixin from pehkui.mixins.json into net.minecraft.world.entity.decoration.ArmorStand
[22May2025 19:33:24.068] [pool-19-thread-1/DEBUG] [mixin/]: pehkui.mixins.json:ArmorStandEntityMixin from mod pehkui: Class version 65 required is higher than the class version supported by the current version of Mixin (JAVA_17 supports class version 61)
[22May2025 19:33:24.108] [pool-19-thread-1/DEBUG] [mixin/]: Mixing TrackTargetGoalMixin from pehkui.mixins.json into net.minecraft.world.entity.ai.goal.target.TargetGoal
[22May2025 19:33:24.109] [pool-19-thread-1/DEBUG] [mixin/]: pehkui.mixins.json:TrackTargetGoalMixin from mod pehkui: Class version 65 required is higher than the class version supported by the current version of Mixin (JAVA_17 supports class version 61)
[22May2025 19:33:24.118] [pool-19-thread-1/DEBUG] [mixin/]: Mixing BlazeEntityShootFireballGoalMixin from pehkui.mixins.json into net.minecraft.world.entity.monster.Blaze$BlazeAttackGoal
[22May2025 19:33:24.119] [pool-19-thread-1/DEBUG] [mixin/]: pehkui.mixins.json:BlazeEntityShootFireballGoalMixin from mod pehkui: Class version 65 required is higher than the class version supported by the current version of Mixin (JAVA_17 supports class version 61)
[22May2025 19:33:24.140] [pool-19-thread-1/DEBUG] [mixin/]: Mixing compat121plus.ExplosiveProjectileEntityMixin from pehkui.mixins.json into net.minecraft.world.entity.projectile.AbstractHurtingProjectile
[22May2025 19:33:24.140] [pool-19-thread-1/DEBUG] [mixin/]: pehkui.mixins.json:compat121plus.ExplosiveProjectileEntityMixin from mod pehkui: Class version 65 required is higher than the class version supported by the current version of Mixin (JAVA_17 supports class version 61)
[22May2025 19:33:24.143] [pool-19-thread-1/DEBUG] [mixin/]: pehkui.mixins.json:compat121plus.ExplosiveProjectileEntityMixin from mod pehkui->@Inject::pehkui$construct(Lnet/minecraft/world/entity/EntityType;Lnet/minecraft/world/entity/LivingEntity;Lnet/minecraft/world/phys/Vec3;Lnet/minecraft/world/level/Level;Lorg/spongepowered/asm/mixin/injection/callback/CallbackInfo;)V doesn't use it's CallbackInfo
[22May2025 19:33:24.143] [pool-19-thread-1/DEBUG] [mixin/]: pehkui.mixins.json:compat121plus.ExplosiveProjectileEntityMixin from mod pehkui->@Inject::pehkui$construct(Lnet/minecraft/world/entity/EntityType;Lnet/minecraft/world/entity/LivingEntity;Lnet/minecraft/world/phys/Vec3;Lnet/minecraft/world/level/Level;Lorg/spongepowered/asm/mixin/injection/callback/CallbackInfo;)V has 0 override(s) in child classes
[22May2025 19:33:24.143] [pool-19-thread-1/DEBUG] [mixin/]: pehkui.mixins.json:compat121plus.ExplosiveProjectileEntityMixin from mod pehkui->@Inject::pehkui$construct(Lnet/minecraft/world/entity/EntityType;Lnet/minecraft/world/entity/LivingEntity;Lnet/minecraft/world/phys/Vec3;Lnet/minecraft/world/level/Level;Lorg/spongepowered/asm/mixin/injection/callback/CallbackInfo;)V won't be passed a CallbackInfo as a result
[22May2025 19:33:24.171] [pool-19-thread-1/DEBUG] [mixin/]: Mixing compat119plus.ChestBoatEntityMixin from pehkui.mixins.json into net.minecraft.world.entity.vehicle.ChestBoat
[22May2025 19:33:24.171] [pool-19-thread-1/DEBUG] [mixin/]: pehkui.mixins.json:compat119plus.ChestBoatEntityMixin from mod pehkui: Class version 65 required is higher than the class version supported by the current version of Mixin (JAVA_17 supports class version 61)
[22May2025 19:33:24.199] [pool-19-thread-1/DEBUG] [mixin/]: Mixing compat116plus.DragonFireballEntityMixin from pehkui.mixins.json into net.minecraft.world.entity.projectile.DragonFireball
[22May2025 19:33:24.199] [pool-19-thread-1/DEBUG] [mixin/]: pehkui.mixins.json:compat116plus.DragonFireballEntityMixin from mod pehkui: Class version 65 required is higher than the class version supported by the current version of Mixin (JAVA_17 supports class version 61)
[22May2025 19:33:24.214] [pool-19-thread-1/DEBUG] [mixin/]: Mixing compat116plus.EggEntityMixin from pehkui.mixins.json into net.minecraft.world.entity.projectile.ThrownEgg
[22May2025 19:33:24.214] [pool-19-thread-1/DEBUG] [mixin/]: pehkui.mixins.json:compat116plus.EggEntityMixin from mod pehkui: Class version 65 required is higher than the class version supported by the current version of Mixin (JAVA_17 supports class version 61)
[22May2025 19:33:24.217] [pool-19-thread-1/DEBUG] [mixin/]: Mixing ThrownEntityMixin from pehkui.mixins.json into net.minecraft.world.entity.projectile.ThrowableProjectile
[22May2025 19:33:24.217] [pool-19-thread-1/DEBUG] [mixin/]: pehkui.mixins.json:ThrownEntityMixin from mod pehkui: Class version 65 required is higher than the class version supported by the current version of Mixin (JAVA_17 supports class version 61)
[22May2025 19:33:24.218] [pool-19-thread-1/DEBUG] [mixin/]: pehkui.mixins.json:ThrownEntityMixin from mod pehkui->@Inject::pehkui$construct(Lnet/minecraft/world/entity/EntityType;Lnet/minecraft/world/entity/LivingEntity;Lnet/minecraft/world/level/Level;Lorg/spongepowered/asm/mixin/injection/callback/CallbackInfo;)V doesn't use it's CallbackInfo
[22May2025 19:33:24.218] [pool-19-thread-1/DEBUG] [mixin/]: pehkui.mixins.json:ThrownEntityMixin from mod pehkui->@Inject::pehkui$construct(Lnet/minecraft/world/entity/EntityType;Lnet/minecraft/world/entity/LivingEntity;Lnet/minecraft/world/level/Level;Lorg/spongepowered/asm/mixin/injection/callback/CallbackInfo;)V has 0 override(s) in child classes
[22May2025 19:33:24.218] [pool-19-thread-1/DEBUG] [mixin/]: pehkui.mixins.json:ThrownEntityMixin from mod pehkui->@Inject::pehkui$construct(Lnet/minecraft/world/entity/EntityType;Lnet/minecraft/world/entity/LivingEntity;Lnet/minecraft/world/level/Level;Lorg/spongepowered/asm/mixin/injection/callback/CallbackInfo;)V won't be passed a CallbackInfo as a result
[22May2025 19:33:24.223] [pool-19-thread-1/DEBUG] [mixin/]: Mixing PreEntityTickMixin from pehkui.mixins.json into net.minecraft.world.entity.boss.enderdragon.EndCrystal
[22May2025 19:33:24.223] [pool-19-thread-1/DEBUG] [mixin/]: pehkui.mixins.json:PreEntityTickMixin from mod pehkui: Class version 65 required is higher than the class version supported by the current version of Mixin (JAVA_17 supports class version 61)
[22May2025 19:33:24.224] [pool-19-thread-1/DEBUG] [mixin/]: Mixing compat1203plus.EndCrystalEntityMixin from pehkui.mixins.json into net.minecraft.world.entity.boss.enderdragon.EndCrystal
[22May2025 19:33:24.224] [pool-19-thread-1/DEBUG] [mixin/]: pehkui.mixins.json:compat1203plus.EndCrystalEntityMixin from mod pehkui: Class version 65 required is higher than the class version supported by the current version of Mixin (JAVA_17 supports class version 61)
[22May2025 19:33:24.225] [pool-19-thread-1/DEBUG] [mixin/]: pehkui.mixins.json:PreEntityTickMixin from mod pehkui->@Inject::pehkui$tick(Lorg/spongepowered/asm/mixin/injection/callback/CallbackInfo;)V doesn't use it's CallbackInfo
[22May2025 19:33:24.225] [pool-19-thread-1/DEBUG] [mixin/]: pehkui.mixins.json:PreEntityTickMixin from mod pehkui->@Inject::pehkui$tick(Lorg/spongepowered/asm/mixin/injection/callback/CallbackInfo;)V has 0 override(s) in child classes
[22May2025 19:33:24.225] [pool-19-thread-1/DEBUG] [mixin/]: pehkui.mixins.json:PreEntityTickMixin from mod pehkui->@Inject::pehkui$tick(Lorg/spongepowered/asm/mixin/injection/callback/CallbackInfo;)V won't be passed a CallbackInfo as a result
[22May2025 19:33:24.228] [pool-19-thread-1/DEBUG] [mixin/]: Mixing EnderDragonEntityMixin from pehkui.mixins.json into net.minecraft.world.entity.boss.enderdragon.EnderDragon
[22May2025 19:33:24.228] [pool-19-thread-1/DEBUG] [mixin/]: pehkui.mixins.json:EnderDragonEntityMixin from mod pehkui: Class version 65 required is higher than the class version supported by the current version of Mixin (JAVA_17 supports class version 61)
[22May2025 19:33:24.236] [pool-19-thread-1/DEBUG] [mixin/]: Mixing compat121plus.EnderPearlEntityMixin from pehkui.mixins.json into net.minecraft.world.entity.projectile.ThrownEnderpearl
[22May2025 19:33:24.236] [pool-19-thread-1/DEBUG] [mixin/]: pehkui.mixins.json:compat121plus.EnderPearlEntityMixin from mod pehkui: Class version 65 required is higher than the class version supported by the current version of Mixin (JAVA_17 supports class version 61)
[22May2025 19:33:24.241] [pool-19-thread-1/DEBUG] [mixin/]: pehkui.mixins.json:compat121plus.EnderPearlEntityMixin from mod pehkui->@Inject::pehkui$onCollision(Lnet/minecraft/world/phys/HitResult;Lorg/spongepowered/asm/mixin/injection/callback/CallbackInfo;)V doesn't use it's CallbackInfo
[22May2025 19:33:24.241] [pool-19-thread-1/DEBUG] [mixin/]: pehkui.mixins.json:compat121plus.EnderPearlEntityMixin from mod pehkui->@Inject::pehkui$onCollision(Lnet/minecraft/world/phys/HitResult;Lorg/spongepowered/asm/mixin/injection/callback/CallbackInfo;)V has 0 override(s) in child classes
[22May2025 19:33:24.241] [pool-19-thread-1/DEBUG] [mixin/]: pehkui.mixins.json:compat121plus.EnderPearlEntityMixin from mod pehkui->@Inject::pehkui$onCollision(Lnet/minecraft/world/phys/HitResult;Lorg/spongepowered/asm/mixin/injection/callback/CallbackInfo;)V won't be passed a CallbackInfo as a result
[22May2025 19:33:24.256] [pool-19-thread-1/DEBUG] [mixin/]: Mixing compat116plus.SummonVexGoalMixin from pehkui.mixins.json into net.minecraft.world.entity.monster.Evoker$EvokerSummonSpellGoal
[22May2025 19:33:24.256] [pool-19-thread-1/DEBUG] [mixin/]: pehkui.mixins.json:compat116plus.SummonVexGoalMixin from mod pehkui: Class version 65 required is higher than the class version supported by the current version of Mixin (JAVA_17 supports class version 61)
[22May2025 19:33:24.259] [pool-19-thread-1/DEBUG] [mixin/]: Mixing EvokerFangsEntityMixin from pehkui.mixins.json into net.minecraft.world.entity.projectile.EvokerFangs
[22May2025 19:33:24.260] [pool-19-thread-1/DEBUG] [mixin/]: pehkui.mixins.json:EvokerFangsEntityMixin from mod pehkui: Class version 65 required is higher than the class version supported by the current version of Mixin (JAVA_17 supports class version 61)
[22May2025 19:33:24.260] [pool-19-thread-1/DEBUG] [mixin/]: pehkui.mixins.json:EvokerFangsEntityMixin from mod pehkui->@Inject::pehkui$construct(Lnet/minecraft/world/level/Level;DDDFILnet/minecraft/world/entity/LivingEntity;Lorg/spongepowered/asm/mixin/injection/callback/CallbackInfo;)V doesn't use it's CallbackInfo
[22May2025 19:33:24.260] [pool-19-thread-1/DEBUG] [mixin/]: pehkui.mixins.json:EvokerFangsEntityMixin from mod pehkui->@Inject::pehkui$construct(Lnet/minecraft/world/level/Level;DDDFILnet/minecraft/world/entity/LivingEntity;Lorg/spongepowered/asm/mixin/injection/callback/CallbackInfo;)V has 0 override(s) in child classes
[22May2025 19:33:24.260] [pool-19-thread-1/DEBUG] [mixin/]: pehkui.mixins.json:EvokerFangsEntityMixin from mod pehkui->@Inject::pehkui$construct(Lnet/minecraft/world/level/Level;DDDFILnet/minecraft/world/entity/LivingEntity;Lorg/spongepowered/asm/mixin/injection/callback/CallbackInfo;)V won't be passed a CallbackInfo as a result
[22May2025 19:33:24.271] [pool-19-thread-1/DEBUG] [mixin/]: Mixing compat116plus.FoxEntityMateGoalMixin from pehkui.mixins.json into net.minecraft.world.entity.animal.Fox$FoxBreedGoal
[22May2025 19:33:24.272] [pool-19-thread-1/DEBUG] [mixin/]: pehkui.mixins.json:compat116plus.FoxEntityMateGoalMixin from mod pehkui: Class version 65 required is higher than the class version supported by the current version of Mixin (JAVA_17 supports class version 61)
[22May2025 19:33:24.274] [pool-19-thread-1/DEBUG] [mixin/]: pehkui.mixins.json:compat116plus.FoxEntityMateGoalMixin from mod pehkui->@Inject::pehkui$breed(Lorg/spongepowered/asm/mixin/injection/callback/CallbackInfo;)V doesn't use it's CallbackInfo
[22May2025 19:33:24.274] [pool-19-thread-1/DEBUG] [mixin/]: pehkui.mixins.json:compat116plus.FoxEntityMateGoalMixin from mod pehkui->@Inject::pehkui$breed(Lorg/spongepowered/asm/mixin/injection/callback/CallbackInfo;)V has 0 override(s) in child classes
[22May2025 19:33:24.274] [pool-19-thread-1/DEBUG] [mixin/]: pehkui.mixins.json:compat116plus.FoxEntityMateGoalMixin from mod pehkui->@Inject::pehkui$breed(Lorg/spongepowered/asm/mixin/injection/callback/CallbackInfo;)V won't be passed a CallbackInfo as a result
[22May2025 19:33:24.282] [pool-19-thread-1/DEBUG] [mixin/]: Mixing GhastEntityShootFireballGoalMixin from pehkui.mixins.json into net.minecraft.world.entity.monster.Ghast$GhastShootFireballGoal
[22May2025 19:33:24.283] [pool-19-thread-1/DEBUG] [mixin/]: pehkui.mixins.json:GhastEntityShootFireballGoalMixin from mod pehkui: Class version 65 required is higher than the class version supported by the current version of Mixin (JAVA_17 supports class version 61)
[22May2025 19:33:24.293] [pool-19-thread-1/DEBUG] [mixin/]: Mixing AbstractDecorationEntityMixin from pehkui.mixins.json into net.minecraft.world.entity.decoration.HangingEntity
[22May2025 19:33:24.293] [pool-19-thread-1/DEBUG] [mixin/]: pehkui.mixins.json:AbstractDecorationEntityMixin from mod pehkui: Class version 65 required is higher than the class version supported by the current version of Mixin (JAVA_17 supports class version 61)
[22May2025 19:33:24.321] [pool-19-thread-1/DEBUG] [mixin/]: Mixing compat1193plus.FireballEntityMixin from pehkui.mixins.json into net.minecraft.world.entity.projectile.LargeFireball
[22May2025 19:33:24.321] [pool-19-thread-1/DEBUG] [mixin/]: pehkui.mixins.json:compat1193plus.FireballEntityMixin from mod pehkui: Class version 65 required is higher than the class version supported by the current version of Mixin (JAVA_17 supports class version 61)
[22May2025 19:33:24.332] [pool-19-thread-1/DEBUG] [mixin/]: Mixing LlamaSpitEntityMixin from pehkui.mixins.json into net.minecraft.world.entity.projectile.LlamaSpit
[22May2025 19:33:24.332] [pool-19-thread-1/DEBUG] [mixin/]: pehkui.mixins.json:LlamaSpitEntityMixin from mod pehkui: Class version 65 required is higher than the class version supported by the current version of Mixin (JAVA_17 supports class version 61)
[22May2025 19:33:24.334] [pool-19-thread-1/DEBUG] [mixin/]: pehkui.mixins.json:LlamaSpitEntityMixin from mod pehkui->@Inject::pehkui$construct(Lnet/minecraft/world/level/Level;Lnet/minecraft/world/entity/animal/horse/Llama;Lorg/spongepowered/asm/mixin/injection/callback/CallbackInfo;)V doesn't use it's CallbackInfo
[22May2025 19:33:24.334] [pool-19-thread-1/DEBUG] [mixin/]: pehkui.mixins.json:LlamaSpitEntityMixin from mod pehkui->@Inject::pehkui$construct(Lnet/minecraft/world/level/Level;Lnet/minecraft/world/entity/animal/horse/Llama;Lorg/spongepowered/asm/mixin/injection/callback/CallbackInfo;)V has 0 override(s) in child classes
[22May2025 19:33:24.334] [pool-19-thread-1/DEBUG] [mixin/]: pehkui.mixins.json:LlamaSpitEntityMixin from mod pehkui->@Inject::pehkui$construct(Lnet/minecraft/world/level/Level;Lnet/minecraft/world/entity/animal/horse/Llama;Lorg/spongepowered/asm/mixin/injection/callback/CallbackInfo;)V won't be passed a CallbackInfo as a result
[22May2025 19:33:24.364] [pool-19-thread-1/DEBUG] [mixin/]: Mixing compat116plus.PigEntityMixin from pehkui.mixins.json into net.minecraft.world.entity.animal.Pig
[22May2025 19:33:24.364] [pool-19-thread-1/DEBUG] [mixin/]: pehkui.mixins.json:compat116plus.PigEntityMixin from mod pehkui: Class version 65 required is higher than the class version supported by the current version of Mixin (JAVA_17 supports class version 61)
[22May2025 19:33:24.367] [pool-19-thread-1/DEBUG] [mixin/]: pehkui.mixins.json:compat116plus.PigEntityMixin from mod pehkui->@Inject::pehkui$onStruckByLightning(Lnet/minecraft/server/level/ServerLevel;Lnet/minecraft/world/entity/LightningBolt;Lorg/spongepowered/asm/mixin/injection/callback/CallbackInfo;)V doesn't use it's CallbackInfo
[22May2025 19:33:24.367] [pool-19-thread-1/DEBUG] [mixin/]: pehkui.mixins.json:compat116plus.PigEntityMixin from mod pehkui->@Inject::pehkui$onStruckByLightning(Lnet/minecraft/server/level/ServerLevel;Lnet/minecraft/world/entity/LightningBolt;Lorg/spongepowered/asm/mixin/injection/callback/CallbackInfo;)V has 0 override(s) in child classes
[22May2025 19:33:24.367] [pool-19-thread-1/DEBUG] [mixin/]: pehkui.mixins.json:compat116plus.PigEntityMixin from mod pehkui->@Inject::pehkui$onStruckByLightning(Lnet/minecraft/server/level/ServerLevel;Lnet/minecraft/world/entity/LightningBolt;Lorg/spongepowered/asm/mixin/injection/callback/CallbackInfo;)V won't be passed a CallbackInfo as a result
[22May2025 19:33:24.378] [pool-19-thread-1/DEBUG] [mixin/]: Mixing PotionEntityMixin from pehkui.mixins.json into net.minecraft.world.entity.projectile.ThrownPotion
[22May2025 19:33:24.378] [pool-19-thread-1/DEBUG] [mixin/]: pehkui.mixins.json:PotionEntityMixin from mod pehkui: Class version 65 required is higher than the class version supported by the current version of Mixin (JAVA_17 supports class version 61)
[22May2025 19:33:24.379] [pool-19-thread-1/DEBUG] [mixin/]: Mixing compat1205plus.PotionEntityMixin from pehkui.mixins.json into net.minecraft.world.entity.projectile.ThrownPotion
[22May2025 19:33:24.379] [pool-19-thread-1/DEBUG] [mixin/]: pehkui.mixins.json:compat1205plus.PotionEntityMixin from mod pehkui: Class version 65 required is higher than the class version supported by the current version of Mixin (JAVA_17 supports class version 61)
[22May2025 19:33:24.390] [pool-19-thread-1/DEBUG] [mixin/]: Mixing compat1202plus.RavagerEntityMixin from pehkui.mixins.json into net.minecraft.world.entity.monster.Ravager
[22May2025 19:33:24.391] [pool-19-thread-1/DEBUG] [mixin/]: pehkui.mixins.json:compat1202plus.RavagerEntityMixin from mod pehkui: Class version 65 required is higher than the class version supported by the current version of Mixin (JAVA_17 supports class version 61)
[22May2025 19:33:24.400] [pool-19-thread-1/DEBUG] [mixin/]: Mixing compat117plus.ShulkerEntityMixin from pehkui.mixins.json into net.minecraft.world.entity.monster.Shulker
[22May2025 19:33:24.400] [pool-19-thread-1/DEBUG] [mixin/]: pehkui.mixins.json:compat117plus.ShulkerEntityMixin from mod pehkui: Class version 65 required is higher than the class version supported by the current version of Mixin (JAVA_17 supports class version 61)
[22May2025 19:33:24.436] [pool-19-thread-1/DEBUG] [mixin/]: Mixing compat116plus.VillagerEntityMixin from pehkui.mixins.json into net.minecraft.world.entity.npc.Villager
[22May2025 19:33:24.436] [pool-19-thread-1/DEBUG] [mixin/]: pehkui.mixins.json:compat116plus.VillagerEntityMixin from mod pehkui: Class version 65 required is higher than the class version supported by the current version of Mixin (JAVA_17 supports class version 61)
[22May2025 19:33:24.439] [pool-19-thread-1/DEBUG] [mixin/]: pehkui.mixins.json:compat116plus.VillagerEntityMixin from mod pehkui->@Inject::pehkui$onStruckByLightning(Lnet/minecraft/server/level/ServerLevel;Lnet/minecraft/world/entity/LightningBolt;Lorg/spongepowered/asm/mixin/injection/callback/CallbackInfo;)V doesn't use it's CallbackInfo
[22May2025 19:33:24.439] [pool-19-thread-1/DEBUG] [mixin/]: pehkui.mixins.json:compat116plus.VillagerEntityMixin from mod pehkui->@Inject::pehkui$onStruckByLightning(Lnet/minecraft/server/level/ServerLevel;Lnet/minecraft/world/entity/LightningBolt;Lorg/spongepowered/asm/mixin/injection/callback/CallbackInfo;)V has 0 override(s) in child classes
[22May2025 19:33:24.439] [pool-19-thread-1/DEBUG] [mixin/]: pehkui.mixins.json:compat116plus.VillagerEntityMixin from mod pehkui->@Inject::pehkui$onStruckByLightning(Lnet/minecraft/server/level/ServerLevel;Lnet/minecraft/world/entity/LightningBolt;Lorg/spongepowered/asm/mixin/injection/callback/CallbackInfo;)V won't be passed a CallbackInfo as a result
[22May2025 19:33:24.488] [pool-19-thread-1/DEBUG] [mixin/]: Mixing compat116plus.FishingBobberEntityMixin from pehkui.mixins.json into net.minecraft.world.entity.projectile.FishingHook
[22May2025 19:33:24.488] [pool-19-thread-1/DEBUG] [mixin/]: pehkui.mixins.json:compat116plus.FishingBobberEntityMixin from mod pehkui: Class version 65 required is higher than the class version supported by the current version of Mixin (JAVA_17 supports class version 61)
[22May2025 19:33:24.868] [pool-19-thread-1/DEBUG] [mixin/]: Mixing EntitySelectorOptionsInvoker from pehkui.mixins.json into net.minecraft.commands.arguments.selector.options.EntitySelectorOptions
[22May2025 19:33:24.868] [pool-19-thread-1/DEBUG] [mixin/]: pehkui.mixins.json:EntitySelectorOptionsInvoker from mod pehkui: Class version 65 required is higher than the class version supported by the current version of Mixin (JAVA_17 supports class version 61)
[22May2025 19:33:24.869] [pool-19-thread-1/DEBUG] [mixin/]: Renaming @Invoker method callRegister(Ljava/lang/String;Lnet/minecraft/commands/arguments/selector/options/EntitySelectorOptions$Modifier;Ljava/util/function/Predicate;Lnet/minecraft/network/chat/Component;)V to callRegister$pehkui_$md$60ac39$0 in pehkui.mixins.json:EntitySelectorOptionsInvoker from mod pehkui
[22May2025 19:33:24.869] [pool-19-thread-1/DEBUG] [mixin/]: Mixing EntitySelectorOptionsMixin from pehkui.mixins.json into net.minecraft.commands.arguments.selector.options.EntitySelectorOptions
[22May2025 19:33:24.869] [pool-19-thread-1/DEBUG] [mixin/]: pehkui.mixins.json:EntitySelectorOptionsMixin from mod pehkui: Class version 65 required is higher than the class version supported by the current version of Mixin (JAVA_17 supports class version 61)
[22May2025 19:33:24.870] [pool-19-thread-1/DEBUG] [mixin/]: pehkui.mixins.json:EntitySelectorOptionsMixin from mod pehkui->@Inject::pehkui$nbtSelector$before(Lnet/minecraft/nbt/CompoundTag;ZLnet/minecraft/world/entity/Entity;Lorg/spongepowered/asm/mixin/injection/callback/CallbackInfoReturnable;)V doesn't use it's CallbackInfoReturnable
[22May2025 19:33:24.870] [pool-19-thread-1/DEBUG] [mixin/]: pehkui.mixins.json:EntitySelectorOptionsMixin from mod pehkui->@Inject::pehkui$nbtSelector$after(Lnet/minecraft/nbt/CompoundTag;ZLnet/minecraft/world/entity/Entity;Lorg/spongepowered/asm/mixin/injection/callback/CallbackInfoReturnable;)V doesn't use it's CallbackInfoReturnable
[22May2025 19:33:24.877] [pool-19-thread-1/DEBUG] [mixin/]: Mixing EntitySelectorReaderMixin from pehkui.mixins.json into net.minecraft.commands.arguments.selector.EntitySelectorParser
[22May2025 19:33:24.878] [pool-19-thread-1/DEBUG] [mixin/]: pehkui.mixins.json:EntitySelectorReaderMixin from mod pehkui: Class version 65 required is higher than the class version supported by the current version of Mixin (JAVA_17 supports class version 61)
[22May2025 19:33:24.878] [pool-19-thread-1/DEBUG] [mixin/]: Renaming synthetic method lambda$pehkui$buildPredicate$1(Lvirtuoel/pehkui/api/ScaleType;Lnet/minecraft/world/entity/Entity;)Z to md60ac39$pehkui$lambda$pehkui$buildPredicate$1$0 in pehkui.mixins.json:EntitySelectorReaderMixin from mod pehkui
[22May2025 19:33:24.878] [pool-19-thread-1/DEBUG] [mixin/]: Renaming synthetic method lambda$pehkui$buildPredicate$0(Lvirtuoel/pehkui/api/ScaleType;Lnet/minecraft/world/entity/Entity;)Z to md60ac39$pehkui$lambda$pehkui$buildPredicate$0$1 in pehkui.mixins.json:EntitySelectorReaderMixin from mod pehkui
[22May2025 19:33:24.882] [pool-19-thread-1/DEBUG] [mixin/]: pehkui.mixins.json:EntitySelectorReaderMixin from mod pehkui->@Inject::pehkui$buildPredicate(Lorg/spongepowered/asm/mixin/injection/callback/CallbackInfo;)V doesn't use it's CallbackInfo
[22May2025 19:33:24.882] [pool-19-thread-1/DEBUG] [mixin/]: pehkui.mixins.json:EntitySelectorReaderMixin from mod pehkui->@Inject::pehkui$buildPredicate(Lorg/spongepowered/asm/mixin/injection/callback/CallbackInfo;)V has 0 override(s) in child classes
[22May2025 19:33:24.882] [pool-19-thread-1/DEBUG] [mixin/]: pehkui.mixins.json:EntitySelectorReaderMixin from mod pehkui->@Inject::pehkui$buildPredicate(Lorg/spongepowered/asm/mixin/injection/callback/CallbackInfo;)V won't be passed a CallbackInfo as a result
[22May2025 19:33:24.995] [pool-19-thread-1/DEBUG] [mixin/]: Mixing AbstractCookingRecipeAccessor from enderio-machines.mixins.json into net.minecraft.world.item.crafting.AbstractCookingRecipe
[22May2025 19:33:24.995] [pool-19-thread-1/DEBUG] [mixin/]: enderio-machines.mixins.json:AbstractCookingRecipeAccessor from mod enderio_machines: Class version 65 required is higher than the class version supported by the current version of Mixin (JAVA_17 supports class version 61)
[22May2025 19:33:25.039] [pool-19-thread-1/DEBUG] [mixin/]: Mixing OperationArgumentTypeAccessor from pehkui.mixins.json into net.minecraft.commands.arguments.OperationArgument
[22May2025 19:33:25.040] [pool-19-thread-1/DEBUG] [mixin/]: pehkui.mixins.json:OperationArgumentTypeAccessor from mod pehkui: Class version 65 required is higher than the class version supported by the current version of Mixin (JAVA_17 supports class version 61)
[22May2025 19:33:25.040] [pool-19-thread-1/DEBUG] [mixin/]: Renaming @Accessor method getInvalidOperationException()Lcom/mojang/brigadier/exceptions/SimpleCommandExceptionType; to getInvalidOperationException$pehkui_$md$60ac39$0 in pehkui.mixins.json:OperationArgumentTypeAccessor from mod pehkui
[22May2025 19:33:25.040] [pool-19-thread-1/DEBUG] [mixin/]: Renaming @Accessor method getDivisionZeroException()Lcom/mojang/brigadier/exceptions/SimpleCommandExceptionType; to getDivisionZeroException$pehkui_$md$60ac39$1 in pehkui.mixins.json:OperationArgumentTypeAccessor from mod pehkui
[22May2025 19:33:25.064] [pool-19-thread-1/DEBUG] [mixin/]: Mixing MixinBiomes from mixins.iris.json into net.minecraft.world.level.biome.Biomes
[22May2025 19:33:25.064] [pool-19-thread-1/DEBUG] [mixin/]: mixins.iris.json:MixinBiomes from mod iris: Class version 65 required is higher than the class version supported by the current version of Mixin (JAVA_8 supports class version 52)
[22May2025 19:33:25.067] [pool-19-thread-1/DEBUG] [mixin/]: mixins.iris.json:MixinBiomes from mod iris->@Inject::iris$registerBiome(Ljava/lang/String;Lorg/spongepowered/asm/mixin/injection/callback/CallbackInfoReturnable;)V does use it's CallbackInfoReturnable
[22May2025 19:33:25.424] [pool-19-thread-1/DEBUG] [mixin/]: Mixing DimensionTypeAccessor from mixins.iris.json into net.minecraft.world.level.dimension.DimensionType
[22May2025 19:33:25.424] [pool-19-thread-1/DEBUG] [mixin/]: mixins.iris.json:DimensionTypeAccessor from mod iris: Class version 65 required is higher than the class version supported by the current version of Mixin (JAVA_8 supports class version 52)
[22May2025 19:33:26.500] [main/DEBUG] [mixin/]: Mixing DataCommandInvoker$Get from pehkui.mixins.json into net.minecraft.server.commands.data.DataCommands
[22May2025 19:33:26.501] [main/DEBUG] [mixin/]: pehkui.mixins.json:DataCommandInvoker$Get from mod pehkui: Class version 65 required is higher than the class version supported by the current version of Mixin (JAVA_17 supports class version 61)
[22May2025 19:33:26.501] [main/DEBUG] [mixin/]: Renaming @Invoker method callGetData(Lnet/minecraft/commands/CommandSourceStack;Lnet/minecraft/server/commands/data/DataAccessor;)I to callGetData$pehkui_$md$60ac39$0 in pehkui.mixins.json:DataCommandInvoker$Get from mod pehkui
[22May2025 19:33:26.501] [main/DEBUG] [mixin/]: Mixing DataCommandInvoker$Path from pehkui.mixins.json into net.minecraft.server.commands.data.DataCommands
[22May2025 19:33:26.501] [main/DEBUG] [mixin/]: pehkui.mixins.json:DataCommandInvoker$Path from mod pehkui: Class version 65 required is higher than the class version supported by the current version of Mixin (JAVA_17 supports class version 61)
[22May2025 19:33:26.501] [main/DEBUG] [mixin/]: Renaming @Invoker method callGetData(Lnet/minecraft/commands/CommandSourceStack;Lnet/minecraft/server/commands/data/DataAccessor;Lnet/minecraft/commands/arguments/NbtPathArgument$NbtPath;)I to callGetData$pehkui_$md$60ac39$1 in pehkui.mixins.json:DataCommandInvoker$Path from mod pehkui
[22May2025 19:33:26.501] [main/DEBUG] [mixin/]: Mixing DataCommandInvoker$Scaled from pehkui.mixins.json into net.minecraft.server.commands.data.DataCommands
[22May2025 19:33:26.501] [main/DEBUG] [mixin/]: pehkui.mixins.json:DataCommandInvoker$Scaled from mod pehkui: Class version 65 required is higher than the class version supported by the current version of Mixin (JAVA_17 supports class version 61)
[22May2025 19:33:26.501] [main/DEBUG] [mixin/]: Renaming @Invoker method callGetNumeric(Lnet/minecraft/commands/CommandSourceStack;Lnet/minecraft/server/commands/data/DataAccessor;Lnet/minecraft/commands/arguments/NbtPathArgument$NbtPath;D)I to callGetNumeric$pehkui_$md$60ac39$2 in pehkui.mixins.json:DataCommandInvoker$Scaled from mod pehkui
[22May2025 19:33:26.677] [main/DEBUG] [mixin/]: Mixing pehkui.compat.ScaleTypeMixin from pehkui.mixins.json into virtuoel.pehkui.api.ScaleType
[22May2025 19:33:26.677] [main/DEBUG] [mixin/]: pehkui.mixins.json:pehkui.compat.ScaleTypeMixin from mod pehkui: Class version 65 required is higher than the class version supported by the current version of Mixin (JAVA_17 supports class version 61)
[22May2025 19:33:26.689] [main/DEBUG] [mixin/]: Mixing EntitySelectorMixin from pehkui.mixins.json into net.minecraft.commands.arguments.selector.EntitySelector
[22May2025 19:33:26.690] [main/DEBUG] [mixin/]: pehkui.mixins.json:EntitySelectorMixin from mod pehkui: Class version 65 required is higher than the class version supported by the current version of Mixin (JAVA_17 supports class version 61)
[22May2025 19:33:26.694] [main/WARN] [net.minecraft.commands.Commands/]: Ambiguity between arguments [teleport, location] and [teleport, destination] with inputs: [0.1 -0.5 .9, 0 0 0]
[22May2025 19:33:26.694] [main/WARN] [net.minecraft.commands.Commands/]: Ambiguity between arguments [teleport, location] and [teleport, targets] with inputs: [0.1 -0.5 .9, 0 0 0]
[22May2025 19:33:26.696] [main/WARN] [net.minecraft.commands.Commands/]: Ambiguity between arguments [teleport, destination] and [teleport, targets] with inputs: [Player, 0123, @e, dd12be42-52a9-4a91-a8a1-11c01849e498]
[22May2025 19:33:26.697] [main/WARN] [net.minecraft.commands.Commands/]: Ambiguity between arguments [teleport, targets] and [teleport, destination] with inputs: [Player, 0123, dd12be42-52a9-4a91-a8a1-11c01849e498]
[22May2025 19:33:26.697] [main/WARN] [net.minecraft.commands.Commands/]: Ambiguity between arguments [teleport, targets, location] and [teleport, targets, destination] with inputs: [0.1 -0.5 .9, 0 0 0]
[22May2025 19:33:26.707] [Render thread/DEBUG] [mixin/]: Mixing MixinGlStateManager from mixins.iris.json into com.mojang.blaze3d.systems.RenderSystem
[22May2025 19:33:26.707] [Render thread/DEBUG] [mixin/]: mixins.iris.json:MixinGlStateManager from mod iris: Class version 65 required is higher than the class version supported by the current version of Mixin (JAVA_8 supports class version 52)
[22May2025 19:33:26.708] [Render thread/DEBUG] [mixin/]: Mixing MixinRenderSystem from mixins.iris.json into com.mojang.blaze3d.systems.RenderSystem
[22May2025 19:33:26.708] [Render thread/DEBUG] [mixin/]: mixins.iris.json:MixinRenderSystem from mod iris: Class version 65 required is higher than the class version supported by the current version of Mixin (JAVA_8 supports class version 52)
[22May2025 19:33:26.709] [Render thread/DEBUG] [mixin/]: Mixing statelisteners.MixinRenderSystem from mixins.iris.json into com.mojang.blaze3d.systems.RenderSystem
[22May2025 19:33:26.709] [Render thread/DEBUG] [mixin/]: mixins.iris.json:statelisteners.MixinRenderSystem from mod iris: Class version 65 required is higher than the class version supported by the current version of Mixin (JAVA_8 supports class version 52)
[22May2025 19:33:26.709] [Render thread/DEBUG] [mixin/]: Renaming synthetic method lambda$static$1(Ljava/lang/Runnable;)V to md60ac39$iris$lambda$static$1$0 in mixins.iris.json:statelisteners.MixinRenderSystem from mod iris
[22May2025 19:33:26.709] [Render thread/DEBUG] [mixin/]: Renaming synthetic method lambda$static$0(Ljava/lang/Runnable;)V to md60ac39$iris$lambda$static$0$1 in mixins.iris.json:statelisteners.MixinRenderSystem from mod iris
[22May2025 19:33:26.710] [Render thread/DEBUG] [mixin/]: Mixing workarounds.event_loop.RenderSystemMixin from sodium-common.mixins.json into com.mojang.blaze3d.systems.RenderSystem
[22May2025 19:33:26.710] [Render thread/DEBUG] [mixin/]: sodium-common.mixins.json:workarounds.event_loop.RenderSystemMixin from mod sodium: Class version 65 required is higher than the class version supported by the current version of Mixin (JAVA_17 supports class version 61)
[22May2025 19:33:26.713] [Render thread/DEBUG] [mixin/]: mixins.iris.json:MixinRenderSystem from mod iris->@Inject::iris$onRendererInit(IZLorg/spongepowered/asm/mixin/injection/callback/CallbackInfo;)V doesn't use it's CallbackInfo
[22May2025 19:33:26.713] [Render thread/DEBUG] [mixin/]: mixins.iris.json:MixinRenderSystem from mod iris->@Inject::_setShaderTexture(ILnet/minecraft/resources/ResourceLocation;Lorg/spongepowered/asm/mixin/injection/callback/CallbackInfo;)V doesn't use it's CallbackInfo
[22May2025 19:33:26.713] [Render thread/DEBUG] [mixin/]: mixins.iris.json:MixinRenderSystem from mod iris->@Inject::_setShaderTexture(IILorg/spongepowered/asm/mixin/injection/callback/CallbackInfo;)V doesn't use it's CallbackInfo
[22May2025 19:33:26.713] [Render thread/DEBUG] [mixin/]: mixins.iris.json:statelisteners.MixinRenderSystem from mod iris->@Inject::iris$onFogStart(FLorg/spongepowered/asm/mixin/injection/callback/CallbackInfo;)V doesn't use it's CallbackInfo
[22May2025 19:33:26.713] [Render thread/DEBUG] [mixin/]: mixins.iris.json:statelisteners.MixinRenderSystem from mod iris->@Inject::iris$onFogEnd(FLorg/spongepowered/asm/mixin/injection/callback/CallbackInfo;)V doesn't use it's CallbackInfo
[22May2025 19:33:26.718] [Render thread/DEBUG] [mixin/]: Mixing MixinByteBufferBuilder from mixins.iris.json into com.mojang.blaze3d.vertex.ByteBufferBuilder
[22May2025 19:33:26.718] [Render thread/DEBUG] [mixin/]: mixins.iris.json:MixinByteBufferBuilder from mod iris: Class version 65 required is higher than the class version supported by the current version of Mixin (JAVA_8 supports class version 52)
[22May2025 19:33:26.719] [Render thread/DEBUG] [mixin/]: Mixing MixinByteBufferBuilder from iris-batched-entity-rendering.mixins.json into com.mojang.blaze3d.vertex.ByteBufferBuilder
[22May2025 19:33:26.719] [Render thread/DEBUG] [mixin/]: iris-batched-entity-rendering.mixins.json:MixinByteBufferBuilder from mod iris: Class version 65 required is higher than the class version supported by the current version of Mixin (JAVA_8 supports class version 52)
[22May2025 19:33:26.722] [Render thread/DEBUG] [mixin/]: Mixing features.render.immediate.buffer_builder.sorting.VertexSortingMixin from sodium-common.mixins.json into com.mojang.blaze3d.vertex.VertexSorting
[22May2025 19:33:26.722] [Render thread/DEBUG] [mixin/]: sodium-common.mixins.json:features.render.immediate.buffer_builder.sorting.VertexSortingMixin from mod sodium: Class version 65 required is higher than the class version supported by the current version of Mixin (JAVA_17 supports class version 61)
[22May2025 19:33:26.727] [Render thread/DEBUG] [mixin/]: Mixing MixinRenderTarget from mixins.iris.json into com.mojang.blaze3d.pipeline.RenderTarget
[22May2025 19:33:26.727] [Render thread/DEBUG] [mixin/]: mixins.iris.json:MixinRenderTarget from mod iris: Class version 65 required is higher than the class version supported by the current version of Mixin (JAVA_8 supports class version 52)
[22May2025 19:33:26.727] [Render thread/DEBUG] [mixin/]: Mixing state_tracking.MixinRenderTarget from mixins.iris.json into com.mojang.blaze3d.pipeline.RenderTarget
[22May2025 19:33:26.727] [Render thread/DEBUG] [mixin/]: mixins.iris.json:state_tracking.MixinRenderTarget from mod iris: Class version 65 required is higher than the class version supported by the current version of Mixin (JAVA_8 supports class version 52)
[22May2025 19:33:26.728] [Render thread/DEBUG] [mixin/]: Renaming synthetic method lambda$iris$onBindFramebuffer$0(ZLnet/irisshaders/iris/pipeline/WorldRenderingPipeline;)V to md60ac39$iris$lambda$iris$onBindFramebuffer$0$0 in mixins.iris.json:state_tracking.MixinRenderTarget from mod iris
[22May2025 19:33:26.728] [Render thread/DEBUG] [mixin/]: Mixing features.render.compositing.RenderTargetMixin from sodium-common.mixins.json into com.mojang.blaze3d.pipeline.RenderTarget
[22May2025 19:33:26.728] [Render thread/DEBUG] [mixin/]: sodium-common.mixins.json:features.render.compositing.RenderTargetMixin from mod sodium: Class version 65 required is higher than the class version supported by the current version of Mixin (JAVA_17 supports class version 61)
[22May2025 19:33:26.731] [Render thread/DEBUG] [mixin/]: mixins.iris.json:MixinRenderTarget from mod iris->@Inject::iris$onDestroyBuffers(Lorg/spongepowered/asm/mixin/injection/callback/CallbackInfo;)V doesn't use it's CallbackInfo
[22May2025 19:33:26.731] [Render thread/DEBUG] [mixin/]: mixins.iris.json:MixinRenderTarget from mod iris->@Inject::iris$onDestroyBuffers(Lorg/spongepowered/asm/mixin/injection/callback/CallbackInfo;)V has 0 override(s) in child classes
[22May2025 19:33:26.732] [Render thread/DEBUG] [mixin/]: mixins.iris.json:MixinRenderTarget from mod iris->@Inject::iris$onDestroyBuffers(Lorg/spongepowered/asm/mixin/injection/callback/CallbackInfo;)V won't be passed a CallbackInfo as a result
[22May2025 19:33:26.732] [Render thread/DEBUG] [mixin/]: mixins.iris.json:MixinRenderTarget from mod iris->@Inject::nameDepthBuffer(IIZLorg/spongepowered/asm/mixin/injection/callback/CallbackInfo;)V doesn't use it's CallbackInfo
[22May2025 19:33:26.732] [Render thread/DEBUG] [mixin/]: mixins.iris.json:MixinRenderTarget from mod iris->@Inject::nameDepthBuffer(IIZLorg/spongepowered/asm/mixin/injection/callback/CallbackInfo;)V has 0 override(s) in child classes
[22May2025 19:33:26.732] [Render thread/DEBUG] [mixin/]: mixins.iris.json:MixinRenderTarget from mod iris->@Inject::nameDepthBuffer(IIZLorg/spongepowered/asm/mixin/injection/callback/CallbackInfo;)V won't be passed a CallbackInfo as a result
[22May2025 19:33:26.732] [Render thread/DEBUG] [mixin/]: mixins.iris.json:state_tracking.MixinRenderTarget from mod iris->@Inject::iris$onBindFramebuffer(ZLorg/spongepowered/asm/mixin/injection/callback/CallbackInfo;)V doesn't use it's CallbackInfo
[22May2025 19:33:26.732] [Render thread/DEBUG] [mixin/]: mixins.iris.json:state_tracking.MixinRenderTarget from mod iris->@Inject::iris$onBindFramebuffer(ZLorg/spongepowered/asm/mixin/injection/callback/CallbackInfo;)V has 0 override(s) in child classes
[22May2025 19:33:26.732] [Render thread/DEBUG] [mixin/]: mixins.iris.json:state_tracking.MixinRenderTarget from mod iris->@Inject::iris$onBindFramebuffer(ZLorg/spongepowered/asm/mixin/injection/callback/CallbackInfo;)V won't be passed a CallbackInfo as a result
[22May2025 19:33:26.732] [Render thread/DEBUG] [mixin/]: sodium-common.mixins.json:features.render.compositing.RenderTargetMixin from mod sodium->@Inject::blitToScreen(IIZLorg/spongepowered/asm/mixin/injection/callback/CallbackInfo;)V does use it's CallbackInfo
[22May2025 19:33:26.737] [Render thread/DEBUG] [mixin/]: Mixing client.ClientWorldMixin from pehkui.mixins.json into net.minecraft.client.multiplayer.ClientLevel
[22May2025 19:33:26.737] [Render thread/DEBUG] [mixin/]: pehkui.mixins.json:client.ClientWorldMixin from mod pehkui: Class version 65 required is higher than the class version supported by the current version of Mixin (JAVA_17 supports class version 61)
[22May2025 19:33:26.738] [Render thread/DEBUG] [mixin/]: Mixing block_rendering.MixinClientLevel from mixins.iris.vertexformat.json into net.minecraft.client.multiplayer.ClientLevel
[22May2025 19:33:26.738] [Render thread/DEBUG] [mixin/]: mixins.iris.vertexformat.json:block_rendering.MixinClientLevel from mod iris: Class version 65 required is higher than the class version supported by the current version of Mixin (JAVA_8 supports class version 52)
[22May2025 19:33:26.738] [Render thread/DEBUG] [mixin/]: Mixing core.world.biome.ClientLevelMixin from sodium-common.mixins.json into net.minecraft.client.multiplayer.ClientLevel
[22May2025 19:33:26.738] [Render thread/DEBUG] [mixin/]: sodium-common.mixins.json:core.world.biome.ClientLevelMixin from mod sodium: Class version 65 required is higher than the class version supported by the current version of Mixin (JAVA_17 supports class version 61)
[22May2025 19:33:26.738] [Render thread/DEBUG] [mixin/]: Mixing core.world.map.ClientLevelMixin from sodium-common.mixins.json into net.minecraft.client.multiplayer.ClientLevel
[22May2025 19:33:26.738] [Render thread/DEBUG] [mixin/]: sodium-common.mixins.json:core.world.map.ClientLevelMixin from mod sodium: Class version 65 required is higher than the class version supported by the current version of Mixin (JAVA_17 supports class version 61)
[22May2025 19:33:26.743] [Render thread/DEBUG] [mixin/]: pehkui.mixins.json:client.ClientWorldMixin from mod pehkui->@Inject::pehkui$addDetailsToCrashReport(Lnet/minecraft/CrashReport;Lorg/spongepowered/asm/mixin/injection/callback/CallbackInfoReturnable;)V does use it's CallbackInfoReturnable
[22May2025 19:33:26.743] [Render thread/DEBUG] [mixin/]: sodium-common.mixins.json:core.world.biome.ClientLevelMixin from mod sodium->@Inject::captureSeed(Lnet/minecraft/client/multiplayer/ClientPacketListener;Lnet/minecraft/client/multiplayer/ClientLevel$ClientLevelData;Lnet/minecraft/resources/ResourceKey;Lnet/minecraft/core/Holder;IILjava/util/function/Supplier;Lnet/minecraft/client/renderer/LevelRenderer;ZJLorg/spongepowered/asm/mixin/injection/callback/CallbackInfo;)V doesn't use it's CallbackInfo
[22May2025 19:33:26.743] [Render thread/DEBUG] [mixin/]: sodium-common.mixins.json:core.world.biome.ClientLevelMixin from mod sodium->@Inject::captureSeed(Lnet/minecraft/client/multiplayer/ClientPacketListener;Lnet/minecraft/client/multiplayer/ClientLevel$ClientLevelData;Lnet/minecraft/resources/ResourceKey;Lnet/minecraft/core/Holder;IILjava/util/function/Supplier;Lnet/minecraft/client/renderer/LevelRenderer;ZJLorg/spongepowered/asm/mixin/injection/callback/CallbackInfo;)V has 0 override(s) in child classes
[22May2025 19:33:26.743] [Render thread/DEBUG] [mixin/]: sodium-common.mixins.json:core.world.biome.ClientLevelMixin from mod sodium->@Inject::captureSeed(Lnet/minecraft/client/multiplayer/ClientPacketListener;Lnet/minecraft/client/multiplayer/ClientLevel$ClientLevelData;Lnet/minecraft/resources/ResourceKey;Lnet/minecraft/core/Holder;IILjava/util/function/Supplier;Lnet/minecraft/client/renderer/LevelRenderer;ZJLorg/spongepowered/asm/mixin/injection/callback/CallbackInfo;)V won't be passed a CallbackInfo as a result
[22May2025 19:33:26.743] [Render thread/DEBUG] [mixin/]: sodium-common.mixins.json:core.world.map.ClientLevelMixin from mod sodium->@Inject::sodium$trackChunkUnload(Lnet/minecraft/world/level/chunk/LevelChunk;Lorg/spongepowered/asm/mixin/injection/callback/CallbackInfo;)V doesn't use it's CallbackInfo
[22May2025 19:33:26.743] [Render thread/DEBUG] [mixin/]: sodium-common.mixins.json:core.world.map.ClientLevelMixin from mod sodium->@Inject::sodium$trackChunkUnload(Lnet/minecraft/world/level/chunk/LevelChunk;Lorg/spongepowered/asm/mixin/injection/callback/CallbackInfo;)V has 0 override(s) in child classes
[22May2025 19:33:26.743] [Render thread/DEBUG] [mixin/]: sodium-common.mixins.json:core.world.map.ClientLevelMixin from mod sodium->@Inject::sodium$trackChunkUnload(Lnet/minecraft/world/level/chunk/LevelChunk;Lorg/spongepowered/asm/mixin/injection/callback/CallbackInfo;)V won't be passed a CallbackInfo as a result
[22May2025 19:33:26.747] [Render thread/DEBUG] [mixin/]: Mixing MixinTitleScreen from mixins.iris.json into net.minecraft.client.gui.screens.TitleScreen
[22May2025 19:33:26.747] [Render thread/DEBUG] [mixin/]: mixins.iris.json:MixinTitleScreen from mod iris: Class version 65 required is higher than the class version supported by the current version of Mixin (JAVA_8 supports class version 52)
[22May2025 19:33:26.749] [Render thread/DEBUG] [mixin/]: mixins.iris.json:MixinTitleScreen from mod iris->@Inject::iris$firstInit(Lorg/spongepowered/asm/mixin/injection/callback/CallbackInfo;)V doesn't use it's CallbackInfo
[22May2025 19:33:26.749] [Render thread/DEBUG] [mixin/]: mixins.iris.json:MixinTitleScreen from mod iris->@Inject::iris$firstInit(Lorg/spongepowered/asm/mixin/injection/callback/CallbackInfo;)V has 0 override(s) in child classes
[22May2025 19:33:26.749] [Render thread/DEBUG] [mixin/]: mixins.iris.json:MixinTitleScreen from mod iris->@Inject::iris$firstInit(Lorg/spongepowered/asm/mixin/injection/callback/CallbackInfo;)V won't be passed a CallbackInfo as a result
[22May2025 19:33:26.756] [Render thread/DEBUG] [mixin/]: Mixing features.gui.screen.LevelLoadingScreenMixin from sodium-common.mixins.json into net.minecraft.client.gui.screens.LevelLoadingScreen
[22May2025 19:33:26.756] [Render thread/DEBUG] [mixin/]: sodium-common.mixins.json:features.gui.screen.LevelLoadingScreenMixin from mod sodium: Class version 65 required is higher than the class version supported by the current version of Mixin (JAVA_17 supports class version 61)
[22May2025 19:33:26.756] [Render thread/DEBUG] [mixin/]: Renaming synthetic method lambda$renderChunks$0(Lit/unimi/dsi/fastutil/objects/Object2IntMap$Entry;)V to md60ac39$sodium$lambda$renderChunks$0$0 in sodium-common.mixins.json:features.gui.screen.LevelLoadingScreenMixin from mod sodium
[22May2025 19:33:26.765] [Render thread/DEBUG] [mixin/]: Mixing client.ClientPlayerEntityMixin from pehkui.mixins.json into net.minecraft.client.player.LocalPlayer
[22May2025 19:33:26.766] [Render thread/DEBUG] [mixin/]: pehkui.mixins.json:client.ClientPlayerEntityMixin from mod pehkui: Class version 65 required is higher than the class version supported by the current version of Mixin (JAVA_17 supports class version 61)
[22May2025 19:33:26.766] [Render thread/DEBUG] [mixin/]: Mixing client.compat1182plus.ClientPlayerEntityMixin from pehkui.mixins.json into net.minecraft.client.player.LocalPlayer
[22May2025 19:33:26.766] [Render thread/DEBUG] [mixin/]: pehkui.mixins.json:client.compat1182plus.ClientPlayerEntityMixin from mod pehkui: Class version 65 required is higher than the class version supported by the current version of Mixin (JAVA_17 supports class version 61)
[22May2025 19:33:26.766] [Render thread/DEBUG] [mixin/]: Mixing MixinLocalPlayer from mixins.iris.json into net.minecraft.client.player.LocalPlayer
[22May2025 19:33:26.766] [Render thread/DEBUG] [mixin/]: mixins.iris.json:MixinLocalPlayer from mod iris: Class version 65 required is higher than the class version supported by the current version of Mixin (JAVA_8 supports class version 52)
[22May2025 19:33:26.773] [Render thread/DEBUG] [mixin/]: Mixing client.compat1202plus.InventoryScreenMixin from pehkui.mixins.json into net.minecraft.client.gui.screens.inventory.InventoryScreen
[22May2025 19:33:26.775] [Render thread/DEBUG] [mixin/]: pehkui.mixins.json:client.compat1202plus.InventoryScreenMixin from mod pehkui: Class version 65 required is higher than the class version supported by the current version of Mixin (JAVA_17 supports class version 61)
[22May2025 19:33:26.775] [Render thread/DEBUG] [mixin/]: Mixing client.compat1205plus.InventoryScreenMixin from pehkui.mixins.json into net.minecraft.client.gui.screens.inventory.InventoryScreen
[22May2025 19:33:26.775] [Render thread/DEBUG] [mixin/]: pehkui.mixins.json:client.compat1205plus.InventoryScreenMixin from mod pehkui: Class version 65 required is higher than the class version supported by the current version of Mixin (JAVA_17 supports class version 61)
[22May2025 19:33:26.775] [Render thread/DEBUG] [mixin/]: Renaming synthetic method lambda$pehkui$drawEntity$head$0(Lvirtuoel/pehkui/api/ScaleType;)Lvirtuoel/pehkui/api/ScaleData; to md60ac39$pehkui$lambda$pehkui$drawEntity$head$0$0 in pehkui.mixins.json:client.compat1205plus.InventoryScreenMixin from mod pehkui
[22May2025 19:33:26.781] [Render thread/DEBUG] [mixin/]: pehkui.mixins.json:client.compat1205plus.InventoryScreenMixin from mod pehkui->@Inject::pehkui$drawEntity$head(Ljava/lang/Object;FFFLjava/lang/Object;Ljava/lang/Object;Ljava/lang/Object;Lnet/minecraft/world/entity/LivingEntity;Lorg/spongepowered/asm/mixin/injection/callback/CallbackInfo;)V doesn't use it's CallbackInfo
[22May2025 19:33:26.784] [Render thread/DEBUG] [mixin/]: pehkui.mixins.json:client.compat1205plus.InventoryScreenMixin from mod pehkui->@Inject::pehkui$drawEntity$return(Ljava/lang/Object;FFFLjava/lang/Object;Ljava/lang/Object;Ljava/lang/Object;Lnet/minecraft/world/entity/LivingEntity;Lorg/spongepowered/asm/mixin/injection/callback/CallbackInfo;)V doesn't use it's CallbackInfo
[22May2025 19:33:26.851] [Render thread/WARN] [net.minecraft.server.packs.VanillaPackResourcesBuilder/]: Assets URL 'union:/D:/Modding/Simple%20Incubator/build/moddev/artifacts/neoforge-21.1.172-minecraft.jar%23205!/assets/.mcassetsroot' uses unexpected schema
[22May2025 19:33:26.851] [Render thread/WARN] [net.minecraft.server.packs.VanillaPackResourcesBuilder/]: Assets URL 'union:/D:/Modding/Simple%20Incubator/build/moddev/artifacts/neoforge-21.1.172-minecraft.jar%23205!/data/.mcassetsroot' uses unexpected schema
[22May2025 19:33:26.885] [Render thread/INFO] [com.mojang.authlib.yggdrasil.YggdrasilAuthenticationService/]: Environment: Environment[sessionHost=https://sessionserver.mojang.com, servicesHost=https://api.minecraftservices.com, name=PROD]
[22May2025 19:33:26.893] [Render thread/INFO] [net.minecraft.client.Minecraft/]: Setting user: Dev
[22May2025 19:33:26.895] [Render thread/DEBUG] [mixin/]: Mixing toasts.MixinToastManager from sodium-extra.mixins.json into net.minecraft.client.gui.components.toasts.ToastComponent
[22May2025 19:33:26.895] [Render thread/DEBUG] [mixin/]: sodium-extra.mixins.json:toasts.MixinToastManager from mod sodium_extra: Class version 65 required is higher than the class version supported by the current version of Mixin (JAVA_17 supports class version 61)
[22May2025 19:33:26.897] [Render thread/DEBUG] [mixin/]: sodium-extra.mixins.json:toasts.MixinToastManager from mod sodium_extra->@Inject::goodByeToasts(Lnet/minecraft/client/gui/components/toasts/Toast;Lorg/spongepowered/asm/mixin/injection/callback/CallbackInfo;)V does use it's CallbackInfo
[22May2025 19:33:26.898] [Render thread/DEBUG] [mixin/]: Mixing MixinOptions_Entrypoint from mixins.iris.json into net.minecraft.client.Options
[22May2025 19:33:26.898] [Render thread/DEBUG] [mixin/]: mixins.iris.json:MixinOptions_Entrypoint from mod iris: Class version 65 required is higher than the class version supported by the current version of Mixin (JAVA_8 supports class version 52)
[22May2025 19:33:26.899] [Render thread/DEBUG] [mixin/]: Mixing sky.MixinOptions_CloudsOverride from mixins.iris.json into net.minecraft.client.Options
[22May2025 19:33:26.899] [Render thread/DEBUG] [mixin/]: mixins.iris.json:sky.MixinOptions_CloudsOverride from mod iris: Class version 65 required is higher than the class version supported by the current version of Mixin (JAVA_8 supports class version 52)
[22May2025 19:33:26.899] [Render thread/DEBUG] [mixin/]: Renaming synthetic method lambda$iris$overrideCloudsType$0(Lorg/spongepowered/asm/mixin/injection/callback/CallbackInfoReturnable;Lnet/irisshaders/iris/pipeline/WorldRenderingPipeline;)V to md60ac39$iris$lambda$iris$overrideCloudsType$0$0 in mixins.iris.json:sky.MixinOptions_CloudsOverride from mod iris
[22May2025 19:33:26.900] [Render thread/DEBUG] [mixin/]: mixins.iris.json:MixinOptions_Entrypoint from mod iris->@Inject::iris$beforeLoadOptions(Lorg/spongepowered/asm/mixin/injection/callback/CallbackInfo;)V doesn't use it's CallbackInfo
[22May2025 19:33:26.900] [Render thread/DEBUG] [mixin/]: mixins.iris.json:MixinOptions_Entrypoint from mod iris->@Inject::iris$beforeLoadOptions(Lorg/spongepowered/asm/mixin/injection/callback/CallbackInfo;)V has 0 override(s) in child classes
[22May2025 19:33:26.900] [Render thread/DEBUG] [mixin/]: mixins.iris.json:MixinOptions_Entrypoint from mod iris->@Inject::iris$beforeLoadOptions(Lorg/spongepowered/asm/mixin/injection/callback/CallbackInfo;)V won't be passed a CallbackInfo as a result
[22May2025 19:33:26.901] [Render thread/DEBUG] [mixin/]: mixins.iris.json:sky.MixinOptions_CloudsOverride from mod iris->@Inject::iris$overrideCloudsType(Lorg/spongepowered/asm/mixin/injection/callback/CallbackInfoReturnable;)V does use it's CallbackInfoReturnable
[22May2025 19:33:27.001] [Render thread/INFO] [net.minecraft.client.Minecraft/]: Backend library: LWJGL version 3.3.3+5
[22May2025 19:33:27.002] [Render thread/DEBUG] [mixin/]: Mixing adaptive_sync.MixinWindow from sodium-extra.mixins.json into com.mojang.blaze3d.platform.Window
[22May2025 19:33:27.002] [Render thread/DEBUG] [mixin/]: sodium-extra.mixins.json:adaptive_sync.MixinWindow from mod sodium_extra: Class version 65 required is higher than the class version supported by the current version of Mixin (JAVA_17 supports class version 61)
[22May2025 19:33:27.003] [Render thread/DEBUG] [mixin/]: Mixing reduce_resolution_on_mac.MixinWindow from sodium-extra.mixins.json into com.mojang.blaze3d.platform.Window
[22May2025 19:33:27.004] [Render thread/DEBUG] [mixin/]: sodium-extra.mixins.json:reduce_resolution_on_mac.MixinWindow from mod sodium_extra: Class version 65 required is higher than the class version supported by the current version of Mixin (JAVA_17 supports class version 61)
[22May2025 19:33:27.004] [Render thread/DEBUG] [mixin/]: Mixing core.WindowMixin from sodium-common.mixins.json into com.mojang.blaze3d.platform.Window
[22May2025 19:33:27.004] [Render thread/DEBUG] [mixin/]: sodium-common.mixins.json:core.WindowMixin from mod sodium: Class version 65 required is higher than the class version supported by the current version of Mixin (JAVA_17 supports class version 61)
[22May2025 19:33:27.005] [Render thread/DEBUG] [mixin/]: Mixing workarounds.context_creation.WindowMixin from sodium-common.mixins.json into com.mojang.blaze3d.platform.Window
[22May2025 19:33:27.005] [Render thread/DEBUG] [mixin/]: sodium-common.mixins.json:workarounds.context_creation.WindowMixin from mod sodium: Class version 65 required is higher than the class version supported by the current version of Mixin (JAVA_17 supports class version 61)
[22May2025 19:33:27.008] [Render thread/DEBUG] [mixin/]: Mixing MixinWindow from mixins.iris.json into com.mojang.blaze3d.platform.Window
[22May2025 19:33:27.008] [Render thread/DEBUG] [mixin/]: mixins.iris.json:MixinWindow from mod iris: Class version 65 required is higher than the class version supported by the current version of Mixin (JAVA_8 supports class version 52)
[22May2025 19:33:27.013] [Render thread/DEBUG] [mixin/]: sodium-extra.mixins.json:reduce_resolution_on_mac.MixinWindow from mod sodium_extra->@Inject::afterUpdateFrameBufferSize(Lorg/spongepowered/asm/mixin/injection/callback/CallbackInfo;)V doesn't use it's CallbackInfo
[22May2025 19:33:27.013] [Render thread/DEBUG] [mixin/]: sodium-common.mixins.json:workarounds.context_creation.WindowMixin from mod sodium->@Inject::postContextReady(Lcom/mojang/blaze3d/platform/WindowEventHandler;Lcom/mojang/blaze3d/platform/ScreenManager;Lcom/mojang/blaze3d/platform/DisplayData;Ljava/lang/String;Ljava/lang/String;Lorg/spongepowered/asm/mixin/injection/callback/CallbackInfo;)V doesn't use it's CallbackInfo
[22May2025 19:33:27.013] [Render thread/DEBUG] [mixin/]: sodium-common.mixins.json:workarounds.context_creation.WindowMixin from mod sodium->@Inject::preSwapBuffers(Lorg/spongepowered/asm/mixin/injection/callback/CallbackInfo;)V doesn't use it's CallbackInfo
[22May2025 19:33:27.014] [Render thread/DEBUG] [mixin/]: mixins.iris.json:MixinWindow from mod iris->@Inject::iris$enableDebugContext(Lcom/mojang/blaze3d/platform/WindowEventHandler;Lcom/mojang/blaze3d/platform/ScreenManager;Lcom/mojang/blaze3d/platform/DisplayData;Ljava/lang/String;Ljava/lang/String;Lorg/spongepowered/asm/mixin/injection/callback/CallbackInfo;)V doesn't use it's CallbackInfo
[22May2025 19:33:27.040] [Render thread/INFO] [com.mojang.blaze3d.platform.Window/]: OpenGL Vendor: ATI Technologies Inc.
[22May2025 19:33:27.040] [Render thread/INFO] [com.mojang.blaze3d.platform.Window/]: OpenGL Renderer: AMD Radeon RX 6600 XT
[22May2025 19:33:27.040] [Render thread/INFO] [com.mojang.blaze3d.platform.Window/]: OpenGL Version: 4.6.0 Core Profile Context 25.5.1.250417
[22May2025 19:33:27.061] [Render thread/DEBUG] [mixin/]: Mixing GlStateManagerAccessor from mixins.iris.json into com.mojang.blaze3d.platform.GlStateManager
[22May2025 19:33:27.061] [Render thread/DEBUG] [mixin/]: mixins.iris.json:GlStateManagerAccessor from mod iris: Class version 65 required is higher than the class version supported by the current version of Mixin (JAVA_8 supports class version 52)
[22May2025 19:33:27.061] [Render thread/DEBUG] [mixin/]: Renaming @Accessor method getBLEND()Lcom/mojang/blaze3d/platform/GlStateManager$BlendState; to getBLEND$iris_$md$60ac39$0 in mixins.iris.json:GlStateManagerAccessor from mod iris
[22May2025 19:33:27.062] [Render thread/DEBUG] [mixin/]: Renaming @Accessor method getCOLOR_MASK()Lcom/mojang/blaze3d/platform/GlStateManager$ColorMask; to getCOLOR_MASK$iris_$md$60ac39$1 in mixins.iris.json:GlStateManagerAccessor from mod iris
[22May2025 19:33:27.062] [Render thread/DEBUG] [mixin/]: Renaming @Accessor method getDEPTH()Lcom/mojang/blaze3d/platform/GlStateManager$DepthState; to getDEPTH$iris_$md$60ac39$2 in mixins.iris.json:GlStateManagerAccessor from mod iris
[22May2025 19:33:27.062] [Render thread/DEBUG] [mixin/]: Renaming @Accessor method getActiveTexture()I to getActiveTexture$iris_$md$60ac39$3 in mixins.iris.json:GlStateManagerAccessor from mod iris
[22May2025 19:33:27.062] [Render thread/DEBUG] [mixin/]: Renaming @Accessor method getTEXTURES()[Lcom/mojang/blaze3d/platform/GlStateManager$TextureState; to getTEXTURES$iris_$md$60ac39$4 in mixins.iris.json:GlStateManagerAccessor from mod iris
[22May2025 19:33:27.062] [Render thread/DEBUG] [mixin/]: Mixing MixinGlStateManager from mixins.iris.json into com.mojang.blaze3d.platform.GlStateManager
[22May2025 19:33:27.062] [Render thread/DEBUG] [mixin/]: mixins.iris.json:MixinGlStateManager from mod iris: Class version 65 required is higher than the class version supported by the current version of Mixin (JAVA_8 supports class version 52)
[22May2025 19:33:27.062] [Render thread/DEBUG] [mixin/]: Mixing MixinGlStateManager_BlendOverride from mixins.iris.json into com.mojang.blaze3d.platform.GlStateManager
[22May2025 19:33:27.062] [Render thread/DEBUG] [mixin/]: mixins.iris.json:MixinGlStateManager_BlendOverride from mod iris: Class version 65 required is higher than the class version supported by the current version of Mixin (JAVA_8 supports class version 52)
[22May2025 19:33:27.063] [Render thread/DEBUG] [mixin/]: Mixing MixinGlStateManager_DepthColorOverride from mixins.iris.json into com.mojang.blaze3d.platform.GlStateManager
[22May2025 19:33:27.063] [Render thread/DEBUG] [mixin/]: mixins.iris.json:MixinGlStateManager_DepthColorOverride from mod iris: Class version 65 required is higher than the class version supported by the current version of Mixin (JAVA_8 supports class version 52)
[22May2025 19:33:27.068] [Render thread/DEBUG] [mixin/]: Mixing MixinGlStateManager_FramebufferBinding from mixins.iris.json into com.mojang.blaze3d.platform.GlStateManager
[22May2025 19:33:27.068] [Render thread/DEBUG] [mixin/]: mixins.iris.json:MixinGlStateManager_FramebufferBinding from mod iris: Class version 65 required is higher than the class version supported by the current version of Mixin (JAVA_8 supports class version 52)
[22May2025 19:33:27.069] [Render thread/DEBUG] [mixin/]: Mixing statelisteners.MixinGlStateManager from mixins.iris.json into com.mojang.blaze3d.platform.GlStateManager
[22May2025 19:33:27.069] [Render thread/DEBUG] [mixin/]: mixins.iris.json:statelisteners.MixinGlStateManager from mod iris: Class version 65 required is higher than the class version supported by the current version of Mixin (JAVA_8 supports class version 52)
[22May2025 19:33:27.069] [Render thread/DEBUG] [mixin/]: Renaming synthetic method lambda$static$0(Ljava/lang/Runnable;)V to md60ac39$iris$lambda$static$0$5 in mixins.iris.json:statelisteners.MixinGlStateManager from mod iris
[22May2025 19:33:27.069] [Render thread/DEBUG] [mixin/]: Mixing texture.MixinGlStateManager from mixins.iris.json into com.mojang.blaze3d.platform.GlStateManager
[22May2025 19:33:27.070] [Render thread/DEBUG] [mixin/]: mixins.iris.json:texture.MixinGlStateManager from mod iris: Class version 65 required is higher than the class version supported by the current version of Mixin (JAVA_8 supports class version 52)
[22May2025 19:33:27.074] [Render thread/DEBUG] [mixin/]: mixins.iris.json:MixinGlStateManager_BlendOverride from mod iris->@Inject::iris$blendDisableLock(Lorg/spongepowered/asm/mixin/injection/callback/CallbackInfo;)V does use it's CallbackInfo
[22May2025 19:33:27.074] [Render thread/DEBUG] [mixin/]: mixins.iris.json:MixinGlStateManager_BlendOverride from mod iris->@Inject::iris$blendEnableLock(Lorg/spongepowered/asm/mixin/injection/callback/CallbackInfo;)V does use it's CallbackInfo
[22May2025 19:33:27.074] [Render thread/DEBUG] [mixin/]: mixins.iris.json:MixinGlStateManager_BlendOverride from mod iris->@Inject::iris$blendFuncLock(IILorg/spongepowered/asm/mixin/injection/callback/CallbackInfo;)V does use it's CallbackInfo
[22May2025 19:33:27.074] [Render thread/DEBUG] [mixin/]: mixins.iris.json:MixinGlStateManager_BlendOverride from mod iris->@Inject::iris$blendFuncSeparateLock(IIIILorg/spongepowered/asm/mixin/injection/callback/CallbackInfo;)V does use it's CallbackInfo
[22May2025 19:33:27.074] [Render thread/DEBUG] [mixin/]: mixins.iris.json:MixinGlStateManager_DepthColorOverride from mod iris->@Inject::iris$colorMaskLock(ZZZZLorg/spongepowered/asm/mixin/injection/callback/CallbackInfo;)V does use it's CallbackInfo
[22May2025 19:33:27.074] [Render thread/DEBUG] [mixin/]: mixins.iris.json:MixinGlStateManager_DepthColorOverride from mod iris->@Inject::iris$depthMaskLock(ZLorg/spongepowered/asm/mixin/injection/callback/CallbackInfo;)V does use it's CallbackInfo
[22May2025 19:33:27.074] [Render thread/DEBUG] [mixin/]: mixins.iris.json:MixinGlStateManager_DepthColorOverride from mod iris->@Inject::iris$resetTessellation(ILorg/spongepowered/asm/mixin/injection/callback/CallbackInfo;)V doesn't use it's CallbackInfo
[22May2025 19:33:27.074] [Render thread/DEBUG] [mixin/]: mixins.iris.json:MixinGlStateManager_FramebufferBinding from mod iris->@Inject::iris$avoidRedundantBind(IILorg/spongepowered/asm/mixin/injection/callback/CallbackInfo;)V does use it's CallbackInfo
[22May2025 19:33:27.074] [Render thread/DEBUG] [mixin/]: mixins.iris.json:MixinGlStateManager_FramebufferBinding from mod iris->@Inject::iris$avoidRedundantBind2(ILorg/spongepowered/asm/mixin/injection/callback/CallbackInfo;)V does use it's CallbackInfo
[22May2025 19:33:27.074] [Render thread/DEBUG] [mixin/]: mixins.iris.json:MixinGlStateManager_FramebufferBinding from mod iris->@Inject::iris$trackFramebufferDelete(ILorg/spongepowered/asm/mixin/injection/callback/CallbackInfo;)V doesn't use it's CallbackInfo
[22May2025 19:33:27.074] [Render thread/DEBUG] [mixin/]: mixins.iris.json:statelisteners.MixinGlStateManager from mod iris->@Inject::iris$onBlendFunc(IILorg/spongepowered/asm/mixin/injection/callback/CallbackInfo;)V doesn't use it's CallbackInfo
[22May2025 19:33:27.074] [Render thread/DEBUG] [mixin/]: mixins.iris.json:statelisteners.MixinGlStateManager from mod iris->@Inject::iris$onBlendFuncSeparate(IIIILorg/spongepowered/asm/mixin/injection/callback/CallbackInfo;)V doesn't use it's CallbackInfo
[22May2025 19:33:27.074] [Render thread/DEBUG] [mixin/]: mixins.iris.json:texture.MixinGlStateManager from mod iris->@Inject::iris$onTexImage2D(IIIIIIIILjava/nio/IntBuffer;Lorg/spongepowered/asm/mixin/injection/callback/CallbackInfo;)V doesn't use it's CallbackInfo
[22May2025 19:33:27.074] [Render thread/DEBUG] [mixin/]: mixins.iris.json:texture.MixinGlStateManager from mod iris->@Inject::iris$onDeleteTexture(ILorg/spongepowered/asm/mixin/injection/callback/CallbackInfo;)V doesn't use it's CallbackInfo
[22May2025 19:33:27.074] [Render thread/DEBUG] [mixin/]: mixins.iris.json:texture.MixinGlStateManager from mod iris->@Inject::iris$onDeleteTextures([ILorg/spongepowered/asm/mixin/injection/callback/CallbackInfo;)V doesn't use it's CallbackInfo
[22May2025 19:33:27.082] [Render thread/DEBUG] [mixin/]: Mixing MixinBooleanState from mixins.iris.json into com.mojang.blaze3d.platform.GlStateManager$BooleanState
[22May2025 19:33:27.082] [Render thread/DEBUG] [mixin/]: mixins.iris.json:MixinBooleanState from mod iris: Class version 65 required is higher than the class version supported by the current version of Mixin (JAVA_8 supports class version 52)
[22May2025 19:33:27.084] [Render thread/DEBUG] [mixin/]: Mixing statelisteners.BooleanStateAccessor from mixins.iris.json into com.mojang.blaze3d.platform.GlStateManager$BooleanState
[22May2025 19:33:27.085] [Render thread/DEBUG] [mixin/]: mixins.iris.json:statelisteners.BooleanStateAccessor from mod iris: Class version 65 required is higher than the class version supported by the current version of Mixin (JAVA_8 supports class version 52)
[22May2025 19:33:27.085] [Render thread/DEBUG] [mixin/]: mixins.iris.json:MixinBooleanState from mod iris->@Inject::iris$setUnknownState(ZLorg/spongepowered/asm/mixin/injection/callback/CallbackInfo;)V does use it's CallbackInfo
[22May2025 19:33:27.103] [Render thread/DEBUG] [mixin/]: Mixing features.textures.NativeImageAccessor from sodium-common.mixins.json into com.mojang.blaze3d.platform.NativeImage
[22May2025 19:33:27.103] [Render thread/DEBUG] [mixin/]: sodium-common.mixins.json:features.textures.NativeImageAccessor from mod sodium: Class version 65 required is higher than the class version supported by the current version of Mixin (JAVA_17 supports class version 61)
[22May2025 19:33:27.202] [Render thread/INFO] [Iris/]: Debug functionality is disabled.
[22May2025 19:33:27.207] [Render thread/INFO] [Iris/]: OpenGL 4.5 detected, enabling DSA.
[22May2025 19:33:27.220] [Render thread/DEBUG] [mixin/]: Mixing optimizations.beacon_beam_rendering.MixinVertexSerializerRegistryImpl from sodium-extra.mixins.json into net.caffeinemc.mods.sodium.client.render.vertex.serializers.VertexSerializerRegistryImpl
[22May2025 19:33:27.221] [Render thread/DEBUG] [mixin/]: sodium-extra.mixins.json:optimizations.beacon_beam_rendering.MixinVertexSerializerRegistryImpl from mod sodium_extra: Class version 65 required is higher than the class version supported by the current version of Mixin (JAVA_17 supports class version 61)
[22May2025 19:33:27.222] [Render thread/DEBUG] [mixin/]: sodium-extra.mixins.json:optimizations.beacon_beam_rendering.MixinVertexSerializerRegistryImpl from mod sodium_extra->@Inject::putSerializerIris(Lorg/spongepowered/asm/mixin/injection/callback/CallbackInfo;)V doesn't use it's CallbackInfo
[22May2025 19:33:27.222] [Render thread/DEBUG] [mixin/]: sodium-extra.mixins.json:optimizations.beacon_beam_rendering.MixinVertexSerializerRegistryImpl from mod sodium_extra->@Inject::putSerializerIris(Lorg/spongepowered/asm/mixin/injection/callback/CallbackInfo;)V has 0 override(s) in child classes
[22May2025 19:33:27.223] [Render thread/DEBUG] [mixin/]: sodium-extra.mixins.json:optimizations.beacon_beam_rendering.MixinVertexSerializerRegistryImpl from mod sodium_extra->@Inject::putSerializerIris(Lorg/spongepowered/asm/mixin/injection/callback/CallbackInfo;)V won't be passed a CallbackInfo as a result
[22May2025 19:33:27.233] [Render thread/DEBUG] [mixin/]: Mixing MixinVertexFormatElement from mixins.iris.vertexformat.json into com.mojang.blaze3d.vertex.VertexFormatElement
[22May2025 19:33:27.233] [Render thread/DEBUG] [mixin/]: mixins.iris.vertexformat.json:MixinVertexFormatElement from mod iris: Class version 65 required is higher than the class version supported by the current version of Mixin (JAVA_8 supports class version 52)
[22May2025 19:33:27.234] [Render thread/DEBUG] [mixin/]: mixins.iris.vertexformat.json:MixinVertexFormatElement from mod iris->@Inject::iris$fixGenericAttributes(ILcom/mojang/blaze3d/vertex/VertexFormatElement$Usage;Lorg/spongepowered/asm/mixin/injection/callback/CallbackInfoReturnable;)V does use it's CallbackInfoReturnable
[22May2025 19:33:27.240] [Render thread/DEBUG] [mixin/]: Mixing MixinVertexFormat from mixins.iris.vertexformat.json into com.mojang.blaze3d.vertex.VertexFormat
[22May2025 19:33:27.240] [Render thread/DEBUG] [mixin/]: mixins.iris.vertexformat.json:MixinVertexFormat from mod iris: Class version 65 required is higher than the class version supported by the current version of Mixin (JAVA_8 supports class version 52)
[22May2025 19:33:27.241] [Render thread/DEBUG] [mixin/]: Mixing core.render.VertexFormatMixin from sodium-common.mixins.json into com.mojang.blaze3d.vertex.VertexFormat
[22May2025 19:33:27.241] [Render thread/DEBUG] [mixin/]: sodium-common.mixins.json:core.render.VertexFormatMixin from mod sodium: Class version 65 required is higher than the class version supported by the current version of Mixin (JAVA_17 supports class version 61)
[22May2025 19:33:27.243] [Render thread/DEBUG] [mixin/]: mixins.iris.vertexformat.json:MixinVertexFormat from mod iris->@Inject::iris$onSetupBufferState(Lorg/spongepowered/asm/mixin/injection/callback/CallbackInfo;)V does use it's CallbackInfo
[22May2025 19:33:27.243] [Render thread/DEBUG] [mixin/]: mixins.iris.vertexformat.json:MixinVertexFormat from mod iris->@Inject::iris$onClearBufferState(Lorg/spongepowered/asm/mixin/injection/callback/CallbackInfo;)V does use it's CallbackInfo
[22May2025 19:33:27.243] [Render thread/DEBUG] [mixin/]: sodium-common.mixins.json:core.render.VertexFormatMixin from mod sodium->@Inject::afterInit(Ljava/util/List;Ljava/util/List;Lit/unimi/dsi/fastutil/ints/IntList;ILorg/spongepowered/asm/mixin/injection/callback/CallbackInfo;)V doesn't use it's CallbackInfo
[22May2025 19:33:27.243] [Render thread/DEBUG] [mixin/]: sodium-common.mixins.json:core.render.VertexFormatMixin from mod sodium->@Inject::afterInit(Ljava/util/List;Ljava/util/List;Lit/unimi/dsi/fastutil/ints/IntList;ILorg/spongepowered/asm/mixin/injection/callback/CallbackInfo;)V has 0 override(s) in child classes
[22May2025 19:33:27.243] [Render thread/DEBUG] [mixin/]: sodium-common.mixins.json:core.render.VertexFormatMixin from mod sodium->@Inject::afterInit(Ljava/util/List;Ljava/util/List;Lit/unimi/dsi/fastutil/ints/IntList;ILorg/spongepowered/asm/mixin/injection/callback/CallbackInfo;)V won't be passed a CallbackInfo as a result
[22May2025 19:33:27.549] [Render thread/INFO] [Iris/]: Profile: Custom (+32 options changed by user)
[22May2025 19:33:28.057] [Render thread/DEBUG] [Iris/]: Render target settings for colortex0: RenderTargetSettings{requestedFormat=R11F_G11F_B10F, clear=true, clearColor=null}
[22May2025 19:33:28.057] [Render thread/DEBUG] [Iris/]: Render target settings for colortex2: RenderTargetSettings{requestedFormat=RGB16F, clear=false, clearColor=null}
[22May2025 19:33:28.057] [Render thread/DEBUG] [Iris/]: Render target settings for colortex6: RenderTargetSettings{requestedFormat=RGBA8, clear=true, clearColor=null}
[22May2025 19:33:28.057] [Render thread/DEBUG] [Iris/]: Render target settings for colortex4: RenderTargetSettings{requestedFormat=R8, clear=false, clearColor=null}
[22May2025 19:33:28.057] [Render thread/DEBUG] [Iris/]: Render target settings for colortex15: RenderTargetSettings{requestedFormat=RGBA, clear=true, clearColor=null}
[22May2025 19:33:28.057] [Render thread/DEBUG] [Iris/]: Render target settings for colortex14: RenderTargetSettings{requestedFormat=RGBA, clear=true, clearColor=null}
[22May2025 19:33:28.057] [Render thread/DEBUG] [Iris/]: Render target settings for colortex12: RenderTargetSettings{requestedFormat=RGBA, clear=true, clearColor=null}
[22May2025 19:33:28.057] [Render thread/DEBUG] [Iris/]: Render target settings for colortex13: RenderTargetSettings{requestedFormat=RGBA, clear=true, clearColor=null}
[22May2025 19:33:28.057] [Render thread/DEBUG] [Iris/]: Render target settings for colortex8: RenderTargetSettings{requestedFormat=RGBA, clear=true, clearColor=null}
[22May2025 19:33:28.057] [Render thread/DEBUG] [Iris/]: Render target settings for colortex9: RenderTargetSettings{requestedFormat=RGBA, clear=true, clearColor=null}
[22May2025 19:33:28.057] [Render thread/DEBUG] [Iris/]: Render target settings for colortex11: RenderTargetSettings{requestedFormat=RGBA, clear=true, clearColor=null}
[22May2025 19:33:28.057] [Render thread/DEBUG] [Iris/]: Render target settings for colortex10: RenderTargetSettings{requestedFormat=RGBA, clear=true, clearColor=null}
[22May2025 19:33:28.057] [Render thread/DEBUG] [Iris/]: Render target settings for colortex1: RenderTargetSettings{requestedFormat=R32F, clear=false, clearColor=null}
[22May2025 19:33:28.057] [Render thread/DEBUG] [Iris/]: Render target settings for colortex3: RenderTargetSettings{requestedFormat=RGBA8, clear=true, clearColor=null}
[22May2025 19:33:28.057] [Render thread/DEBUG] [Iris/]: Render target settings for colortex7: RenderTargetSettings{requestedFormat=RGBA16F, clear=false, clearColor=null}
[22May2025 19:33:28.057] [Render thread/DEBUG] [Iris/]: Render target settings for colortex5: RenderTargetSettings{requestedFormat=RGBA8_SNORM, clear=false, clearColor=null}
[22May2025 19:33:28.081] [Render thread/INFO] [Iris/]: Using shaderpack: ComplementaryReimagined_r5.4.zip
[22May2025 19:33:28.115] [Render thread/DEBUG] [net.neoforged.fml.ModWorkManager/LOADING]: Using 16 threads for parallel mod-loading
[22May2025 19:33:28.140] [Render thread/DEBUG] [net.neoforged.fml.javafmlmod.FMLModContainer/LOADING]: Creating FMLModContainer instance for [com.buuz135.industrial.IndustrialForegoing]
[22May2025 19:33:28.145] [ForkJoinPool.commonPool-worker-7/WARN] [Iris/]: [Iris Update Check] This version doesn't have an update index, skipping.
[22May2025 19:33:28.147] [Render thread/DEBUG] [net.neoforged.fml.javafmlmod.FMLModContainer/LOADING]: Creating FMLModContainer instance for [org.sinytra.fabric.api_base.generated.GeneratedEntryPoint]
[22May2025 19:33:28.148] [Render thread/DEBUG] [net.neoforged.fml.javafmlmod.FMLModContainer/LOADING]: Creating FMLModContainer instance for [org.sinytra.fabric.renderer_api.generated.GeneratedEntryPoint]
[22May2025 19:33:28.148] [Render thread/DEBUG] [net.neoforged.fml.javafmlmod.FMLModContainer/LOADING]: Creating FMLModContainer instance for [com.enderio.conduits.EnderIOConduits]
[22May2025 19:33:28.149] [Render thread/DEBUG] [net.neoforged.fml.javafmlmod.FMLModContainer/LOADING]: Creating FMLModContainer instance for [com.hrznstudio.titanium.Titanium, com.hrznstudio.titanium.TitaniumClient]
[22May2025 19:33:28.152] [Render thread/DEBUG] [net.neoforged.fml.javafmlmod.FMLModContainer/LOADING]: Creating FMLModContainer instance for []
[22May2025 19:33:28.152] [Render thread/DEBUG] [net.neoforged.fml.javafmlmod.FMLModContainer/LOADING]: Creating FMLModContainer instance for [snownee.jade.util.CommonProxy]
[22May2025 19:33:28.155] [Render thread/DEBUG] [net.neoforged.fml.javafmlmod.FMLModContainer/LOADING]: Creating FMLModContainer instance for [software.bernie.geckolib.GeckoLib]
[22May2025 19:33:28.157] [Render thread/DEBUG] [net.neoforged.fml.javafmlmod.FMLModContainer/LOADING]: Creating FMLModContainer instance for [dev.kosmx.playerAnim.forge.ForgeClientEvent]
[22May2025 19:33:28.157] [Render thread/DEBUG] [net.neoforged.fml.javafmlmod.FMLModContainer/LOADING]: Creating FMLModContainer instance for [mezz.jei.neoforge.JustEnoughItems]
[22May2025 19:33:28.158] [Render thread/DEBUG] [net.neoforged.fml.javafmlmod.FMLModContainer/LOADING]: Creating FMLModContainer instance for [com.enderio.armory.EnderIOArmory]
[22May2025 19:33:28.158] [Render thread/DEBUG] [net.neoforged.fml.javafmlmod.FMLModContainer/LOADING]: Creating FMLModContainer instance for [virtuoel.pehkui.Pehkui]
[22May2025 19:33:28.158] [Render thread/DEBUG] [net.neoforged.fml.javafmlmod.FMLModContainer/LOADING]: Creating FMLModContainer instance for [com.enderio.EnderIOBase, com.enderio.base.client.EnderIOBaseClient]
[22May2025 19:33:28.160] [Render thread/DEBUG] [net.neoforged.fml.javafmlmod.FMLModContainer/LOADING]: Creating FMLModContainer instance for [mekanism.common.Mekanism, mekanism.client.MekanismClient]
[22May2025 19:33:28.162] [Render thread/DEBUG] [net.neoforged.fml.javafmlmod.FMLModContainer/LOADING]: Creating FMLModContainer instance for []
[22May2025 19:33:28.162] [Render thread/DEBUG] [net.neoforged.fml.javafmlmod.FMLModContainer/LOADING]: Creating FMLModContainer instance for [com.enderio.core.EnderCore]
[22May2025 19:33:28.162] [Render thread/DEBUG] [net.neoforged.fml.javafmlmod.FMLModContainer/LOADING]: Creating FMLModContainer instance for [net.neoforged.neoforge.common.NeoForgeMod, net.neoforged.neoforge.client.ClientNeoForgeMod]
[22May2025 19:33:28.164] [Render thread/DEBUG] [net.neoforged.fml.javafmlmod.FMLModContainer/LOADING]: Creating FMLModContainer instance for [com.kleiders.kleidersplayerrenderer.KleidersCustomRendererMod]
[22May2025 19:33:28.164] [Render thread/DEBUG] [net.neoforged.fml.javafmlmod.FMLModContainer/LOADING]: Creating FMLModContainer instance for [org.sinytra.fabric.block_view_api.generated.GeneratedEntryPoint]
[22May2025 19:33:28.166] [Render thread/DEBUG] [net.neoforged.fml.javafmlmod.FMLModContainer/LOADING]: Creating FMLModContainer instance for [net.irisshaders.iris.platform.IrisForgeMod]
[22May2025 19:33:28.166] [Render thread/DEBUG] [net.neoforged.fml.javafmlmod.FMLModContainer/LOADING]: Creating FMLModContainer instance for [com.enderio.modconduits.ModdedConduits]
[22May2025 19:33:28.166] [Render thread/DEBUG] [net.neoforged.fml.javafmlmod.FMLModContainer/LOADING]: Creating FMLModContainer instance for [mekanism.generators.common.MekanismGenerators, mekanism.generators.client.GeneratorsClient]
[22May2025 19:33:28.167] [Render thread/DEBUG] [net.neoforged.fml.javafmlmod.FMLModContainer/LOADING]: Creating FMLModContainer instance for [org.sinytra.fabric.rendering_data_attachment_v1.generated.GeneratedEntryPoint]
[22May2025 19:33:28.167] [Render thread/DEBUG] [net.neoforged.fml.javafmlmod.FMLModContainer/LOADING]: Creating FMLModContainer instance for [net.caffeinemc.mods.sodium.neoforge.SodiumForgeMod]
[22May2025 19:33:28.168] [Render thread/DEBUG] [net.neoforged.fml.javafmlmod.FMLModContainer/LOADING]: Creating FMLModContainer instance for [com.direwolf20.justdirethings.JustDireThings]
[22May2025 19:33:28.168] [Render thread/DEBUG] [net.neoforged.fml.javafmlmod.FMLModContainer/LOADING]: Creating FMLModContainer instance for [com.enderio.machines.EnderIOMachines, com.enderio.machines.client.EnderIOMachinesClient]
[22May2025 19:33:28.169] [Render thread/DEBUG] [net.neoforged.fml.javafmlmod.FMLModContainer/LOADING]: Creating FMLModContainer instance for [net.interplay.simple_incubator.SimpleIncubatorMod]
[22May2025 19:33:28.170] [Render thread/DEBUG] [net.neoforged.fml.javafmlmod.FMLModContainer/LOADING]: Creating FMLModContainer instance for [betteradvancements.neoforge.BetterAdvancements]
[22May2025 19:33:28.174] [modloading-worker-0/DEBUG] [net.neoforged.fml.javafmlmod.AutomaticEventSubscriber/LOADING]: Attempting to inject @EventBusSubscriber classes into the eventbus for fabric_renderer_api_v1
[22May2025 19:33:28.174] [modloading-worker-0/DEBUG] [net.neoforged.fml.javafmlmod.AutomaticEventSubscriber/LOADING]: Attempting to inject @EventBusSubscriber classes into the eventbus for fabric_api_base
[22May2025 19:33:28.175] [modloading-worker-0/DEBUG] [net.neoforged.fml.javafmlmod.AutomaticEventSubscriber/LOADING]: Attempting to inject @EventBusSubscriber classes into the eventbus for sodium_extra
[22May2025 19:33:28.178] [modloading-worker-0/DEBUG] [net.neoforged.fml.javafmlmod.AutomaticEventSubscriber/LOADING]: Attempting to inject @EventBusSubscriber classes into the eventbus for enderio
[22May2025 19:33:28.178] [modloading-worker-0/DEBUG] [net.neoforged.fml.javafmlmod.AutomaticEventSubscriber/LOADING]: Attempting to inject @EventBusSubscriber classes into the eventbus for endercore
[22May2025 19:33:28.180] [modloading-worker-0/DEBUG] [net.neoforged.fml.javafmlmod.AutomaticEventSubscriber/LOADING]: Auto-subscribing com.enderio.core.common.network.CoreNetwork to MOD
[22May2025 19:33:28.181] [modloading-worker-0/DEBUG] [net.neoforged.fml.javafmlmod.AutomaticEventSubscriber/LOADING]: Attempting to inject @EventBusSubscriber classes into the eventbus for fabric_block_view_api_v2
[22May2025 19:33:28.181] [modloading-worker-0/DEBUG] [net.neoforged.fml.javafmlmod.AutomaticEventSubscriber/LOADING]: Attempting to inject @EventBusSubscriber classes into the eventbus for fabric_rendering_data_attachment_v1
[22May2025 19:33:28.192] [modloading-worker-0/DEBUG] [net.neoforged.fml.javafmlmod.AutomaticEventSubscriber/LOADING]: Auto-subscribing com.enderio.core.client.ClientModEvents to MOD
[22May2025 19:33:28.198] [modloading-worker-0/DEBUG] [mixin/]: Mixing rendertype.RenderTypeAccessor from mixins.iris.json into net.minecraft.client.renderer.RenderType
[22May2025 19:33:28.198] [modloading-worker-0/DEBUG] [mixin/]: mixins.iris.json:rendertype.RenderTypeAccessor from mod iris: Class version 65 required is higher than the class version supported by the current version of Mixin (JAVA_8 supports class version 52)
[22May2025 19:33:28.198] [modloading-worker-0/DEBUG] [mixin/]: Mixing MixinRenderType from iris-batched-entity-rendering.mixins.json into net.minecraft.client.renderer.RenderType
[22May2025 19:33:28.198] [modloading-worker-0/DEBUG] [mixin/]: iris-batched-entity-rendering.mixins.json:MixinRenderType from mod iris: Class version 65 required is higher than the class version supported by the current version of Mixin (JAVA_8 supports class version 52)
[22May2025 19:33:28.199] [modloading-worker-0/DEBUG] [net.neoforged.fml.javafmlmod.AutomaticEventSubscriber/LOADING]: Attempting to inject @EventBusSubscriber classes into the eventbus for iris
[22May2025 19:33:28.199] [modloading-worker-0/DEBUG] [mixin/]: Mixing RenderTypeAccessor from iris-batched-entity-rendering.mixins.json into net.minecraft.client.renderer.RenderType
[22May2025 19:33:28.199] [modloading-worker-0/DEBUG] [mixin/]: iris-batched-entity-rendering.mixins.json:RenderTypeAccessor from mod iris: Class version 65 required is higher than the class version supported by the current version of Mixin (JAVA_8 supports class version 52)
[22May2025 19:33:28.199] [modloading-worker-0/DEBUG] [mixin/]: Unexpected: Registered method shouldSortOnUpload()Z in net.minecraft.client.renderer.RenderType was not merged
[22May2025 19:33:28.201] [modloading-worker-0/DEBUG] [net.neoforged.fml.javafmlmod.AutomaticEventSubscriber/LOADING]: Attempting to inject @EventBusSubscriber classes into the eventbus for playeranimator
[22May2025 19:33:28.203] [modloading-worker-0/DEBUG] [mixin/]: Mixing rendertype.RenderStateShardAccessor from mixins.iris.json into net.minecraft.client.renderer.RenderStateShard
[22May2025 19:33:28.203] [modloading-worker-0/DEBUG] [mixin/]: mixins.iris.json:rendertype.RenderStateShardAccessor from mod iris: Class version 65 required is higher than the class version supported by the current version of Mixin (JAVA_8 supports class version 52)
[22May2025 19:33:28.204] [modloading-worker-0/DEBUG] [mixin/]: Renaming @Accessor method getTranslucentTransparency()Lnet/minecraft/client/renderer/RenderStateShard$TransparencyStateShard; to getTranslucentTransparency$iris_$md$60ac39$0 in mixins.iris.json:rendertype.RenderStateShardAccessor from mod iris
[22May2025 19:33:28.204] [modloading-worker-0/DEBUG] [mixin/]: Mixing RenderStateShardAccessor from iris-batched-entity-rendering.mixins.json into net.minecraft.client.renderer.RenderStateShard
[22May2025 19:33:28.204] [modloading-worker-0/DEBUG] [mixin/]: iris-batched-entity-rendering.mixins.json:RenderStateShardAccessor from mod iris: Class version 65 required is higher than the class version supported by the current version of Mixin (JAVA_8 supports class version 52)
[22May2025 19:33:28.204] [modloading-worker-0/DEBUG] [mixin/]: Renaming @Accessor method getNO_TRANSPARENCY()Lnet/minecraft/client/renderer/RenderStateShard$TransparencyStateShard; to getNO_TRANSPARENCY$iris_$md$60ac39$1 in iris-batched-entity-rendering.mixins.json:RenderStateShardAccessor from mod iris
[22May2025 19:33:28.204] [modloading-worker-0/DEBUG] [mixin/]: Renaming @Accessor method getGLINT_TRANSPARENCY()Lnet/minecraft/client/renderer/RenderStateShard$TransparencyStateShard; to getGLINT_TRANSPARENCY$iris_$md$60ac39$2 in iris-batched-entity-rendering.mixins.json:RenderStateShardAccessor from mod iris
[22May2025 19:33:28.204] [modloading-worker-0/DEBUG] [mixin/]: Renaming @Accessor method getCRUMBLING_TRANSPARENCY()Lnet/minecraft/client/renderer/RenderStateShard$TransparencyStateShard; to getCRUMBLING_TRANSPARENCY$iris_$md$60ac39$3 in iris-batched-entity-rendering.mixins.json:RenderStateShardAccessor from mod iris
[22May2025 19:33:28.207] [modloading-worker-0/DEBUG] [GeckoLib/]: Loaded software.bernie.geckolib.platform.GeckoLibNeoForge@70a92c8a for service interface software.bernie.geckolib.service.GeckoLibPlatform
[22May2025 19:33:28.207] [modloading-worker-0/DEBUG] [GeckoLib/]: Loaded software.bernie.geckolib.network.GeckoLibNetworkingNeoForge@3ab18177 for service interface software.bernie.geckolib.service.GeckoLibNetworking
[22May2025 19:33:28.207] [modloading-worker-0/DEBUG] [mixin/]: Mixing MixinCompositeRenderType from iris-batched-entity-rendering.mixins.json into net.minecraft.client.renderer.RenderType$CompositeRenderType
[22May2025 19:33:28.208] [modloading-worker-0/DEBUG] [mixin/]: iris-batched-entity-rendering.mixins.json:MixinCompositeRenderType from mod iris: Class version 65 required is higher than the class version supported by the current version of Mixin (JAVA_8 supports class version 52)
[22May2025 19:33:28.210] [modloading-worker-0/DEBUG] [mixin/]: iris-batched-entity-rendering.mixins.json:MixinCompositeRenderType from mod iris->@Inject::batchedentityrendering$onCompositeInit(Ljava/lang/String;Lcom/mojang/blaze3d/vertex/VertexFormat;Lcom/mojang/blaze3d/vertex/VertexFormat$Mode;IZZLnet/minecraft/client/renderer/RenderType$CompositeState;Lorg/spongepowered/asm/mixin/injection/callback/CallbackInfo;)V doesn't use it's CallbackInfo
[22May2025 19:33:28.212] [modloading-worker-0/INFO] [PluginManager/]: Scanning classes for industrialforegoing
[22May2025 19:33:28.212] [modloading-worker-0/INFO] [PluginManager/]: Scanning classes for titanium
[22May2025 19:33:28.217] [modloading-worker-0/DEBUG] [net.neoforged.fml.javafmlmod.AutomaticEventSubscriber/LOADING]: Attempting to inject @EventBusSubscriber classes into the eventbus for geckolib
[22May2025 19:33:28.229] [modloading-worker-0/DEBUG] [mixin/]: Mixing prevent_shaders.MixinGameRenderer from sodium-extra.mixins.json into net.minecraft.client.renderer.GameRenderer
[22May2025 19:33:28.229] [modloading-worker-0/DEBUG] [mixin/]: sodium-extra.mixins.json:prevent_shaders.MixinGameRenderer from mod sodium_extra: Class version 65 required is higher than the class version supported by the current version of Mixin (JAVA_17 supports class version 61)
[22May2025 19:33:28.230] [modloading-worker-0/DEBUG] [mixin/]: Mixing client.compat1193plus.GameRendererMixin from pehkui.mixins.json into net.minecraft.client.renderer.GameRenderer
[22May2025 19:33:28.230] [modloading-worker-0/DEBUG] [mixin/]: pehkui.mixins.json:client.compat1193plus.GameRendererMixin from mod pehkui: Class version 65 required is higher than the class version supported by the current version of Mixin (JAVA_17 supports class version 61)
[22May2025 19:33:28.230] [modloading-worker-0/DEBUG] [mixin/]: Mixing client.compat121plus.GameRendererMixin from pehkui.mixins.json into net.minecraft.client.renderer.GameRenderer
[22May2025 19:33:28.230] [modloading-worker-0/DEBUG] [mixin/]: pehkui.mixins.json:client.compat121plus.GameRendererMixin from mod pehkui: Class version 65 required is higher than the class version supported by the current version of Mixin (JAVA_17 supports class version 61)
[22May2025 19:33:28.230] [modloading-worker-0/DEBUG] [mixin/]: Mixing GameRendererAccessor from mixins.iris.json into net.minecraft.client.renderer.GameRenderer
[22May2025 19:33:28.230] [modloading-worker-0/DEBUG] [mixin/]: mixins.iris.json:GameRendererAccessor from mod iris: Class version 65 required is higher than the class version supported by the current version of Mixin (JAVA_8 supports class version 52)
[22May2025 19:33:28.231] [modloading-worker-0/DEBUG] [mixin/]: Mixing MixinGameRenderer from mixins.iris.json into net.minecraft.client.renderer.GameRenderer
[22May2025 19:33:28.231] [modloading-worker-0/DEBUG] [mixin/]: mixins.iris.json:MixinGameRenderer from mod iris: Class version 65 required is higher than the class version supported by the current version of Mixin (JAVA_8 supports class version 52)
[22May2025 19:33:28.239] [modloading-worker-0/DEBUG] [mixin/]: Mixing MixinModelViewBobbing from mixins.iris.json into net.minecraft.client.renderer.GameRenderer
[22May2025 19:33:28.240] [modloading-worker-0/DEBUG] [mixin/]: mixins.iris.json:MixinModelViewBobbing from mod iris: Class version 65 required is higher than the class version supported by the current version of Mixin (JAVA_8 supports class version 52)
[22May2025 19:33:28.241] [modloading-worker-0/DEBUG] [net.neoforged.fml.config.ConfigTracker/CONFIG]: Config file betteradvancements-client.toml for betteradvancements tracking
[22May2025 19:33:28.241] [modloading-worker-0/DEBUG] [net.neoforged.fml.config.ConfigTracker/CONFIG]: Config file jei-server.toml for jei tracking
[22May2025 19:33:28.242] [modloading-worker-0/DEBUG] [mixin/]: Mixing features.gui.hooks.console.GameRendererMixin from sodium-common.mixins.json into net.minecraft.client.renderer.GameRenderer
[22May2025 19:33:28.242] [modloading-worker-0/DEBUG] [mixin/]: sodium-common.mixins.json:features.gui.hooks.console.GameRendererMixin from mod sodium: Class version 65 required is higher than the class version supported by the current version of Mixin (JAVA_17 supports class version 61)
[22May2025 19:33:28.242] [modloading-worker-0/DEBUG] [mixin/]: Mixing MixinGameRenderer_NightVisionCompat from mixins.iris.json into net.minecraft.client.renderer.GameRenderer
[22May2025 19:33:28.242] [modloading-worker-0/DEBUG] [mixin/]: mixins.iris.json:MixinGameRenderer_NightVisionCompat from mod iris: Class version 65 required is higher than the class version supported by the current version of Mixin (JAVA_8 supports class version 52)
[22May2025 19:33:28.255] [modloading-worker-0/DEBUG] [mixin/]: sodium-extra.mixins.json:prevent_shaders.MixinGameRenderer from mod sodium_extra->@Inject::preventShaders(Lorg/spongepowered/asm/mixin/injection/callback/CallbackInfo;)V does use it's CallbackInfo
[22May2025 19:33:28.255] [modloading-worker-0/DEBUG] [mixin/]: sodium-extra.mixins.json:prevent_shaders.MixinGameRenderer from mod sodium_extra->@Inject::dontLoadShader(Lnet/minecraft/resources/ResourceLocation;Lorg/spongepowered/asm/mixin/injection/callback/CallbackInfo;)V does use it's CallbackInfo
[22May2025 19:33:28.255] [modloading-worker-0/DEBUG] [mixin/]: pehkui.mixins.json:client.compat121plus.GameRendererMixin from mod pehkui->@Inject::pehkui$renderWorld$before(Lnet/minecraft/client/DeltaTracker;Lorg/spongepowered/asm/mixin/injection/callback/CallbackInfo;)V doesn't use it's CallbackInfo
[22May2025 19:33:28.255] [modloading-worker-0/DEBUG] [mixin/]: pehkui.mixins.json:client.compat121plus.GameRendererMixin from mod pehkui->@Inject::pehkui$renderWorld$before(Lnet/minecraft/client/DeltaTracker;Lorg/spongepowered/asm/mixin/injection/callback/CallbackInfo;)V has 0 override(s) in child classes
[22May2025 19:33:28.255] [modloading-worker-0/DEBUG] [mixin/]: pehkui.mixins.json:client.compat121plus.GameRendererMixin from mod pehkui->@Inject::pehkui$renderWorld$before(Lnet/minecraft/client/DeltaTracker;Lorg/spongepowered/asm/mixin/injection/callback/CallbackInfo;)V won't be passed a CallbackInfo as a result
[22May2025 19:33:28.255] [modloading-worker-0/DEBUG] [mixin/]: pehkui.mixins.json:client.compat121plus.GameRendererMixin from mod pehkui->@Inject::pehkui$renderWorld$after(Lnet/minecraft/client/DeltaTracker;Lorg/spongepowered/asm/mixin/injection/callback/CallbackInfo;)V doesn't use it's CallbackInfo
[22May2025 19:33:28.255] [modloading-worker-0/DEBUG] [mixin/]: pehkui.mixins.json:client.compat121plus.GameRendererMixin from mod pehkui->@Inject::pehkui$renderWorld$after(Lnet/minecraft/client/DeltaTracker;Lorg/spongepowered/asm/mixin/injection/callback/CallbackInfo;)V has 0 override(s) in child classes
[22May2025 19:33:28.255] [modloading-worker-0/DEBUG] [mixin/]: pehkui.mixins.json:client.compat121plus.GameRendererMixin from mod pehkui->@Inject::pehkui$renderWorld$after(Lnet/minecraft/client/DeltaTracker;Lorg/spongepowered/asm/mixin/injection/callback/CallbackInfo;)V won't be passed a CallbackInfo as a result
[22May2025 19:33:28.256] [modloading-worker-0/DEBUG] [mixin/]: mixins.iris.json:MixinGameRenderer from mod iris->@Inject::iris$overridePositionShader(Lorg/spongepowered/asm/mixin/injection/callback/CallbackInfoReturnable;)V does use it's CallbackInfoReturnable
[22May2025 19:33:28.256] [modloading-worker-0/DEBUG] [mixin/]: mixins.iris.json:MixinGameRenderer from mod iris->@Inject::iris$overridePositionColorShader(Lorg/spongepowered/asm/mixin/injection/callback/CallbackInfoReturnable;)V does use it's CallbackInfoReturnable
[22May2025 19:33:28.256] [modloading-worker-0/DEBUG] [mixin/]: mixins.iris.json:MixinGameRenderer from mod iris->@Inject::iris$overridePositionTexShader(Lorg/spongepowered/asm/mixin/injection/callback/CallbackInfoReturnable;)V does use it's CallbackInfoReturnable
[22May2025 19:33:28.256] [modloading-worker-0/DEBUG] [mixin/]: mixins.iris.json:MixinGameRenderer from mod iris->@Inject::iris$overridePositionTexColorShader(Lorg/spongepowered/asm/mixin/injection/callback/CallbackInfoReturnable;)V does use it's CallbackInfoReturnable
[22May2025 19:33:28.256] [modloading-worker-0/DEBUG] [mixin/]: mixins.iris.json:MixinGameRenderer from mod iris->@Inject::iris$overrideParticleShader(Lorg/spongepowered/asm/mixin/injection/callback/CallbackInfoReturnable;)V does use it's CallbackInfoReturnable
[22May2025 19:33:28.256] [modloading-worker-0/DEBUG] [mixin/]: mixins.iris.json:MixinGameRenderer from mod iris->@Inject::iris$overridePositionTexColorNormalShader(Lorg/spongepowered/asm/mixin/injection/callback/CallbackInfoReturnable;)V does use it's CallbackInfoReturnable
[22May2025 19:33:28.256] [modloading-worker-0/DEBUG] [mixin/]: mixins.iris.json:MixinGameRenderer from mod iris->@Inject::iris$overrideSolidShader(Lorg/spongepowered/asm/mixin/injection/callback/CallbackInfoReturnable;)V does use it's CallbackInfoReturnable
[22May2025 19:33:28.256] [modloading-worker-0/DEBUG] [mixin/]: mixins.iris.json:MixinGameRenderer from mod iris->@Inject::iris$overrideCutoutShader(Lorg/spongepowered/asm/mixin/injection/callback/CallbackInfoReturnable;)V does use it's CallbackInfoReturnable
[22May2025 19:33:28.256] [modloading-worker-0/DEBUG] [mixin/]: mixins.iris.json:MixinGameRenderer from mod iris->@Inject::iris$overrideCutoutShader(Lorg/spongepowered/asm/mixin/injection/callback/CallbackInfoReturnable;)V does use it's CallbackInfoReturnable
[22May2025 19:33:28.256] [modloading-worker-0/DEBUG] [mixin/]: mixins.iris.json:MixinGameRenderer from mod iris->@Inject::iris$overrideTranslucentShader(Lorg/spongepowered/asm/mixin/injection/callback/CallbackInfoReturnable;)V does use it's CallbackInfoReturnable
[22May2025 19:33:28.256] [modloading-worker-0/DEBUG] [mixin/]: mixins.iris.json:MixinGameRenderer from mod iris->@Inject::iris$overrideTranslucentShader(Lorg/spongepowered/asm/mixin/injection/callback/CallbackInfoReturnable;)V does use it's CallbackInfoReturnable
[22May2025 19:33:28.256] [modloading-worker-0/DEBUG] [mixin/]: mixins.iris.json:MixinGameRenderer from mod iris->@Inject::iris$overrideTranslucentShader(Lorg/spongepowered/asm/mixin/injection/callback/CallbackInfoReturnable;)V does use it's CallbackInfoReturnable
[22May2025 19:33:28.256] [modloading-worker-0/DEBUG] [mixin/]: mixins.iris.json:MixinGameRenderer from mod iris->@Inject::iris$overrideEntityCutoutShader(Lorg/spongepowered/asm/mixin/injection/callback/CallbackInfoReturnable;)V does use it's CallbackInfoReturnable
[22May2025 19:33:28.256] [modloading-worker-0/DEBUG] [mixin/]: mixins.iris.json:MixinGameRenderer from mod iris->@Inject::iris$overrideEntityCutoutShader(Lorg/spongepowered/asm/mixin/injection/callback/CallbackInfoReturnable;)V does use it's CallbackInfoReturnable
[22May2025 19:33:28.256] [modloading-worker-0/DEBUG] [mixin/]: mixins.iris.json:MixinGameRenderer from mod iris->@Inject::iris$overrideEntityCutoutShader(Lorg/spongepowered/asm/mixin/injection/callback/CallbackInfoReturnable;)V does use it's CallbackInfoReturnable
[22May2025 19:33:28.256] [modloading-worker-0/DEBUG] [mixin/]: mixins.iris.json:MixinGameRenderer from mod iris->@Inject::iris$overrideEntityCutoutShader(Lorg/spongepowered/asm/mixin/injection/callback/CallbackInfoReturnable;)V does use it's CallbackInfoReturnable
[22May2025 19:33:28.256] [modloading-worker-0/DEBUG] [mixin/]: mixins.iris.json:MixinGameRenderer from mod iris->@Inject::iris$overrideEntityCutoutShader(Lorg/spongepowered/asm/mixin/injection/callback/CallbackInfoReturnable;)V does use it's CallbackInfoReturnable
[22May2025 19:33:28.256] [modloading-worker-0/DEBUG] [mixin/]: mixins.iris.json:MixinGameRenderer from mod iris->@Inject::iris$overrideEntityCutoutShader(Lorg/spongepowered/asm/mixin/injection/callback/CallbackInfoReturnable;)V does use it's CallbackInfoReturnable
[22May2025 19:33:28.256] [modloading-worker-0/DEBUG] [mixin/]: mixins.iris.json:MixinGameRenderer from mod iris->@Inject::iris$overrideEntityTranslucentShader(Lorg/spongepowered/asm/mixin/injection/callback/CallbackInfoReturnable;)V does use it's CallbackInfoReturnable
[22May2025 19:33:28.256] [modloading-worker-0/DEBUG] [mixin/]: mixins.iris.json:MixinGameRenderer from mod iris->@Inject::iris$overrideEntityTranslucentShader(Lorg/spongepowered/asm/mixin/injection/callback/CallbackInfoReturnable;)V does use it's CallbackInfoReturnable
[22May2025 19:33:28.256] [modloading-worker-0/DEBUG] [mixin/]: mixins.iris.json:MixinGameRenderer from mod iris->@Inject::iris$overrideEntityTranslucentShader(Lorg/spongepowered/asm/mixin/injection/callback/CallbackInfoReturnable;)V does use it's CallbackInfoReturnable
[22May2025 19:33:28.256] [modloading-worker-0/DEBUG] [mixin/]: mixins.iris.json:MixinGameRenderer from mod iris->@Inject::iris$overrideEntityTranslucentShader(Lorg/spongepowered/asm/mixin/injection/callback/CallbackInfoReturnable;)V does use it's CallbackInfoReturnable
[22May2025 19:33:28.257] [modloading-worker-0/DEBUG] [mixin/]: mixins.iris.json:MixinGameRenderer from mod iris->@Inject::iris$overrideEntityTranslucentShader(Lorg/spongepowered/asm/mixin/injection/callback/CallbackInfoReturnable;)V does use it's CallbackInfoReturnable
[22May2025 19:33:28.257] [modloading-worker-0/DEBUG] [mixin/]: mixins.iris.json:MixinGameRenderer from mod iris->@Inject::iris$overrideEnergySwirlShadowShader(Lorg/spongepowered/asm/mixin/injection/callback/CallbackInfoReturnable;)V does use it's CallbackInfoReturnable
[22May2025 19:33:28.257] [modloading-worker-0/DEBUG] [mixin/]: mixins.iris.json:MixinGameRenderer from mod iris->@Inject::iris$overrideEnergySwirlShadowShader(Lorg/spongepowered/asm/mixin/injection/callback/CallbackInfoReturnable;)V does use it's CallbackInfoReturnable
[22May2025 19:33:28.257] [modloading-worker-0/DEBUG] [mixin/]: mixins.iris.json:MixinGameRenderer from mod iris->@Inject::iris$overrideGlintShader(Lorg/spongepowered/asm/mixin/injection/callback/CallbackInfoReturnable;)V does use it's CallbackInfoReturnable
[22May2025 19:33:28.257] [modloading-worker-0/DEBUG] [mixin/]: mixins.iris.json:MixinGameRenderer from mod iris->@Inject::iris$overrideGlintShader(Lorg/spongepowered/asm/mixin/injection/callback/CallbackInfoReturnable;)V does use it's CallbackInfoReturnable
[22May2025 19:33:28.257] [modloading-worker-0/DEBUG] [mixin/]: mixins.iris.json:MixinGameRenderer from mod iris->@Inject::iris$overrideGlintShader(Lorg/spongepowered/asm/mixin/injection/callback/CallbackInfoReturnable;)V does use it's CallbackInfoReturnable
[22May2025 19:33:28.257] [modloading-worker-0/DEBUG] [mixin/]: mixins.iris.json:MixinGameRenderer from mod iris->@Inject::iris$overrideGlintShader(Lorg/spongepowered/asm/mixin/injection/callback/CallbackInfoReturnable;)V does use it's CallbackInfoReturnable
[22May2025 19:33:28.257] [modloading-worker-0/DEBUG] [mixin/]: mixins.iris.json:MixinGameRenderer from mod iris->@Inject::iris$overrideGlintShader(Lorg/spongepowered/asm/mixin/injection/callback/CallbackInfoReturnable;)V does use it's CallbackInfoReturnable
[22May2025 19:33:28.257] [modloading-worker-0/DEBUG] [mixin/]: mixins.iris.json:MixinGameRenderer from mod iris->@Inject::iris$overrideGlintShader(Lorg/spongepowered/asm/mixin/injection/callback/CallbackInfoReturnable;)V does use it's CallbackInfoReturnable
[22May2025 19:33:28.257] [modloading-worker-0/DEBUG] [mixin/]: mixins.iris.json:MixinGameRenderer from mod iris->@Inject::iris$overrideGlintShader(Lorg/spongepowered/asm/mixin/injection/callback/CallbackInfoReturnable;)V does use it's CallbackInfoReturnable
[22May2025 19:33:28.257] [modloading-worker-0/DEBUG] [mixin/]: mixins.iris.json:MixinGameRenderer from mod iris->@Inject::iris$overrideEntitySolidDiffuseShader(Lorg/spongepowered/asm/mixin/injection/callback/CallbackInfoReturnable;)V does use it's CallbackInfoReturnable
[22May2025 19:33:28.257] [modloading-worker-0/DEBUG] [mixin/]: mixins.iris.json:MixinGameRenderer from mod iris->@Inject::iris$overrideEntitySolidShader(Lorg/spongepowered/asm/mixin/injection/callback/CallbackInfoReturnable;)V does use it's CallbackInfoReturnable
[22May2025 19:33:28.257] [modloading-worker-0/DEBUG] [mixin/]: mixins.iris.json:MixinGameRenderer from mod iris->@Inject::iris$overrideBeaconBeamShader(Lorg/spongepowered/asm/mixin/injection/callback/CallbackInfoReturnable;)V does use it's CallbackInfoReturnable
[22May2025 19:33:28.257] [modloading-worker-0/DEBUG] [mixin/]: mixins.iris.json:MixinGameRenderer from mod iris->@Inject::iris$overrideEntityAlphaShader(Lorg/spongepowered/asm/mixin/injection/callback/CallbackInfoReturnable;)V does use it's CallbackInfoReturnable
[22May2025 19:33:28.257] [modloading-worker-0/DEBUG] [mixin/]: mixins.iris.json:MixinGameRenderer from mod iris->@Inject::iris$overrideEntityEyesShader(Lorg/spongepowered/asm/mixin/injection/callback/CallbackInfoReturnable;)V does use it's CallbackInfoReturnable
[22May2025 19:33:28.257] [modloading-worker-0/DEBUG] [mixin/]: mixins.iris.json:MixinGameRenderer from mod iris->@Inject::iris$overrideEntityTranslucentEmissiveShader(Lorg/spongepowered/asm/mixin/injection/callback/CallbackInfoReturnable;)V does use it's CallbackInfoReturnable
[22May2025 19:33:28.257] [modloading-worker-0/DEBUG] [mixin/]: mixins.iris.json:MixinGameRenderer from mod iris->@Inject::iris$overrideLeashShader(Lorg/spongepowered/asm/mixin/injection/callback/CallbackInfoReturnable;)V does use it's CallbackInfoReturnable
[22May2025 19:33:28.257] [modloading-worker-0/DEBUG] [mixin/]: mixins.iris.json:MixinGameRenderer from mod iris->@Inject::iris$overrideLightningShader(Lorg/spongepowered/asm/mixin/injection/callback/CallbackInfoReturnable;)V does use it's CallbackInfoReturnable
[22May2025 19:33:28.257] [modloading-worker-0/DEBUG] [mixin/]: mixins.iris.json:MixinGameRenderer from mod iris->@Inject::iris$overrideCrumblingShader(Lorg/spongepowered/asm/mixin/injection/callback/CallbackInfoReturnable;)V does use it's CallbackInfoReturnable
[22May2025 19:33:28.257] [modloading-worker-0/DEBUG] [mixin/]: mixins.iris.json:MixinGameRenderer from mod iris->@Inject::iris$overrideTextShader(Lorg/spongepowered/asm/mixin/injection/callback/CallbackInfoReturnable;)V does use it's CallbackInfoReturnable
[22May2025 19:33:28.257] [modloading-worker-0/DEBUG] [mixin/]: mixins.iris.json:MixinGameRenderer from mod iris->@Inject::iris$overrideTextShader(Lorg/spongepowered/asm/mixin/injection/callback/CallbackInfoReturnable;)V does use it's CallbackInfoReturnable
[22May2025 19:33:28.257] [modloading-worker-0/DEBUG] [mixin/]: mixins.iris.json:MixinGameRenderer from mod iris->@Inject::iris$overrideTextShader(Lorg/spongepowered/asm/mixin/injection/callback/CallbackInfoReturnable;)V does use it's CallbackInfoReturnable
[22May2025 19:33:28.257] [modloading-worker-0/DEBUG] [mixin/]: mixins.iris.json:MixinGameRenderer from mod iris->@Inject::iris$overrideTextBackgroundShader(Lorg/spongepowered/asm/mixin/injection/callback/CallbackInfoReturnable;)V does use it's CallbackInfoReturnable
[22May2025 19:33:28.257] [modloading-worker-0/DEBUG] [mixin/]: mixins.iris.json:MixinGameRenderer from mod iris->@Inject::iris$overrideTextBackgroundShader(Lorg/spongepowered/asm/mixin/injection/callback/CallbackInfoReturnable;)V does use it's CallbackInfoReturnable
[22May2025 19:33:28.257] [modloading-worker-0/DEBUG] [mixin/]: mixins.iris.json:MixinGameRenderer from mod iris->@Inject::iris$overrideTextIntensityShader(Lorg/spongepowered/asm/mixin/injection/callback/CallbackInfoReturnable;)V does use it's CallbackInfoReturnable
[22May2025 19:33:28.257] [modloading-worker-0/DEBUG] [mixin/]: mixins.iris.json:MixinGameRenderer from mod iris->@Inject::iris$overrideTextIntensityShader(Lorg/spongepowered/asm/mixin/injection/callback/CallbackInfoReturnable;)V does use it's CallbackInfoReturnable
[22May2025 19:33:28.257] [modloading-worker-0/DEBUG] [mixin/]: mixins.iris.json:MixinGameRenderer from mod iris->@Inject::iris$overrideLinesShader(Lorg/spongepowered/asm/mixin/injection/callback/CallbackInfoReturnable;)V does use it's CallbackInfoReturnable
[22May2025 19:33:28.257] [modloading-worker-0/DEBUG] [mixin/]: mixins.iris.json:MixinGameRenderer from mod iris->@Inject::iris$startFrame(Lnet/minecraft/client/DeltaTracker;ZLorg/spongepowered/asm/mixin/injection/callback/CallbackInfo;)V doesn't use it's CallbackInfo
[22May2025 19:33:28.257] [modloading-worker-0/DEBUG] [mixin/]: mixins.iris.json:MixinGameRenderer from mod iris->@Inject::iris$startFrame(Lnet/minecraft/client/DeltaTracker;ZLorg/spongepowered/asm/mixin/injection/callback/CallbackInfo;)V has 0 override(s) in child classes
[22May2025 19:33:28.257] [modloading-worker-0/DEBUG] [mixin/]: mixins.iris.json:MixinGameRenderer from mod iris->@Inject::iris$startFrame(Lnet/minecraft/client/DeltaTracker;ZLorg/spongepowered/asm/mixin/injection/callback/CallbackInfo;)V won't be passed a CallbackInfo as a result
[22May2025 19:33:28.257] [modloading-worker-0/DEBUG] [mixin/]: mixins.iris.json:MixinGameRenderer from mod iris->@Inject::iris$logSystem(Lnet/minecraft/client/Minecraft;Lnet/minecraft/client/renderer/ItemInHandRenderer;Lnet/minecraft/server/packs/resources/ResourceManager;Lnet/minecraft/client/renderer/RenderBuffers;Lorg/spongepowered/asm/mixin/injection/callback/CallbackInfo;)V doesn't use it's CallbackInfo
[22May2025 19:33:28.257] [modloading-worker-0/DEBUG] [mixin/]: mixins.iris.json:MixinGameRenderer from mod iris->@Inject::iris$logSystem(Lnet/minecraft/client/Minecraft;Lnet/minecraft/client/renderer/ItemInHandRenderer;Lnet/minecraft/server/packs/resources/ResourceManager;Lnet/minecraft/client/renderer/RenderBuffers;Lorg/spongepowered/asm/mixin/injection/callback/CallbackInfo;)V has 0 override(s) in child classes
[22May2025 19:33:28.257] [modloading-worker-0/DEBUG] [mixin/]: mixins.iris.json:MixinGameRenderer from mod iris->@Inject::iris$logSystem(Lnet/minecraft/client/Minecraft;Lnet/minecraft/client/renderer/ItemInHandRenderer;Lnet/minecraft/server/packs/resources/ResourceManager;Lnet/minecraft/client/renderer/RenderBuffers;Lorg/spongepowered/asm/mixin/injection/callback/CallbackInfo;)V won't be passed a CallbackInfo as a result
[22May2025 19:33:28.257] [modloading-worker-0/DEBUG] [mixin/]: mixins.iris.json:MixinGameRenderer from mod iris->@Inject::iris$runColorSpace(Lnet/minecraft/client/DeltaTracker;Lorg/spongepowered/asm/mixin/injection/callback/CallbackInfo;)V doesn't use it's CallbackInfo
[22May2025 19:33:28.258] [modloading-worker-0/DEBUG] [mixin/]: mixins.iris.json:MixinGameRenderer from mod iris->@Inject::iris$runColorSpace(Lnet/minecraft/client/DeltaTracker;Lorg/spongepowered/asm/mixin/injection/callback/CallbackInfo;)V has 0 override(s) in child classes
[22May2025 19:33:28.258] [modloading-worker-0/DEBUG] [mixin/]: mixins.iris.json:MixinGameRenderer from mod iris->@Inject::iris$runColorSpace(Lnet/minecraft/client/DeltaTracker;Lorg/spongepowered/asm/mixin/injection/callback/CallbackInfo;)V won't be passed a CallbackInfo as a result
[22May2025 19:33:28.258] [modloading-worker-0/DEBUG] [mixin/]: mixins.iris.json:MixinModelViewBobbing from mod iris->@Inject::iris$saveShadersOn(Lnet/minecraft/client/DeltaTracker;Lorg/spongepowered/asm/mixin/injection/callback/CallbackInfo;)V doesn't use it's CallbackInfo
[22May2025 19:33:28.258] [modloading-worker-0/DEBUG] [mixin/]: mixins.iris.json:MixinModelViewBobbing from mod iris->@Inject::iris$saveShadersOn(Lnet/minecraft/client/DeltaTracker;Lorg/spongepowered/asm/mixin/injection/callback/CallbackInfo;)V has 0 override(s) in child classes
[22May2025 19:33:28.258] [modloading-worker-0/DEBUG] [mixin/]: mixins.iris.json:MixinModelViewBobbing from mod iris->@Inject::iris$saveShadersOn(Lnet/minecraft/client/DeltaTracker;Lorg/spongepowered/asm/mixin/injection/callback/CallbackInfo;)V won't be passed a CallbackInfo as a result
[22May2025 19:33:28.258] [modloading-worker-0/DEBUG] [mixin/]: sodium-common.mixins.json:features.gui.hooks.console.GameRendererMixin from mod sodium->@Inject::onRender(Lnet/minecraft/client/DeltaTracker;ZLorg/spongepowered/asm/mixin/injection/callback/CallbackInfo;)V doesn't use it's CallbackInfo
[22May2025 19:33:28.258] [modloading-worker-0/DEBUG] [mixin/]: sodium-common.mixins.json:features.gui.hooks.console.GameRendererMixin from mod sodium->@Inject::onRender(Lnet/minecraft/client/DeltaTracker;ZLorg/spongepowered/asm/mixin/injection/callback/CallbackInfo;)V has 0 override(s) in child classes
[22May2025 19:33:28.258] [modloading-worker-0/DEBUG] [mixin/]: sodium-common.mixins.json:features.gui.hooks.console.GameRendererMixin from mod sodium->@Inject::onRender(Lnet/minecraft/client/DeltaTracker;ZLorg/spongepowered/asm/mixin/injection/callback/CallbackInfo;)V won't be passed a CallbackInfo as a result
[22May2025 19:33:28.258] [modloading-worker-0/DEBUG] [mixin/]: mixins.iris.json:MixinGameRenderer_NightVisionCompat from mod iris->@Inject::iris$safecheckNightvisionStrength(Lnet/minecraft/world/entity/LivingEntity;FLorg/spongepowered/asm/mixin/injection/callback/CallbackInfoReturnable;)V does use it's CallbackInfoReturnable
[22May2025 19:33:28.263] [modloading-worker-0/DEBUG] [net.neoforged.fml.config.ConfigTracker/CONFIG]: Config file enderio/armory-common.toml for enderio_armory tracking
[22May2025 19:33:28.263] [modloading-worker-0/DEBUG] [net.neoforged.fml.ModContainer/]: Attempted to register an empty config for type CLIENT on mod enderio_armory using file name enderio/armory-client.toml
[22May2025 19:33:28.267] [modloading-worker-0/DEBUG] [net.neoforged.fml.config.ConfigTracker/CONFIG]: Config file enderio/base-common.toml for enderio_base tracking
[22May2025 19:33:28.267] [modloading-worker-0/DEBUG] [net.neoforged.fml.config.ConfigTracker/CONFIG]: Config file enderio/base-client.toml for enderio_base tracking
[22May2025 19:33:28.273] [modloading-worker-0/DEBUG] [mixin/]: Mixing MixinShaderInstance from mixins.iris.json into net.minecraft.client.renderer.ShaderInstance
[22May2025 19:33:28.273] [modloading-worker-0/DEBUG] [mixin/]: mixins.iris.json:MixinShaderInstance from mod iris: Class version 65 required is higher than the class version supported by the current version of Mixin (JAVA_8 supports class version 52)
[22May2025 19:33:28.273] [modloading-worker-0/DEBUG] [mixin/]: Renaming synthetic method lambda$iriss$storeSkip$0(Ljava/lang/Class;)Ljava/lang/invoke/MethodHandle; to md60ac39$iris$lambda$iriss$storeSkip$0$0 in mixins.iris.json:MixinShaderInstance from mod iris
[22May2025 19:33:28.276] [modloading-worker-0/DEBUG] [net.neoforged.fml.javafmlmod.AutomaticEventSubscriber/LOADING]: Attempting to inject @EventBusSubscriber classes into the eventbus for betteradvancements
[22May2025 19:33:28.279] [modloading-worker-0/DEBUG] [mixin/]: Mixing MixinShaderInstance from mixins.iris.forge.json into net.minecraft.client.renderer.ShaderInstance
[22May2025 19:33:28.279] [modloading-worker-0/DEBUG] [mixin/]: mixins.iris.forge.json:MixinShaderInstance from mod iris: Class version 65 required is higher than the class version supported by the current version of Mixin (JAVA_8 supports class version 52)
[22May2025 19:33:28.279] [modloading-worker-0/DEBUG] [mixin/]: Mixing features.shader.uniform.ShaderInstanceMixin from sodium-common.mixins.json into net.minecraft.client.renderer.ShaderInstance
[22May2025 19:33:28.279] [modloading-worker-0/DEBUG] [mixin/]: sodium-common.mixins.json:features.shader.uniform.ShaderInstanceMixin from mod sodium: Class version 65 required is higher than the class version supported by the current version of Mixin (JAVA_17 supports class version 61)
[22May2025 19:33:28.287] [modloading-worker-0/DEBUG] [mixin/]: mixins.iris.json:MixinShaderInstance from mod iris->@Inject::iriss$storeSkip(Lnet/minecraft/server/packs/resources/ResourceProvider;Lnet/minecraft/resources/ResourceLocation;Lcom/mojang/blaze3d/vertex/VertexFormat;Lorg/spongepowered/asm/mixin/injection/callback/CallbackInfo;)V doesn't use it's CallbackInfo
[22May2025 19:33:28.287] [modloading-worker-0/DEBUG] [mixin/]: mixins.iris.json:MixinShaderInstance from mod iris->@Inject::iriss$storeSkip(Lnet/minecraft/server/packs/resources/ResourceProvider;Lnet/minecraft/resources/ResourceLocation;Lcom/mojang/blaze3d/vertex/VertexFormat;Lorg/spongepowered/asm/mixin/injection/callback/CallbackInfo;)V has 0 override(s) in child classes
[22May2025 19:33:28.287] [modloading-worker-0/DEBUG] [mixin/]: mixins.iris.json:MixinShaderInstance from mod iris->@Inject::iriss$storeSkip(Lnet/minecraft/server/packs/resources/ResourceProvider;Lnet/minecraft/resources/ResourceLocation;Lcom/mojang/blaze3d/vertex/VertexFormat;Lorg/spongepowered/asm/mixin/injection/callback/CallbackInfo;)V won't be passed a CallbackInfo as a result
[22May2025 19:33:28.287] [modloading-worker-0/DEBUG] [mixin/]: mixins.iris.json:MixinShaderInstance from mod iris->@Inject::name(Lnet/minecraft/server/packs/resources/ResourceProvider;Ljava/lang/String;Lcom/mojang/blaze3d/vertex/VertexFormat;Lorg/spongepowered/asm/mixin/injection/callback/CallbackInfo;)V doesn't use it's CallbackInfo
[22May2025 19:33:28.287] [modloading-worker-0/DEBUG] [mixin/]: mixins.iris.json:MixinShaderInstance from mod iris->@Inject::name(Lnet/minecraft/server/packs/resources/ResourceProvider;Ljava/lang/String;Lcom/mojang/blaze3d/vertex/VertexFormat;Lorg/spongepowered/asm/mixin/injection/callback/CallbackInfo;)V has 0 override(s) in child classes
[22May2025 19:33:28.287] [modloading-worker-0/DEBUG] [mixin/]: mixins.iris.json:MixinShaderInstance from mod iris->@Inject::name(Lnet/minecraft/server/packs/resources/ResourceProvider;Ljava/lang/String;Lcom/mojang/blaze3d/vertex/VertexFormat;Lorg/spongepowered/asm/mixin/injection/callback/CallbackInfo;)V won't be passed a CallbackInfo as a result
[22May2025 19:33:28.287] [modloading-worker-0/DEBUG] [mixin/]: mixins.iris.json:MixinShaderInstance from mod iris->@Inject::iris$lockDepthColorState(Lorg/spongepowered/asm/mixin/injection/callback/CallbackInfo;)V doesn't use it's CallbackInfo
[22May2025 19:33:28.287] [modloading-worker-0/DEBUG] [mixin/]: mixins.iris.json:MixinShaderInstance from mod iris->@Inject::iris$lockDepthColorState(Lorg/spongepowered/asm/mixin/injection/callback/CallbackInfo;)V has 0 override(s) in child classes
[22May2025 19:33:28.287] [modloading-worker-0/DEBUG] [mixin/]: mixins.iris.json:MixinShaderInstance from mod iris->@Inject::iris$lockDepthColorState(Lorg/spongepowered/asm/mixin/injection/callback/CallbackInfo;)V won't be passed a CallbackInfo as a result
[22May2025 19:33:28.287] [modloading-worker-0/DEBUG] [mixin/]: mixins.iris.json:MixinShaderInstance from mod iris->@Inject::onTail(Lorg/spongepowered/asm/mixin/injection/callback/CallbackInfo;)V doesn't use it's CallbackInfo
[22May2025 19:33:28.287] [modloading-worker-0/DEBUG] [mixin/]: mixins.iris.json:MixinShaderInstance from mod iris->@Inject::onTail(Lorg/spongepowered/asm/mixin/injection/callback/CallbackInfo;)V has 0 override(s) in child classes
[22May2025 19:33:28.287] [modloading-worker-0/DEBUG] [mixin/]: mixins.iris.json:MixinShaderInstance from mod iris->@Inject::onTail(Lorg/spongepowered/asm/mixin/injection/callback/CallbackInfo;)V won't be passed a CallbackInfo as a result
[22May2025 19:33:28.287] [modloading-worker-0/DEBUG] [mixin/]: mixins.iris.json:MixinShaderInstance from mod iris->@Inject::iris$unlockDepthColorState(Lorg/spongepowered/asm/mixin/injection/callback/CallbackInfo;)V doesn't use it's CallbackInfo
[22May2025 19:33:28.287] [modloading-worker-0/DEBUG] [mixin/]: mixins.iris.json:MixinShaderInstance from mod iris->@Inject::iris$unlockDepthColorState(Lorg/spongepowered/asm/mixin/injection/callback/CallbackInfo;)V has 0 override(s) in child classes
[22May2025 19:33:28.287] [modloading-worker-0/DEBUG] [mixin/]: mixins.iris.json:MixinShaderInstance from mod iris->@Inject::iris$unlockDepthColorState(Lorg/spongepowered/asm/mixin/injection/callback/CallbackInfo;)V won't be passed a CallbackInfo as a result
[22May2025 19:33:28.287] [modloading-worker-0/DEBUG] [mixin/]: mixins.iris.forge.json:MixinShaderInstance from mod iris->@Inject::iris$setupGeometryShader(Lnet/minecraft/server/packs/resources/ResourceProvider;Lnet/minecraft/resources/ResourceLocation;Lcom/mojang/blaze3d/vertex/VertexFormat;Lorg/spongepowered/asm/mixin/injection/callback/CallbackInfo;)V doesn't use it's CallbackInfo
[22May2025 19:33:28.287] [modloading-worker-0/DEBUG] [mixin/]: mixins.iris.forge.json:MixinShaderInstance from mod iris->@Inject::iris$setupGeometryShader(Lnet/minecraft/server/packs/resources/ResourceProvider;Lnet/minecraft/resources/ResourceLocation;Lcom/mojang/blaze3d/vertex/VertexFormat;Lorg/spongepowered/asm/mixin/injection/callback/CallbackInfo;)V has 0 override(s) in child classes
[22May2025 19:33:28.287] [modloading-worker-0/DEBUG] [mixin/]: mixins.iris.forge.json:MixinShaderInstance from mod iris->@Inject::iris$setupGeometryShader(Lnet/minecraft/server/packs/resources/ResourceProvider;Lnet/minecraft/resources/ResourceLocation;Lcom/mojang/blaze3d/vertex/VertexFormat;Lorg/spongepowered/asm/mixin/injection/callback/CallbackInfo;)V won't be passed a CallbackInfo as a result
[22May2025 19:33:28.287] [modloading-worker-0/DEBUG] [mixin/]: sodium-common.mixins.json:features.shader.uniform.ShaderInstanceMixin from mod sodium->@Inject::initCache(Lorg/spongepowered/asm/mixin/injection/callback/CallbackInfo;)V doesn't use it's CallbackInfo
[22May2025 19:33:28.287] [modloading-worker-0/DEBUG] [mixin/]: sodium-common.mixins.json:features.shader.uniform.ShaderInstanceMixin from mod sodium->@Inject::initCache(Lorg/spongepowered/asm/mixin/injection/callback/CallbackInfo;)V has 0 override(s) in child classes
[22May2025 19:33:28.287] [modloading-worker-0/DEBUG] [mixin/]: sodium-common.mixins.json:features.shader.uniform.ShaderInstanceMixin from mod sodium->@Inject::initCache(Lorg/spongepowered/asm/mixin/injection/callback/CallbackInfo;)V won't be passed a CallbackInfo as a result
[22May2025 19:33:28.293] [modloading-worker-0/DEBUG] [net.neoforged.fml.config.ConfigTracker/CONFIG]: Config file enderio/machines-common.toml for enderio_machines tracking
[22May2025 19:33:28.293] [modloading-worker-0/DEBUG] [net.neoforged.fml.config.ConfigTracker/CONFIG]: Config file enderio/machines-client.toml for enderio_machines tracking
[22May2025 19:33:28.294] [modloading-worker-0/DEBUG] [net.neoforged.fml.config.ConfigTracker/CONFIG]: Config file pehkui-client.toml for pehkui tracking
[22May2025 19:33:28.294] [modloading-worker-0/DEBUG] [net.neoforged.fml.config.ConfigTracker/CONFIG]: Config file pehkui-server.toml for pehkui tracking
[22May2025 19:33:28.294] [modloading-worker-0/DEBUG] [net.neoforged.fml.config.ConfigTracker/CONFIG]: Config file pehkui-common.toml for pehkui tracking
[22May2025 19:33:28.314] [modloading-worker-0/DEBUG] [net.neoforged.neoforge.internal.versions.neoforge.NeoForgeVersion/CORE]: Found NeoForge version 21.1.172
[22May2025 19:33:28.316] [modloading-worker-0/DEBUG] [net.neoforged.neoforge.internal.versions.neoforge.NeoForgeVersion/CORE]: Found FML version 4.0.39
[22May2025 19:33:28.316] [modloading-worker-0/INFO] [net.neoforged.neoforge.common.NeoForgeMod/NEOFORGE-MOD]: NeoForge mod loading, version 21.1.172, for MC 1.21.1
[22May2025 19:33:28.320] [modloading-worker-0/DEBUG] [net.neoforged.fml.javafmlmod.AutomaticEventSubscriber/LOADING]: Attempting to inject @EventBusSubscriber classes into the eventbus for jade
[22May2025 19:33:28.342] [modloading-worker-0/DEBUG] [net.neoforged.fml.javafmlmod.AutomaticEventSubscriber/LOADING]: Attempting to inject @EventBusSubscriber classes into the eventbus for enderio_armory
[22May2025 19:33:28.342] [modloading-worker-0/DEBUG] [net.neoforged.fml.javafmlmod.AutomaticEventSubscriber/LOADING]: Auto-subscribing com.enderio.armory.data.loot.ArmoryChestLoot to MOD
[22May2025 19:33:28.343] [modloading-worker-0/DEBUG] [mixin/]: Mixing client.SpriteAtlasTextureMixin from fabric-renderer-api-v1.mixins.json into net.minecraft.client.renderer.texture.TextureAtlas
[22May2025 19:33:28.343] [modloading-worker-0/DEBUG] [mixin/]: Mixing animation.MixinSpriteAtlasTexture from sodium-extra.mixins.json into net.minecraft.client.renderer.texture.TextureAtlas
[22May2025 19:33:28.344] [modloading-worker-0/DEBUG] [mixin/]: sodium-extra.mixins.json:animation.MixinSpriteAtlasTexture from mod sodium_extra: Class version 65 required is higher than the class version supported by the current version of Mixin (JAVA_17 supports class version 61)
[22May2025 19:33:28.344] [modloading-worker-0/DEBUG] [mixin/]: Renaming synthetic method lambda$new$5()Ljava/lang/Boolean; to md60ac39$sodium_extra$lambda$new$5$0 in sodium-extra.mixins.json:animation.MixinSpriteAtlasTexture from mod sodium_extra
[22May2025 19:33:28.344] [modloading-worker-0/DEBUG] [mixin/]: Renaming synthetic method lambda$new$4()Ljava/lang/Boolean; to md60ac39$sodium_extra$lambda$new$4$1 in sodium-extra.mixins.json:animation.MixinSpriteAtlasTexture from mod sodium_extra
[22May2025 19:33:28.344] [modloading-worker-0/DEBUG] [mixin/]: Renaming synthetic method lambda$new$3()Ljava/lang/Boolean; to md60ac39$sodium_extra$lambda$new$3$2 in sodium-extra.mixins.json:animation.MixinSpriteAtlasTexture from mod sodium_extra
[22May2025 19:33:28.344] [modloading-worker-0/DEBUG] [mixin/]: Renaming synthetic method lambda$new$2()Ljava/lang/Boolean; to md60ac39$sodium_extra$lambda$new$2$3 in sodium-extra.mixins.json:animation.MixinSpriteAtlasTexture from mod sodium_extra
[22May2025 19:33:28.344] [modloading-worker-0/DEBUG] [mixin/]: Renaming synthetic method lambda$new$1()Ljava/lang/Boolean; to md60ac39$sodium_extra$lambda$new$1$4 in sodium-extra.mixins.json:animation.MixinSpriteAtlasTexture from mod sodium_extra
[22May2025 19:33:28.344] [modloading-worker-0/DEBUG] [mixin/]: Renaming synthetic method lambda$new$0()Ljava/lang/Boolean; to md60ac39$sodium_extra$lambda$new$0$5 in sodium-extra.mixins.json:animation.MixinSpriteAtlasTexture from mod sodium_extra
[22May2025 19:33:28.346] [modloading-worker-0/DEBUG] [mixin/]: Mixing texture.TextureAtlasAccessor from mixins.iris.json into net.minecraft.client.renderer.texture.TextureAtlas
[22May2025 19:33:28.346] [modloading-worker-0/DEBUG] [mixin/]: mixins.iris.json:texture.TextureAtlasAccessor from mod iris: Class version 65 required is higher than the class version supported by the current version of Mixin (JAVA_8 supports class version 52)
[22May2025 19:33:28.346] [modloading-worker-0/DEBUG] [mixin/]: Mixing texture.pbr.MixinTextureAtlas from mixins.iris.json into net.minecraft.client.renderer.texture.TextureAtlas
[22May2025 19:33:28.346] [modloading-worker-0/DEBUG] [mixin/]: mixins.iris.json:texture.pbr.MixinTextureAtlas from mod iris: Class version 65 required is higher than the class version supported by the current version of Mixin (JAVA_8 supports class version 52)
[22May2025 19:33:28.346] [modloading-worker-0/DEBUG] [mixin/]: Mixing core.render.TextureAtlasMixin from sodium-common.mixins.json into net.minecraft.client.renderer.texture.TextureAtlas
[22May2025 19:33:28.346] [modloading-worker-0/DEBUG] [mixin/]: sodium-common.mixins.json:core.render.TextureAtlasMixin from mod sodium: Class version 65 required is higher than the class version supported by the current version of Mixin (JAVA_17 supports class version 61)
[22May2025 19:33:28.346] [modloading-worker-0/DEBUG] [mixin/]: Mixing core.render.texture.TextureAtlasAccessor from sodium-common.mixins.json into net.minecraft.client.renderer.texture.TextureAtlas
[22May2025 19:33:28.346] [modloading-worker-0/DEBUG] [mixin/]: sodium-common.mixins.json:core.render.texture.TextureAtlasAccessor from mod sodium: Class version 65 required is higher than the class version supported by the current version of Mixin (JAVA_17 supports class version 61)
[22May2025 19:33:28.346] [modloading-worker-0/DEBUG] [mixin/]: Mixing features.textures.animations.tracking.TextureAtlasMixin from sodium-common.mixins.json into net.minecraft.client.renderer.texture.TextureAtlas
[22May2025 19:33:28.346] [modloading-worker-0/DEBUG] [mixin/]: sodium-common.mixins.json:features.textures.animations.tracking.TextureAtlasMixin from mod sodium: Class version 65 required is higher than the class version supported by the current version of Mixin (JAVA_17 supports class version 61)
[22May2025 19:33:28.350] [modloading-worker-0/DEBUG] [mixin/]: fabric-renderer-api-v1.mixins.json:client.SpriteAtlasTextureMixin from mod fabric_renderer_api_v1->@Inject::uploadHook(Lnet/minecraft/client/renderer/texture/SpriteLoader$Preparations;Lorg/spongepowered/asm/mixin/injection/callback/CallbackInfo;)V doesn't use it's CallbackInfo
[22May2025 19:33:28.350] [modloading-worker-0/DEBUG] [mixin/]: fabric-renderer-api-v1.mixins.json:client.SpriteAtlasTextureMixin from mod fabric_renderer_api_v1->@Inject::uploadHook(Lnet/minecraft/client/renderer/texture/SpriteLoader$Preparations;Lorg/spongepowered/asm/mixin/injection/callback/CallbackInfo;)V has 0 override(s) in child classes
[22May2025 19:33:28.350] [modloading-worker-0/DEBUG] [mixin/]: fabric-renderer-api-v1.mixins.json:client.SpriteAtlasTextureMixin from mod fabric_renderer_api_v1->@Inject::uploadHook(Lnet/minecraft/client/renderer/texture/SpriteLoader$Preparations;Lorg/spongepowered/asm/mixin/injection/callback/CallbackInfo;)V won't be passed a CallbackInfo as a result
[22May2025 19:33:28.350] [modloading-worker-0/DEBUG] [mixin/]: mixins.iris.json:texture.pbr.MixinTextureAtlas from mod iris->@Inject::iris$onTailCycleAnimationFrames(Lorg/spongepowered/asm/mixin/injection/callback/CallbackInfo;)V doesn't use it's CallbackInfo
[22May2025 19:33:28.351] [modloading-worker-0/DEBUG] [mixin/]: mixins.iris.json:texture.pbr.MixinTextureAtlas from mod iris->@Inject::iris$onTailCycleAnimationFrames(Lorg/spongepowered/asm/mixin/injection/callback/CallbackInfo;)V has 0 override(s) in child classes
[22May2025 19:33:28.351] [modloading-worker-0/DEBUG] [mixin/]: mixins.iris.json:texture.pbr.MixinTextureAtlas from mod iris->@Inject::iris$onTailCycleAnimationFrames(Lorg/spongepowered/asm/mixin/injection/callback/CallbackInfo;)V won't be passed a CallbackInfo as a result
[22May2025 19:33:28.351] [modloading-worker-0/DEBUG] [mixin/]: sodium-common.mixins.json:core.render.TextureAtlasMixin from mod sodium->@Inject::sodium$deleteSpriteFinder(Lnet/minecraft/client/renderer/texture/SpriteLoader$Preparations;Lorg/spongepowered/asm/mixin/injection/callback/CallbackInfo;)V doesn't use it's CallbackInfo
[22May2025 19:33:28.351] [modloading-worker-0/DEBUG] [mixin/]: sodium-common.mixins.json:core.render.TextureAtlasMixin from mod sodium->@Inject::sodium$deleteSpriteFinder(Lnet/minecraft/client/renderer/texture/SpriteLoader$Preparations;Lorg/spongepowered/asm/mixin/injection/callback/CallbackInfo;)V has 0 override(s) in child classes
[22May2025 19:33:28.351] [modloading-worker-0/DEBUG] [mixin/]: sodium-common.mixins.json:core.render.TextureAtlasMixin from mod sodium->@Inject::sodium$deleteSpriteFinder(Lnet/minecraft/client/renderer/texture/SpriteLoader$Preparations;Lorg/spongepowered/asm/mixin/injection/callback/CallbackInfo;)V won't be passed a CallbackInfo as a result
[22May2025 19:33:28.351] [modloading-worker-0/DEBUG] [mixin/]: sodium-common.mixins.json:features.textures.animations.tracking.TextureAtlasMixin from mod sodium->@Inject::preReturnSprite(Lorg/spongepowered/asm/mixin/injection/callback/CallbackInfoReturnable;)V does use it's CallbackInfoReturnable
[22May2025 19:33:28.351] [modloading-worker-0/DEBUG] [mixin/]: Unexpected: Registered method getTexturesByName()Ljava/util/Map; in net.minecraft.client.renderer.texture.TextureAtlas was not merged
[22May2025 19:33:28.353] [modloading-worker-0/DEBUG] [net.neoforged.fml.config.ConfigTracker/CONFIG]: Config file neoforge-client.toml for neoforge tracking
[22May2025 19:33:28.353] [modloading-worker-0/DEBUG] [net.neoforged.fml.config.ConfigTracker/CONFIG]: Config file neoforge-server.toml for neoforge tracking
[22May2025 19:33:28.353] [modloading-worker-0/DEBUG] [net.neoforged.fml.config.ConfigTracker/CONFIG]: Config file neoforge-common.toml for neoforge tracking
[22May2025 19:33:28.357] [modloading-worker-0/DEBUG] [net.neoforged.fml.javafmlmod.AutomaticEventSubscriber/LOADING]: Auto-subscribing com.enderio.armory.common.item.darksteel.upgrades.explosive.ExplosiveUpgradeHandler to GAME
[22May2025 19:33:28.365] [modloading-worker-0/DEBUG] [net.neoforged.fml.javafmlmod.AutomaticEventSubscriber/LOADING]: Attempting to inject @EventBusSubscriber classes into the eventbus for pehkui
[22May2025 19:33:28.387] [modloading-worker-0/DEBUG] [mixin/]: Mixing features.render.immediate.matrix_stack.PoseStackMixin from sodium-common.mixins.json into com.mojang.blaze3d.vertex.PoseStack
[22May2025 19:33:28.387] [modloading-worker-0/DEBUG] [mixin/]: sodium-common.mixins.json:features.render.immediate.matrix_stack.PoseStackMixin from mod sodium: Class version 65 required is higher than the class version supported by the current version of Mixin (JAVA_17 supports class version 61)
[22May2025 19:33:28.389] [modloading-worker-0/DEBUG] [mezz.jei.common.platform.Services/]: Loaded mezz.jei.neoforge.platform.PlatformHelper@77012cf7 for service interface mezz.jei.common.platform.IPlatformHelper
[22May2025 19:33:28.399] [modloading-worker-0/DEBUG] [net.neoforged.fml.javafmlmod.AutomaticEventSubscriber/LOADING]: Auto-subscribing com.enderio.armory.EnderIOArmory to MOD
[22May2025 19:33:28.405] [modloading-worker-0/DEBUG] [net.neoforged.fml.javafmlmod.AutomaticEventSubscriber/LOADING]: Attempting to inject @EventBusSubscriber classes into the eventbus for enderio_conduits_modded
[22May2025 19:33:28.407] [modloading-worker-0/DEBUG] [net.neoforged.fml.javafmlmod.AutomaticEventSubscriber/LOADING]: Auto-subscribing com.enderio.modconduits.ModdedConduits to MOD
[22May2025 19:33:28.414] [modloading-worker-0/DEBUG] [net.neoforged.fml.config.ConfigTracker/CONFIG]: Config file titanium/titanium.toml for titanium tracking
[22May2025 19:33:28.430] [modloading-worker-0/DEBUG] [mixin/]: Mixing CompositeStateAccessor from iris-batched-entity-rendering.mixins.json into net.minecraft.client.renderer.RenderType$CompositeState
[22May2025 19:33:28.430] [modloading-worker-0/DEBUG] [mixin/]: iris-batched-entity-rendering.mixins.json:CompositeStateAccessor from mod iris: Class version 65 required is higher than the class version supported by the current version of Mixin (JAVA_8 supports class version 52)
[22May2025 19:33:28.457] [modloading-worker-0/DEBUG] [mixin/]: Mixing features.render.frapi.ItemRendererMixin from sodium-common.mixins.json into net.minecraft.client.renderer.entity.ItemRenderer
[22May2025 19:33:28.457] [modloading-worker-0/DEBUG] [mixin/]: sodium-common.mixins.json:features.render.frapi.ItemRendererMixin from mod sodium: Class version 65 required is higher than the class version supported by the current version of Mixin (JAVA_17 supports class version 61)
[22May2025 19:33:28.457] [modloading-worker-0/DEBUG] [mixin/]: Renaming synthetic method lambda$new$0()Lnet/caffeinemc/mods/sodium/client/render/frapi/render/ItemRenderContext; to md60ac39$sodium$lambda$new$0$0 in sodium-common.mixins.json:features.render.frapi.ItemRendererMixin from mod sodium
[22May2025 19:33:28.458] [modloading-worker-0/DEBUG] [mixin/]: Mixing features.render.frapi.ItemRendererAccessor from sodium-common.mixins.json into net.minecraft.client.renderer.entity.ItemRenderer
[22May2025 19:33:28.458] [modloading-worker-0/DEBUG] [mixin/]: sodium-common.mixins.json:features.render.frapi.ItemRendererAccessor from mod sodium: Class version 65 required is higher than the class version supported by the current version of Mixin (JAVA_17 supports class version 61)
[22May2025 19:33:28.458] [modloading-worker-0/DEBUG] [mixin/]: Renaming @Invoker method sodium$hasAnimatedTexture(Lnet/minecraft/world/item/ItemStack;)Z to hasAnimatedTexture$sodium_$md$60ac39$1 in sodium-common.mixins.json:features.render.frapi.ItemRendererAccessor from mod sodium
[22May2025 19:33:28.459] [modloading-worker-0/DEBUG] [mixin/]: Mixing features.render.model.item.ItemRendererMixin from sodium-common.mixins.json into net.minecraft.client.renderer.entity.ItemRenderer
[22May2025 19:33:28.459] [modloading-worker-0/DEBUG] [mixin/]: sodium-common.mixins.json:features.render.model.item.ItemRendererMixin from mod sodium: Class version 65 required is higher than the class version supported by the current version of Mixin (JAVA_17 supports class version 61)
[22May2025 19:33:28.461] [modloading-worker-0/DEBUG] [mixin/]: Mixing client.compat1194plus.ItemRendererMixin from pehkui.mixins.json into net.minecraft.client.renderer.entity.ItemRenderer
[22May2025 19:33:28.461] [modloading-worker-0/DEBUG] [mixin/]: pehkui.mixins.json:client.compat1194plus.ItemRendererMixin from mod pehkui: Class version 65 required is higher than the class version supported by the current version of Mixin (JAVA_17 supports class version 61)
[22May2025 19:33:28.461] [modloading-worker-0/DEBUG] [mixin/]: Mixing entity_render_context.MixinItemRenderer from mixins.iris.json into net.minecraft.client.renderer.entity.ItemRenderer
[22May2025 19:33:28.461] [modloading-worker-0/DEBUG] [mixin/]: mixins.iris.json:entity_render_context.MixinItemRenderer from mod iris: Class version 65 required is higher than the class version supported by the current version of Mixin (JAVA_8 supports class version 52)
[22May2025 19:33:28.466] [modloading-worker-0/DEBUG] [mixin/]: sodium-common.mixins.json:features.render.frapi.ItemRendererMixin from mod sodium->@Inject::beforeRenderItem(Lnet/minecraft/world/item/ItemStack;Lnet/minecraft/world/item/ItemDisplayContext;ZLcom/mojang/blaze3d/vertex/PoseStack;Lnet/minecraft/client/renderer/MultiBufferSource;IILnet/minecraft/client/resources/model/BakedModel;Lorg/spongepowered/asm/mixin/injection/callback/CallbackInfo;)V does use it's CallbackInfo
[22May2025 19:33:28.466] [modloading-worker-0/DEBUG] [mixin/]: sodium-common.mixins.json:features.render.model.item.ItemRendererMixin from mod sodium->@Inject::renderModelFast(Lnet/minecraft/client/resources/model/BakedModel;Lnet/minecraft/world/item/ItemStack;IILcom/mojang/blaze3d/vertex/PoseStack;Lcom/mojang/blaze3d/vertex/VertexConsumer;Lorg/spongepowered/asm/mixin/injection/callback/CallbackInfo;)V does use it's CallbackInfo
[22May2025 19:33:28.466] [modloading-worker-0/DEBUG] [mixin/]: pehkui.mixins.json:client.compat1194plus.ItemRendererMixin from mod pehkui->@Inject::pehkui$renderItem$head(Lnet/minecraft/world/entity/LivingEntity;Lnet/minecraft/world/item/ItemStack;Ljava/lang/Object;ZLcom/mojang/blaze3d/vertex/PoseStack;Lnet/minecraft/client/renderer/MultiBufferSource;Lnet/minecraft/world/level/Level;IIILorg/spongepowered/asm/mixin/injection/callback/CallbackInfo;)V doesn't use it's CallbackInfo
[22May2025 19:33:28.466] [modloading-worker-0/DEBUG] [mixin/]: pehkui.mixins.json:client.compat1194plus.ItemRendererMixin from mod pehkui->@Inject::pehkui$renderItem$head(Lnet/minecraft/world/entity/LivingEntity;Lnet/minecraft/world/item/ItemStack;Ljava/lang/Object;ZLcom/mojang/blaze3d/vertex/PoseStack;Lnet/minecraft/client/renderer/MultiBufferSource;Lnet/minecraft/world/level/Level;IIILorg/spongepowered/asm/mixin/injection/callback/CallbackInfo;)V has 0 override(s) in child classes
[22May2025 19:33:28.466] [modloading-worker-0/DEBUG] [mixin/]: pehkui.mixins.json:client.compat1194plus.ItemRendererMixin from mod pehkui->@Inject::pehkui$renderItem$head(Lnet/minecraft/world/entity/LivingEntity;Lnet/minecraft/world/item/ItemStack;Ljava/lang/Object;ZLcom/mojang/blaze3d/vertex/PoseStack;Lnet/minecraft/client/renderer/MultiBufferSource;Lnet/minecraft/world/level/Level;IIILorg/spongepowered/asm/mixin/injection/callback/CallbackInfo;)V won't be passed a CallbackInfo as a result
[22May2025 19:33:28.466] [modloading-worker-0/DEBUG] [mixin/]: pehkui.mixins.json:client.compat1194plus.ItemRendererMixin from mod pehkui->@Inject::pehkui$renderItem$return(Lnet/minecraft/world/entity/LivingEntity;Lnet/minecraft/world/item/ItemStack;Ljava/lang/Object;ZLcom/mojang/blaze3d/vertex/PoseStack;Lnet/minecraft/client/renderer/MultiBufferSource;Lnet/minecraft/world/level/Level;IIILorg/spongepowered/asm/mixin/injection/callback/CallbackInfo;)V doesn't use it's CallbackInfo
[22May2025 19:33:28.466] [modloading-worker-0/DEBUG] [mixin/]: pehkui.mixins.json:client.compat1194plus.ItemRendererMixin from mod pehkui->@Inject::pehkui$renderItem$return(Lnet/minecraft/world/entity/LivingEntity;Lnet/minecraft/world/item/ItemStack;Ljava/lang/Object;ZLcom/mojang/blaze3d/vertex/PoseStack;Lnet/minecraft/client/renderer/MultiBufferSource;Lnet/minecraft/world/level/Level;IIILorg/spongepowered/asm/mixin/injection/callback/CallbackInfo;)V has 0 override(s) in child classes
[22May2025 19:33:28.466] [modloading-worker-0/DEBUG] [mixin/]: pehkui.mixins.json:client.compat1194plus.ItemRendererMixin from mod pehkui->@Inject::pehkui$renderItem$return(Lnet/minecraft/world/entity/LivingEntity;Lnet/minecraft/world/item/ItemStack;Ljava/lang/Object;ZLcom/mojang/blaze3d/vertex/PoseStack;Lnet/minecraft/client/renderer/MultiBufferSource;Lnet/minecraft/world/level/Level;IIILorg/spongepowered/asm/mixin/injection/callback/CallbackInfo;)V won't be passed a CallbackInfo as a result
[22May2025 19:33:28.466] [modloading-worker-0/DEBUG] [mixin/]: mixins.iris.json:entity_render_context.MixinItemRenderer from mod iris->@Inject::changeId(Lnet/minecraft/world/item/ItemStack;Lnet/minecraft/world/item/ItemDisplayContext;ZLcom/mojang/blaze3d/vertex/PoseStack;Lnet/minecraft/client/renderer/MultiBufferSource;IILnet/minecraft/client/resources/model/BakedModel;Lorg/spongepowered/asm/mixin/injection/callback/CallbackInfo;)V doesn't use it's CallbackInfo
[22May2025 19:33:28.466] [modloading-worker-0/DEBUG] [mixin/]: mixins.iris.json:entity_render_context.MixinItemRenderer from mod iris->@Inject::changeId(Lnet/minecraft/world/item/ItemStack;Lnet/minecraft/world/item/ItemDisplayContext;ZLcom/mojang/blaze3d/vertex/PoseStack;Lnet/minecraft/client/renderer/MultiBufferSource;IILnet/minecraft/client/resources/model/BakedModel;Lorg/spongepowered/asm/mixin/injection/callback/CallbackInfo;)V has 0 override(s) in child classes
[22May2025 19:33:28.466] [modloading-worker-0/DEBUG] [mixin/]: mixins.iris.json:entity_render_context.MixinItemRenderer from mod iris->@Inject::changeId(Lnet/minecraft/world/item/ItemStack;Lnet/minecraft/world/item/ItemDisplayContext;ZLcom/mojang/blaze3d/vertex/PoseStack;Lnet/minecraft/client/renderer/MultiBufferSource;IILnet/minecraft/client/resources/model/BakedModel;Lorg/spongepowered/asm/mixin/injection/callback/CallbackInfo;)V won't be passed a CallbackInfo as a result
[22May2025 19:33:28.466] [modloading-worker-0/DEBUG] [mixin/]: mixins.iris.json:entity_render_context.MixinItemRenderer from mod iris->@Inject::changeId3(Lorg/spongepowered/asm/mixin/injection/callback/CallbackInfo;)V doesn't use it's CallbackInfo
[22May2025 19:33:28.466] [modloading-worker-0/DEBUG] [mixin/]: mixins.iris.json:entity_render_context.MixinItemRenderer from mod iris->@Inject::changeId3(Lorg/spongepowered/asm/mixin/injection/callback/CallbackInfo;)V has 0 override(s) in child classes
[22May2025 19:33:28.466] [modloading-worker-0/DEBUG] [mixin/]: mixins.iris.json:entity_render_context.MixinItemRenderer from mod iris->@Inject::changeId3(Lorg/spongepowered/asm/mixin/injection/callback/CallbackInfo;)V won't be passed a CallbackInfo as a result
[22May2025 19:33:28.470] [modloading-worker-0/DEBUG] [net.neoforged.fml.config.ConfigTracker/CONFIG]: Loaded TOML config file D:\Modding\Simple Incubator\run\config\titanium\titanium.toml
[22May2025 19:33:28.487] [modloading-worker-0/DEBUG] [mixin/]: Mixing MixinTheEndPortalRenderer from mixins.iris.json into net.minecraft.client.renderer.blockentity.TheEndPortalRenderer
[22May2025 19:33:28.487] [modloading-worker-0/DEBUG] [mixin/]: mixins.iris.json:MixinTheEndPortalRenderer from mod iris: Class version 65 required is higher than the class version supported by the current version of Mixin (JAVA_8 supports class version 52)
[22May2025 19:33:28.491] [modloading-worker-0/DEBUG] [mixin/]: mixins.iris.json:MixinTheEndPortalRenderer from mod iris->@Inject::iris$onRender(Lnet/minecraft/world/level/block/entity/TheEndPortalBlockEntity;FLcom/mojang/blaze3d/vertex/PoseStack;Lnet/minecraft/client/renderer/MultiBufferSource;IILorg/spongepowered/asm/mixin/injection/callback/CallbackInfo;)V does use it's CallbackInfo
[22May2025 19:33:28.497] [modloading-worker-0/DEBUG] [net.neoforged.fml.config.ConfigTracker/CONFIG]: Watching TOML config file D:\Modding\Simple Incubator\run\config\titanium\titanium.toml for changes
[22May2025 19:33:28.499] [modloading-worker-0/DEBUG] [net.neoforged.fml.config.ConfigTracker/CONFIG]: Config file titanium/titanium-tags.toml for titanium tracking
[22May2025 19:33:28.505] [modloading-worker-0/DEBUG] [mixin/]: Mixing immediate.MixinLevelRenderer from mixins.iris.vertexformat.json into net.minecraft.client.renderer.LevelRenderer
[22May2025 19:33:28.505] [modloading-worker-0/DEBUG] [mixin/]: mixins.iris.vertexformat.json:immediate.MixinLevelRenderer from mod iris: Class version 65 required is higher than the class version supported by the current version of Mixin (JAVA_8 supports class version 52)
[22May2025 19:33:28.506] [modloading-worker-0/DEBUG] [mixin/]: Mixing MixinLevelRenderer from iris-batched-entity-rendering.mixins.json into net.minecraft.client.renderer.LevelRenderer
[22May2025 19:33:28.506] [modloading-worker-0/DEBUG] [mixin/]: iris-batched-entity-rendering.mixins.json:MixinLevelRenderer from mod iris: Class version 65 required is higher than the class version supported by the current version of Mixin (JAVA_8 supports class version 52)
[22May2025 19:33:28.507] [modloading-worker-0/DEBUG] [mixin/]: Mixing MixinLevelRenderer_EntityListSorting from iris-batched-entity-rendering.mixins.json into net.minecraft.client.renderer.LevelRenderer
[22May2025 19:33:28.507] [modloading-worker-0/DEBUG] [mixin/]: iris-batched-entity-rendering.mixins.json:MixinLevelRenderer_EntityListSorting from mod iris: Class version 65 required is higher than the class version supported by the current version of Mixin (JAVA_8 supports class version 52)
[22May2025 19:33:28.507] [modloading-worker-0/DEBUG] [mixin/]: Renaming synthetic method lambda$batchedentityrendering$sortEntityList$1(Ljava/util/Map;Lnet/minecraft/world/entity/Entity;)V to md60ac39$iris$lambda$batchedentityrendering$sortEntityList$1$0 in iris-batched-entity-rendering.mixins.json:MixinLevelRenderer_EntityListSorting from mod iris
[22May2025 19:33:28.507] [modloading-worker-0/DEBUG] [mixin/]: Renaming synthetic method lambda$batchedentityrendering$sortEntityList$0(Lnet/minecraft/world/entity/EntityType;)Ljava/util/List; to md60ac39$iris$lambda$batchedentityrendering$sortEntityList$0$1 in iris-batched-entity-rendering.mixins.json:MixinLevelRenderer_EntityListSorting from mod iris
[22May2025 19:33:28.508] [modloading-worker-0/DEBUG] [mixin/]: Mixing optimizations.beacon_beam_rendering.LevelRendererAccessor from sodium-extra.mixins.json into net.minecraft.client.renderer.LevelRenderer
[22May2025 19:33:28.508] [modloading-worker-0/DEBUG] [mixin/]: sodium-extra.mixins.json:optimizations.beacon_beam_rendering.LevelRendererAccessor from mod sodium_extra: Class version 65 required is higher than the class version supported by the current version of Mixin (JAVA_17 supports class version 61)
[22May2025 19:33:28.508] [modloading-worker-0/DEBUG] [mixin/]: Mixing particle.MixinLevelRenderer from sodium-extra.mixins.json into net.minecraft.client.renderer.LevelRenderer
[22May2025 19:33:28.508] [modloading-worker-0/DEBUG] [mixin/]: sodium-extra.mixins.json:particle.MixinLevelRenderer from mod sodium_extra: Class version 65 required is higher than the class version supported by the current version of Mixin (JAVA_17 supports class version 61)
[22May2025 19:33:28.508] [modloading-worker-0/DEBUG] [mixin/]: Mixing sky.MixinLevelRenderer from sodium-extra.mixins.json into net.minecraft.client.renderer.LevelRenderer
[22May2025 19:33:28.509] [modloading-worker-0/DEBUG] [mixin/]: sodium-extra.mixins.json:sky.MixinLevelRenderer from mod sodium_extra: Class version 65 required is higher than the class version supported by the current version of Mixin (JAVA_17 supports class version 61)
[22May2025 19:33:28.509] [modloading-worker-0/DEBUG] [mixin/]: Mixing stars.MixinLevelRenderer from sodium-extra.mixins.json into net.minecraft.client.renderer.LevelRenderer
[22May2025 19:33:28.509] [modloading-worker-0/DEBUG] [mixin/]: sodium-extra.mixins.json:stars.MixinLevelRenderer from mod sodium_extra: Class version 65 required is higher than the class version supported by the current version of Mixin (JAVA_17 supports class version 61)
[22May2025 19:33:28.509] [modloading-worker-0/DEBUG] [mixin/]: Mixing sun_moon.MixinLevelRenderer from sodium-extra.mixins.json into net.minecraft.client.renderer.LevelRenderer
[22May2025 19:33:28.509] [modloading-worker-0/DEBUG] [mixin/]: sodium-extra.mixins.json:sun_moon.MixinLevelRenderer from mod sodium_extra: Class version 65 required is higher than the class version supported by the current version of Mixin (JAVA_17 supports class version 61)
[22May2025 19:33:28.509] [modloading-worker-0/DEBUG] [mixin/]: Mixing client.LevelRendererMixin from geckolib.mixins.json into net.minecraft.client.renderer.LevelRenderer
[22May2025 19:33:28.509] [modloading-worker-0/DEBUG] [mixin/]: geckolib.mixins.json:client.LevelRendererMixin from mod geckolib: Class version 65 required is higher than the class version supported by the current version of Mixin (JAVA_17 supports class version 61)
[22May2025 19:33:28.510] [modloading-worker-0/DEBUG] [mixin/]: Renaming synthetic method lambda$geckolib$captureRenderedEntities$0(I)D to md60ac39$geckolib$lambda$geckolib$captureRenderedEntities$0$2 in geckolib.mixins.json:client.LevelRendererMixin from mod geckolib
[22May2025 19:33:28.510] [modloading-worker-0/DEBUG] [mixin/]: Mixing firstPerson.LevelRendererMixin from playerAnimator-common.mixins.json into net.minecraft.client.renderer.LevelRenderer
[22May2025 19:33:28.511] [modloading-worker-0/DEBUG] [mixin/]: Mixing client.compat115plus.WorldRendererMixin from pehkui.mixins.json into net.minecraft.client.renderer.LevelRenderer
[22May2025 19:33:28.511] [modloading-worker-0/DEBUG] [mixin/]: pehkui.mixins.json:client.compat115plus.WorldRendererMixin from mod pehkui: Class version 65 required is higher than the class version supported by the current version of Mixin (JAVA_17 supports class version 61)
[22May2025 19:33:28.511] [modloading-worker-0/DEBUG] [mixin/]: Mixing LevelRendererAccessor from mixins.iris.json into net.minecraft.client.renderer.LevelRenderer
[22May2025 19:33:28.511] [modloading-worker-0/DEBUG] [mixin/]: mixins.iris.json:LevelRendererAccessor from mod iris: Class version 65 required is higher than the class version supported by the current version of Mixin (JAVA_8 supports class version 52)
[22May2025 19:33:28.511] [modloading-worker-0/DEBUG] [mixin/]: Mixing MixinLevelRenderer from mixins.iris.json into net.minecraft.client.renderer.LevelRenderer
[22May2025 19:33:28.511] [modloading-worker-0/DEBUG] [mixin/]: mixins.iris.json:MixinLevelRenderer from mod iris: Class version 65 required is higher than the class version supported by the current version of Mixin (JAVA_8 supports class version 52)
[22May2025 19:33:28.512] [modloading-worker-0/DEBUG] [mixin/]: Renaming synthetic method lambda$iris$endLevelRender$0(Lnet/irisshaders/iris/UpdateChecker$BetaInfo;)V to md60ac39$iris$lambda$iris$endLevelRender$0$3 in mixins.iris.json:MixinLevelRenderer from mod iris
[22May2025 19:33:28.515] [modloading-worker-0/DEBUG] [mixin/]: Mixing MixinLevelRenderer_SkipRendering from mixins.iris.json into net.minecraft.client.renderer.LevelRenderer
[22May2025 19:33:28.515] [modloading-worker-0/DEBUG] [mixin/]: mixins.iris.json:MixinLevelRenderer_SkipRendering from mod iris: Class version 65 required is higher than the class version supported by the current version of Mixin (JAVA_8 supports class version 52)
[22May2025 19:33:28.519] [modloading-worker-0/DEBUG] [mixin/]: Mixing MixinLevelRenderer_Sky from mixins.iris.json into net.minecraft.client.renderer.LevelRenderer
[22May2025 19:33:28.519] [modloading-worker-0/DEBUG] [mixin/]: mixins.iris.json:MixinLevelRenderer_Sky from mod iris: Class version 65 required is higher than the class version supported by the current version of Mixin (JAVA_8 supports class version 52)
[22May2025 19:33:28.520] [modloading-worker-0/DEBUG] [mixin/]: Mixing fabulous.MixinDisableFabulousGraphics from mixins.iris.json into net.minecraft.client.renderer.LevelRenderer
[22May2025 19:33:28.520] [modloading-worker-0/DEBUG] [mixin/]: mixins.iris.json:fabulous.MixinDisableFabulousGraphics from mod iris: Class version 65 required is higher than the class version supported by the current version of Mixin (JAVA_8 supports class version 52)
[22May2025 19:33:28.520] [modloading-worker-0/DEBUG] [mixin/]: Mixing shadows.MixinLevelRenderer from mixins.iris.json into net.minecraft.client.renderer.LevelRenderer
[22May2025 19:33:28.520] [modloading-worker-0/DEBUG] [mixin/]: mixins.iris.json:shadows.MixinLevelRenderer from mod iris: Class version 65 required is higher than the class version supported by the current version of Mixin (JAVA_8 supports class version 52)
[22May2025 19:33:28.521] [modloading-worker-0/DEBUG] [mixin/]: Mixing sky.MixinLevelRenderer_SunMoonToggle from mixins.iris.json into net.minecraft.client.renderer.LevelRenderer
[22May2025 19:33:28.521] [modloading-worker-0/DEBUG] [mixin/]: mixins.iris.json:sky.MixinLevelRenderer_SunMoonToggle from mod iris: Class version 65 required is higher than the class version supported by the current version of Mixin (JAVA_8 supports class version 52)
[22May2025 19:33:28.523] [modloading-worker-0/DEBUG] [mixin/]: Mixing core.render.world.LevelRendererMixin from sodium-common.mixins.json into net.minecraft.client.renderer.LevelRenderer
[22May2025 19:33:28.523] [modloading-worker-0/DEBUG] [mixin/]: sodium-common.mixins.json:core.render.world.LevelRendererMixin from mod sodium: Class version 65 required is higher than the class version supported by the current version of Mixin (JAVA_17 supports class version 61)
[22May2025 19:33:28.524] [modloading-worker-0/DEBUG] [mixin/]: Mixing features.options.weather.LevelRendererMixin from sodium-common.mixins.json into net.minecraft.client.renderer.LevelRenderer
[22May2025 19:33:28.525] [modloading-worker-0/DEBUG] [mixin/]: sodium-common.mixins.json:features.options.weather.LevelRendererMixin from mod sodium: Class version 65 required is higher than the class version supported by the current version of Mixin (JAVA_17 supports class version 61)
[22May2025 19:33:28.525] [modloading-worker-0/DEBUG] [mixin/]: Mixing features.render.gui.outlines.LevelRendererMixin from sodium-common.mixins.json into net.minecraft.client.renderer.LevelRenderer
[22May2025 19:33:28.525] [modloading-worker-0/DEBUG] [mixin/]: sodium-common.mixins.json:features.render.gui.outlines.LevelRendererMixin from mod sodium: Class version 65 required is higher than the class version supported by the current version of Mixin (JAVA_17 supports class version 61)
[22May2025 19:33:28.530] [modloading-worker-0/DEBUG] [mixin/]: Mixing features.render.world.clouds.LevelRendererMixin from sodium-common.mixins.json into net.minecraft.client.renderer.LevelRenderer
[22May2025 19:33:28.530] [modloading-worker-0/DEBUG] [mixin/]: sodium-common.mixins.json:features.render.world.clouds.LevelRendererMixin from mod sodium: Class version 65 required is higher than the class version supported by the current version of Mixin (JAVA_17 supports class version 61)
[22May2025 19:33:28.531] [modloading-worker-0/DEBUG] [mixin/]: Mixing shadows.MixinPreventRebuildNearInShadowPass from mixins.iris.json into net.minecraft.client.renderer.LevelRenderer
[22May2025 19:33:28.531] [modloading-worker-0/DEBUG] [mixin/]: mixins.iris.json:shadows.MixinPreventRebuildNearInShadowPass from mod iris: Class version 65 required is higher than the class version supported by the current version of Mixin (JAVA_8 supports class version 52)
[22May2025 19:33:28.599] [modloading-worker-0/DEBUG] [mixin/]: mixins.iris.vertexformat.json:immediate.MixinLevelRenderer from mod iris->@Inject::iris$immediateStateBeginLevelRender(Lnet/minecraft/client/DeltaTracker;ZLnet/minecraft/client/Camera;Lnet/minecraft/client/renderer/GameRenderer;Lnet/minecraft/client/renderer/LightTexture;Lorg/joml/Matrix4f;Lorg/joml/Matrix4f;Lorg/spongepowered/asm/mixin/injection/callback/CallbackInfo;)V doesn't use it's CallbackInfo
[22May2025 19:33:28.599] [modloading-worker-0/DEBUG] [mixin/]: mixins.iris.vertexformat.json:immediate.MixinLevelRenderer from mod iris->@Inject::iris$immediateStateBeginLevelRender(Lnet/minecraft/client/DeltaTracker;ZLnet/minecraft/client/Camera;Lnet/minecraft/client/renderer/GameRenderer;Lnet/minecraft/client/renderer/LightTexture;Lorg/joml/Matrix4f;Lorg/joml/Matrix4f;Lorg/spongepowered/asm/mixin/injection/callback/CallbackInfo;)V has 0 override(s) in child classes
[22May2025 19:33:28.599] [modloading-worker-0/DEBUG] [mixin/]: mixins.iris.vertexformat.json:immediate.MixinLevelRenderer from mod iris->@Inject::iris$immediateStateBeginLevelRender(Lnet/minecraft/client/DeltaTracker;ZLnet/minecraft/client/Camera;Lnet/minecraft/client/renderer/GameRenderer;Lnet/minecraft/client/renderer/LightTexture;Lorg/joml/Matrix4f;Lorg/joml/Matrix4f;Lorg/spongepowered/asm/mixin/injection/callback/CallbackInfo;)V won't be passed a CallbackInfo as a result
[22May2025 19:33:28.600] [modloading-worker-0/DEBUG] [mixin/]: mixins.iris.vertexformat.json:immediate.MixinLevelRenderer from mod iris->@Inject::iris$immediateStateEndLevelRender(Lnet/minecraft/client/DeltaTracker;ZLnet/minecraft/client/Camera;Lnet/minecraft/client/renderer/GameRenderer;Lnet/minecraft/client/renderer/LightTexture;Lorg/joml/Matrix4f;Lorg/joml/Matrix4f;Lorg/spongepowered/asm/mixin/injection/callback/CallbackInfo;)V doesn't use it's CallbackInfo
[22May2025 19:33:28.600] [modloading-worker-0/DEBUG] [mixin/]: mixins.iris.vertexformat.json:immediate.MixinLevelRenderer from mod iris->@Inject::iris$immediateStateEndLevelRender(Lnet/minecraft/client/DeltaTracker;ZLnet/minecraft/client/Camera;Lnet/minecraft/client/renderer/GameRenderer;Lnet/minecraft/client/renderer/LightTexture;Lorg/joml/Matrix4f;Lorg/joml/Matrix4f;Lorg/spongepowered/asm/mixin/injection/callback/CallbackInfo;)V has 0 override(s) in child classes
[22May2025 19:33:28.600] [modloading-worker-0/DEBUG] [mixin/]: mixins.iris.vertexformat.json:immediate.MixinLevelRenderer from mod iris->@Inject::iris$immediateStateEndLevelRender(Lnet/minecraft/client/DeltaTracker;ZLnet/minecraft/client/Camera;Lnet/minecraft/client/renderer/GameRenderer;Lnet/minecraft/client/renderer/LightTexture;Lorg/joml/Matrix4f;Lorg/joml/Matrix4f;Lorg/spongepowered/asm/mixin/injection/callback/CallbackInfo;)V won't be passed a CallbackInfo as a result
[22May2025 19:33:28.600] [modloading-worker-0/DEBUG] [mixin/]: iris-batched-entity-rendering.mixins.json:MixinLevelRenderer from mod iris->@Inject::batchedentityrendering$beginLevelRender(Lnet/minecraft/client/DeltaTracker;ZLnet/minecraft/client/Camera;Lnet/minecraft/client/renderer/GameRenderer;Lnet/minecraft/client/renderer/LightTexture;Lorg/joml/Matrix4f;Lorg/joml/Matrix4f;Lorg/spongepowered/asm/mixin/injection/callback/CallbackInfo;)V doesn't use it's CallbackInfo
[22May2025 19:33:28.600] [modloading-worker-0/DEBUG] [mixin/]: iris-batched-entity-rendering.mixins.json:MixinLevelRenderer from mod iris->@Inject::batchedentityrendering$beginLevelRender(Lnet/minecraft/client/DeltaTracker;ZLnet/minecraft/client/Camera;Lnet/minecraft/client/renderer/GameRenderer;Lnet/minecraft/client/renderer/LightTexture;Lorg/joml/Matrix4f;Lorg/joml/Matrix4f;Lorg/spongepowered/asm/mixin/injection/callback/CallbackInfo;)V has 0 override(s) in child classes
[22May2025 19:33:28.600] [modloading-worker-0/DEBUG] [mixin/]: iris-batched-entity-rendering.mixins.json:MixinLevelRenderer from mod iris->@Inject::batchedentityrendering$beginLevelRender(Lnet/minecraft/client/DeltaTracker;ZLnet/minecraft/client/Camera;Lnet/minecraft/client/renderer/GameRenderer;Lnet/minecraft/client/renderer/LightTexture;Lorg/joml/Matrix4f;Lorg/joml/Matrix4f;Lorg/spongepowered/asm/mixin/injection/callback/CallbackInfo;)V won't be passed a CallbackInfo as a result
[22May2025 19:33:28.600] [modloading-worker-0/DEBUG] [mixin/]: iris-batched-entity-rendering.mixins.json:MixinLevelRenderer from mod iris->@Inject::batchedentityrendering$preRenderEntity(Lnet/minecraft/client/DeltaTracker;ZLnet/minecraft/client/Camera;Lnet/minecraft/client/renderer/GameRenderer;Lnet/minecraft/client/renderer/LightTexture;Lorg/joml/Matrix4f;Lorg/joml/Matrix4f;Lorg/spongepowered/asm/mixin/injection/callback/CallbackInfo;)V doesn't use it's CallbackInfo
[22May2025 19:33:28.600] [modloading-worker-0/DEBUG] [mixin/]: iris-batched-entity-rendering.mixins.json:MixinLevelRenderer from mod iris->@Inject::batchedentityrendering$preRenderEntity(Lnet/minecraft/client/DeltaTracker;ZLnet/minecraft/client/Camera;Lnet/minecraft/client/renderer/GameRenderer;Lnet/minecraft/client/renderer/LightTexture;Lorg/joml/Matrix4f;Lorg/joml/Matrix4f;Lorg/spongepowered/asm/mixin/injection/callback/CallbackInfo;)V has 0 override(s) in child classes
[22May2025 19:33:28.600] [modloading-worker-0/DEBUG] [mixin/]: iris-batched-entity-rendering.mixins.json:MixinLevelRenderer from mod iris->@Inject::batchedentityrendering$preRenderEntity(Lnet/minecraft/client/DeltaTracker;ZLnet/minecraft/client/Camera;Lnet/minecraft/client/renderer/GameRenderer;Lnet/minecraft/client/renderer/LightTexture;Lorg/joml/Matrix4f;Lorg/joml/Matrix4f;Lorg/spongepowered/asm/mixin/injection/callback/CallbackInfo;)V won't be passed a CallbackInfo as a result
[22May2025 19:33:28.600] [modloading-worker-0/DEBUG] [mixin/]: iris-batched-entity-rendering.mixins.json:MixinLevelRenderer from mod iris->@Inject::batchedentityrendering$postRenderEntity(Lnet/minecraft/client/DeltaTracker;ZLnet/minecraft/client/Camera;Lnet/minecraft/client/renderer/GameRenderer;Lnet/minecraft/client/renderer/LightTexture;Lorg/joml/Matrix4f;Lorg/joml/Matrix4f;Lorg/spongepowered/asm/mixin/injection/callback/CallbackInfo;)V doesn't use it's CallbackInfo
[22May2025 19:33:28.600] [modloading-worker-0/DEBUG] [mixin/]: iris-batched-entity-rendering.mixins.json:MixinLevelRenderer from mod iris->@Inject::batchedentityrendering$postRenderEntity(Lnet/minecraft/client/DeltaTracker;ZLnet/minecraft/client/Camera;Lnet/minecraft/client/renderer/GameRenderer;Lnet/minecraft/client/renderer/LightTexture;Lorg/joml/Matrix4f;Lorg/joml/Matrix4f;Lorg/spongepowered/asm/mixin/injection/callback/CallbackInfo;)V has 0 override(s) in child classes
[22May2025 19:33:28.600] [modloading-worker-0/DEBUG] [mixin/]: iris-batched-entity-rendering.mixins.json:MixinLevelRenderer from mod iris->@Inject::batchedentityrendering$postRenderEntity(Lnet/minecraft/client/DeltaTracker;ZLnet/minecraft/client/Camera;Lnet/minecraft/client/renderer/GameRenderer;Lnet/minecraft/client/renderer/LightTexture;Lorg/joml/Matrix4f;Lorg/joml/Matrix4f;Lorg/spongepowered/asm/mixin/injection/callback/CallbackInfo;)V won't be passed a CallbackInfo as a result
[22May2025 19:33:28.600] [modloading-worker-0/DEBUG] [mixin/]: iris-batched-entity-rendering.mixins.json:MixinLevelRenderer from mod iris->@Inject::batchedentityrendering$beginTranslucents(Lnet/minecraft/client/DeltaTracker;ZLnet/minecraft/client/Camera;Lnet/minecraft/client/renderer/GameRenderer;Lnet/minecraft/client/renderer/LightTexture;Lorg/joml/Matrix4f;Lorg/joml/Matrix4f;Lorg/spongepowered/asm/mixin/injection/callback/CallbackInfo;)V doesn't use it's CallbackInfo
[22May2025 19:33:28.600] [modloading-worker-0/DEBUG] [mixin/]: iris-batched-entity-rendering.mixins.json:MixinLevelRenderer from mod iris->@Inject::batchedentityrendering$beginTranslucents(Lnet/minecraft/client/DeltaTracker;ZLnet/minecraft/client/Camera;Lnet/minecraft/client/renderer/GameRenderer;Lnet/minecraft/client/renderer/LightTexture;Lorg/joml/Matrix4f;Lorg/joml/Matrix4f;Lorg/spongepowered/asm/mixin/injection/callback/CallbackInfo;)V has 0 override(s) in child classes
[22May2025 19:33:28.600] [modloading-worker-0/DEBUG] [mixin/]: iris-batched-entity-rendering.mixins.json:MixinLevelRenderer from mod iris->@Inject::batchedentityrendering$beginTranslucents(Lnet/minecraft/client/DeltaTracker;ZLnet/minecraft/client/Camera;Lnet/minecraft/client/renderer/GameRenderer;Lnet/minecraft/client/renderer/LightTexture;Lorg/joml/Matrix4f;Lorg/joml/Matrix4f;Lorg/spongepowered/asm/mixin/injection/callback/CallbackInfo;)V won't be passed a CallbackInfo as a result
[22May2025 19:33:28.600] [modloading-worker-0/DEBUG] [mixin/]: iris-batched-entity-rendering.mixins.json:MixinLevelRenderer from mod iris->@Inject::batchedentityrendering$beginTranslucents(Lnet/minecraft/client/DeltaTracker;ZLnet/minecraft/client/Camera;Lnet/minecraft/client/renderer/GameRenderer;Lnet/minecraft/client/renderer/LightTexture;Lorg/joml/Matrix4f;Lorg/joml/Matrix4f;Lorg/spongepowered/asm/mixin/injection/callback/CallbackInfo;)V doesn't use it's CallbackInfo
[22May2025 19:33:28.600] [modloading-worker-0/DEBUG] [mixin/]: iris-batched-entity-rendering.mixins.json:MixinLevelRenderer from mod iris->@Inject::batchedentityrendering$beginTranslucents(Lnet/minecraft/client/DeltaTracker;ZLnet/minecraft/client/Camera;Lnet/minecraft/client/renderer/GameRenderer;Lnet/minecraft/client/renderer/LightTexture;Lorg/joml/Matrix4f;Lorg/joml/Matrix4f;Lorg/spongepowered/asm/mixin/injection/callback/CallbackInfo;)V has 0 override(s) in child classes
[22May2025 19:33:28.600] [modloading-worker-0/DEBUG] [mixin/]: iris-batched-entity-rendering.mixins.json:MixinLevelRenderer from mod iris->@Inject::batchedentityrendering$beginTranslucents(Lnet/minecraft/client/DeltaTracker;ZLnet/minecraft/client/Camera;Lnet/minecraft/client/renderer/GameRenderer;Lnet/minecraft/client/renderer/LightTexture;Lorg/joml/Matrix4f;Lorg/joml/Matrix4f;Lorg/spongepowered/asm/mixin/injection/callback/CallbackInfo;)V won't be passed a CallbackInfo as a result
[22May2025 19:33:28.600] [modloading-worker-0/DEBUG] [mixin/]: iris-batched-entity-rendering.mixins.json:MixinLevelRenderer from mod iris->@Inject::batchedentityrendering$endTranslucents(Lnet/minecraft/client/DeltaTracker;ZLnet/minecraft/client/Camera;Lnet/minecraft/client/renderer/GameRenderer;Lnet/minecraft/client/renderer/LightTexture;Lorg/joml/Matrix4f;Lorg/joml/Matrix4f;Lorg/spongepowered/asm/mixin/injection/callback/CallbackInfo;)V doesn't use it's CallbackInfo
[22May2025 19:33:28.600] [modloading-worker-0/DEBUG] [mixin/]: iris-batched-entity-rendering.mixins.json:MixinLevelRenderer from mod iris->@Inject::batchedentityrendering$endTranslucents(Lnet/minecraft/client/DeltaTracker;ZLnet/minecraft/client/Camera;Lnet/minecraft/client/renderer/GameRenderer;Lnet/minecraft/client/renderer/LightTexture;Lorg/joml/Matrix4f;Lorg/joml/Matrix4f;Lorg/spongepowered/asm/mixin/injection/callback/CallbackInfo;)V has 0 override(s) in child classes
[22May2025 19:33:28.600] [modloading-worker-0/DEBUG] [mixin/]: iris-batched-entity-rendering.mixins.json:MixinLevelRenderer from mod iris->@Inject::batchedentityrendering$endTranslucents(Lnet/minecraft/client/DeltaTracker;ZLnet/minecraft/client/Camera;Lnet/minecraft/client/renderer/GameRenderer;Lnet/minecraft/client/renderer/LightTexture;Lorg/joml/Matrix4f;Lorg/joml/Matrix4f;Lorg/spongepowered/asm/mixin/injection/callback/CallbackInfo;)V won't be passed a CallbackInfo as a result
[22May2025 19:33:28.600] [modloading-worker-0/DEBUG] [mixin/]: iris-batched-entity-rendering.mixins.json:MixinLevelRenderer from mod iris->@Inject::batchedentityrendering$endTranslucents(Lnet/minecraft/client/DeltaTracker;ZLnet/minecraft/client/Camera;Lnet/minecraft/client/renderer/GameRenderer;Lnet/minecraft/client/renderer/LightTexture;Lorg/joml/Matrix4f;Lorg/joml/Matrix4f;Lorg/spongepowered/asm/mixin/injection/callback/CallbackInfo;)V doesn't use it's CallbackInfo
[22May2025 19:33:28.600] [modloading-worker-0/DEBUG] [mixin/]: iris-batched-entity-rendering.mixins.json:MixinLevelRenderer from mod iris->@Inject::batchedentityrendering$endTranslucents(Lnet/minecraft/client/DeltaTracker;ZLnet/minecraft/client/Camera;Lnet/minecraft/client/renderer/GameRenderer;Lnet/minecraft/client/renderer/LightTexture;Lorg/joml/Matrix4f;Lorg/joml/Matrix4f;Lorg/spongepowered/asm/mixin/injection/callback/CallbackInfo;)V has 0 override(s) in child classes
[22May2025 19:33:28.600] [modloading-worker-0/DEBUG] [mixin/]: iris-batched-entity-rendering.mixins.json:MixinLevelRenderer from mod iris->@Inject::batchedentityrendering$endTranslucents(Lnet/minecraft/client/DeltaTracker;ZLnet/minecraft/client/Camera;Lnet/minecraft/client/renderer/GameRenderer;Lnet/minecraft/client/renderer/LightTexture;Lorg/joml/Matrix4f;Lorg/joml/Matrix4f;Lorg/spongepowered/asm/mixin/injection/callback/CallbackInfo;)V won't be passed a CallbackInfo as a result
[22May2025 19:33:28.600] [modloading-worker-0/DEBUG] [mixin/]: iris-batched-entity-rendering.mixins.json:MixinLevelRenderer from mod iris->@Inject::batchedentityrendering$endLevelRender(Lnet/minecraft/client/DeltaTracker;ZLnet/minecraft/client/Camera;Lnet/minecraft/client/renderer/GameRenderer;Lnet/minecraft/client/renderer/LightTexture;Lorg/joml/Matrix4f;Lorg/joml/Matrix4f;Lorg/spongepowered/asm/mixin/injection/callback/CallbackInfo;)V doesn't use it's CallbackInfo
[22May2025 19:33:28.600] [modloading-worker-0/DEBUG] [mixin/]: iris-batched-entity-rendering.mixins.json:MixinLevelRenderer from mod iris->@Inject::batchedentityrendering$endLevelRender(Lnet/minecraft/client/DeltaTracker;ZLnet/minecraft/client/Camera;Lnet/minecraft/client/renderer/GameRenderer;Lnet/minecraft/client/renderer/LightTexture;Lorg/joml/Matrix4f;Lorg/joml/Matrix4f;Lorg/spongepowered/asm/mixin/injection/callback/CallbackInfo;)V has 0 override(s) in child classes
[22May2025 19:33:28.600] [modloading-worker-0/DEBUG] [mixin/]: iris-batched-entity-rendering.mixins.json:MixinLevelRenderer from mod iris->@Inject::batchedentityrendering$endLevelRender(Lnet/minecraft/client/DeltaTracker;ZLnet/minecraft/client/Camera;Lnet/minecraft/client/renderer/GameRenderer;Lnet/minecraft/client/renderer/LightTexture;Lorg/joml/Matrix4f;Lorg/joml/Matrix4f;Lorg/spongepowered/asm/mixin/injection/callback/CallbackInfo;)V won't be passed a CallbackInfo as a result
[22May2025 19:33:28.601] [modloading-worker-0/DEBUG] [mixin/]: sodium-extra.mixins.json:particle.MixinLevelRenderer from mod sodium_extra->@Inject::tickRainSplashing(Lnet/minecraft/client/Camera;Lorg/spongepowered/asm/mixin/injection/callback/CallbackInfo;)V does use it's CallbackInfo
[22May2025 19:33:28.601] [modloading-worker-0/DEBUG] [mixin/]: sodium-extra.mixins.json:particle.MixinLevelRenderer from mod sodium_extra->@Inject::renderWeather(Lnet/minecraft/client/renderer/LightTexture;FDDDLorg/spongepowered/asm/mixin/injection/callback/CallbackInfo;)V does use it's CallbackInfo
[22May2025 19:33:28.601] [modloading-worker-0/DEBUG] [mixin/]: sodium-extra.mixins.json:sky.MixinLevelRenderer from mod sodium_extra->@Inject::preRenderEndSky(Lcom/mojang/blaze3d/vertex/PoseStack;Lorg/spongepowered/asm/mixin/injection/callback/CallbackInfo;)V does use it's CallbackInfo
[22May2025 19:33:28.601] [modloading-worker-0/DEBUG] [mixin/]: sodium-extra.mixins.json:sun_moon.MixinLevelRenderer from mod sodium_extra->@Inject::postWorldRendererReload(Lorg/spongepowered/asm/mixin/injection/callback/CallbackInfo;)V doesn't use it's CallbackInfo
[22May2025 19:33:28.601] [modloading-worker-0/DEBUG] [mixin/]: sodium-extra.mixins.json:sun_moon.MixinLevelRenderer from mod sodium_extra->@Inject::postWorldRendererReload(Lorg/spongepowered/asm/mixin/injection/callback/CallbackInfo;)V has 0 override(s) in child classes
[22May2025 19:33:28.601] [modloading-worker-0/DEBUG] [mixin/]: sodium-extra.mixins.json:sun_moon.MixinLevelRenderer from mod sodium_extra->@Inject::postWorldRendererReload(Lorg/spongepowered/asm/mixin/injection/callback/CallbackInfo;)V won't be passed a CallbackInfo as a result
[22May2025 19:33:28.601] [modloading-worker-0/DEBUG] [mixin/]: geckolib.mixins.json:client.LevelRendererMixin from mod geckolib->@Inject::geckolib$captureRenderedEntities(Lnet/minecraft/client/DeltaTracker;ZLnet/minecraft/client/Camera;Lnet/minecraft/client/renderer/GameRenderer;Lnet/minecraft/client/renderer/LightTexture;Lorg/joml/Matrix4f;Lorg/joml/Matrix4f;Lorg/spongepowered/asm/mixin/injection/callback/CallbackInfo;)V doesn't use it's CallbackInfo
[22May2025 19:33:28.601] [modloading-worker-0/DEBUG] [mixin/]: geckolib.mixins.json:client.LevelRendererMixin from mod geckolib->@Inject::geckolib$captureRenderedEntities(Lnet/minecraft/client/DeltaTracker;ZLnet/minecraft/client/Camera;Lnet/minecraft/client/renderer/GameRenderer;Lnet/minecraft/client/renderer/LightTexture;Lorg/joml/Matrix4f;Lorg/joml/Matrix4f;Lorg/spongepowered/asm/mixin/injection/callback/CallbackInfo;)V has 0 override(s) in child classes
[22May2025 19:33:28.601] [modloading-worker-0/DEBUG] [mixin/]: geckolib.mixins.json:client.LevelRendererMixin from mod geckolib->@Inject::geckolib$captureRenderedEntities(Lnet/minecraft/client/DeltaTracker;ZLnet/minecraft/client/Camera;Lnet/minecraft/client/renderer/GameRenderer;Lnet/minecraft/client/renderer/LightTexture;Lorg/joml/Matrix4f;Lorg/joml/Matrix4f;Lorg/spongepowered/asm/mixin/injection/callback/CallbackInfo;)V won't be passed a CallbackInfo as a result
[22May2025 19:33:28.601] [modloading-worker-0/DEBUG] [mixin/]: playerAnimator-common.mixins.json:firstPerson.LevelRendererMixin from mod playeranimator->@Inject::fakeThirdPersonMode(Lnet/minecraft/client/DeltaTracker;ZLnet/minecraft/client/Camera;Lnet/minecraft/client/renderer/GameRenderer;Lnet/minecraft/client/renderer/LightTexture;Lorg/joml/Matrix4f;Lorg/joml/Matrix4f;Lorg/spongepowered/asm/mixin/injection/callback/CallbackInfo;)V doesn't use it's CallbackInfo
[22May2025 19:33:28.601] [modloading-worker-0/DEBUG] [mixin/]: playerAnimator-common.mixins.json:firstPerson.LevelRendererMixin from mod playeranimator->@Inject::fakeThirdPersonMode(Lnet/minecraft/client/DeltaTracker;ZLnet/minecraft/client/Camera;Lnet/minecraft/client/renderer/GameRenderer;Lnet/minecraft/client/renderer/LightTexture;Lorg/joml/Matrix4f;Lorg/joml/Matrix4f;Lorg/spongepowered/asm/mixin/injection/callback/CallbackInfo;)V has 0 override(s) in child classes
[22May2025 19:33:28.601] [modloading-worker-0/DEBUG] [mixin/]: playerAnimator-common.mixins.json:firstPerson.LevelRendererMixin from mod playeranimator->@Inject::fakeThirdPersonMode(Lnet/minecraft/client/DeltaTracker;ZLnet/minecraft/client/Camera;Lnet/minecraft/client/renderer/GameRenderer;Lnet/minecraft/client/renderer/LightTexture;Lorg/joml/Matrix4f;Lorg/joml/Matrix4f;Lorg/spongepowered/asm/mixin/injection/callback/CallbackInfo;)V won't be passed a CallbackInfo as a result
[22May2025 19:33:28.601] [modloading-worker-0/DEBUG] [mixin/]: playerAnimator-common.mixins.json:firstPerson.LevelRendererMixin from mod playeranimator->@Inject::resetThirdPerson(Lnet/minecraft/client/DeltaTracker;ZLnet/minecraft/client/Camera;Lnet/minecraft/client/renderer/GameRenderer;Lnet/minecraft/client/renderer/LightTexture;Lorg/joml/Matrix4f;Lorg/joml/Matrix4f;Lorg/spongepowered/asm/mixin/injection/callback/CallbackInfo;)V doesn't use it's CallbackInfo
[22May2025 19:33:28.601] [modloading-worker-0/DEBUG] [mixin/]: playerAnimator-common.mixins.json:firstPerson.LevelRendererMixin from mod playeranimator->@Inject::resetThirdPerson(Lnet/minecraft/client/DeltaTracker;ZLnet/minecraft/client/Camera;Lnet/minecraft/client/renderer/GameRenderer;Lnet/minecraft/client/renderer/LightTexture;Lorg/joml/Matrix4f;Lorg/joml/Matrix4f;Lorg/spongepowered/asm/mixin/injection/callback/CallbackInfo;)V has 0 override(s) in child classes
[22May2025 19:33:28.601] [modloading-worker-0/DEBUG] [mixin/]: playerAnimator-common.mixins.json:firstPerson.LevelRendererMixin from mod playeranimator->@Inject::resetThirdPerson(Lnet/minecraft/client/DeltaTracker;ZLnet/minecraft/client/Camera;Lnet/minecraft/client/renderer/GameRenderer;Lnet/minecraft/client/renderer/LightTexture;Lorg/joml/Matrix4f;Lorg/joml/Matrix4f;Lorg/spongepowered/asm/mixin/injection/callback/CallbackInfo;)V won't be passed a CallbackInfo as a result
[22May2025 19:33:28.601] [modloading-worker-0/DEBUG] [mixin/]: playerAnimator-common.mixins.json:firstPerson.LevelRendererMixin from mod playeranimator->@Inject::dontRenderEntity_End(Lnet/minecraft/world/entity/Entity;DDDFLcom/mojang/blaze3d/vertex/PoseStack;Lnet/minecraft/client/renderer/MultiBufferSource;Lorg/spongepowered/asm/mixin/injection/callback/CallbackInfo;)V doesn't use it's CallbackInfo
[22May2025 19:33:28.601] [modloading-worker-0/DEBUG] [mixin/]: playerAnimator-common.mixins.json:firstPerson.LevelRendererMixin from mod playeranimator->@Inject::dontRenderEntity_End(Lnet/minecraft/world/entity/Entity;DDDFLcom/mojang/blaze3d/vertex/PoseStack;Lnet/minecraft/client/renderer/MultiBufferSource;Lorg/spongepowered/asm/mixin/injection/callback/CallbackInfo;)V has 0 override(s) in child classes
[22May2025 19:33:28.601] [modloading-worker-0/DEBUG] [mixin/]: playerAnimator-common.mixins.json:firstPerson.LevelRendererMixin from mod playeranimator->@Inject::dontRenderEntity_End(Lnet/minecraft/world/entity/Entity;DDDFLcom/mojang/blaze3d/vertex/PoseStack;Lnet/minecraft/client/renderer/MultiBufferSource;Lorg/spongepowered/asm/mixin/injection/callback/CallbackInfo;)V won't be passed a CallbackInfo as a result
[22May2025 19:33:28.601] [modloading-worker-0/DEBUG] [mixin/]: pehkui.mixins.json:client.compat115plus.WorldRendererMixin from mod pehkui->@Inject::pehkui$checkEmpty(Lcom/mojang/blaze3d/vertex/PoseStack;Lorg/spongepowered/asm/mixin/injection/callback/CallbackInfo;)V doesn't use it's CallbackInfo
[22May2025 19:33:28.601] [modloading-worker-0/DEBUG] [mixin/]: pehkui.mixins.json:client.compat115plus.WorldRendererMixin from mod pehkui->@Inject::pehkui$checkEmpty(Lcom/mojang/blaze3d/vertex/PoseStack;Lorg/spongepowered/asm/mixin/injection/callback/CallbackInfo;)V has 0 override(s) in child classes
[22May2025 19:33:28.601] [modloading-worker-0/DEBUG] [mixin/]: pehkui.mixins.json:client.compat115plus.WorldRendererMixin from mod pehkui->@Inject::pehkui$checkEmpty(Lcom/mojang/blaze3d/vertex/PoseStack;Lorg/spongepowered/asm/mixin/injection/callback/CallbackInfo;)V won't be passed a CallbackInfo as a result
[22May2025 19:33:28.601] [modloading-worker-0/DEBUG] [mixin/]: mixins.iris.json:MixinLevelRenderer from mod iris->@Inject::iris$setupPipeline(Lnet/minecraft/client/DeltaTracker;ZLnet/minecraft/client/Camera;Lnet/minecraft/client/renderer/GameRenderer;Lnet/minecraft/client/renderer/LightTexture;Lorg/joml/Matrix4f;Lorg/joml/Matrix4f;Lorg/spongepowered/asm/mixin/injection/callback/CallbackInfo;)V doesn't use it's CallbackInfo
[22May2025 19:33:28.601] [modloading-worker-0/DEBUG] [mixin/]: mixins.iris.json:MixinLevelRenderer from mod iris->@Inject::iris$setupPipeline(Lnet/minecraft/client/DeltaTracker;ZLnet/minecraft/client/Camera;Lnet/minecraft/client/renderer/GameRenderer;Lnet/minecraft/client/renderer/LightTexture;Lorg/joml/Matrix4f;Lorg/joml/Matrix4f;Lorg/spongepowered/asm/mixin/injection/callback/CallbackInfo;)V has 0 override(s) in child classes
[22May2025 19:33:28.601] [modloading-worker-0/DEBUG] [mixin/]: mixins.iris.json:MixinLevelRenderer from mod iris->@Inject::iris$setupPipeline(Lnet/minecraft/client/DeltaTracker;ZLnet/minecraft/client/Camera;Lnet/minecraft/client/renderer/GameRenderer;Lnet/minecraft/client/renderer/LightTexture;Lorg/joml/Matrix4f;Lorg/joml/Matrix4f;Lorg/spongepowered/asm/mixin/injection/callback/CallbackInfo;)V won't be passed a CallbackInfo as a result
[22May2025 19:33:28.602] [modloading-worker-0/DEBUG] [mixin/]: mixins.iris.json:MixinLevelRenderer from mod iris->@Inject::iris$beginLevelRender(Lnet/minecraft/client/DeltaTracker;ZLnet/minecraft/client/Camera;Lnet/minecraft/client/renderer/GameRenderer;Lnet/minecraft/client/renderer/LightTexture;Lorg/joml/Matrix4f;Lorg/joml/Matrix4f;Lorg/spongepowered/asm/mixin/injection/callback/CallbackInfo;)V doesn't use it's CallbackInfo
[22May2025 19:33:28.602] [modloading-worker-0/DEBUG] [mixin/]: mixins.iris.json:MixinLevelRenderer from mod iris->@Inject::iris$beginLevelRender(Lnet/minecraft/client/DeltaTracker;ZLnet/minecraft/client/Camera;Lnet/minecraft/client/renderer/GameRenderer;Lnet/minecraft/client/renderer/LightTexture;Lorg/joml/Matrix4f;Lorg/joml/Matrix4f;Lorg/spongepowered/asm/mixin/injection/callback/CallbackInfo;)V has 0 override(s) in child classes
[22May2025 19:33:28.602] [modloading-worker-0/DEBUG] [mixin/]: mixins.iris.json:MixinLevelRenderer from mod iris->@Inject::iris$beginLevelRender(Lnet/minecraft/client/DeltaTracker;ZLnet/minecraft/client/Camera;Lnet/minecraft/client/renderer/GameRenderer;Lnet/minecraft/client/renderer/LightTexture;Lorg/joml/Matrix4f;Lorg/joml/Matrix4f;Lorg/spongepowered/asm/mixin/injection/callback/CallbackInfo;)V won't be passed a CallbackInfo as a result
[22May2025 19:33:28.602] [modloading-worker-0/DEBUG] [mixin/]: mixins.iris.json:MixinLevelRenderer from mod iris->@Inject::iris$endLevelRender(Lnet/minecraft/client/DeltaTracker;ZLnet/minecraft/client/Camera;Lnet/minecraft/client/renderer/GameRenderer;Lnet/minecraft/client/renderer/LightTexture;Lorg/joml/Matrix4f;Lorg/joml/Matrix4f;Lorg/spongepowered/asm/mixin/injection/callback/CallbackInfo;)V doesn't use it's CallbackInfo
[22May2025 19:33:28.602] [modloading-worker-0/DEBUG] [mixin/]: mixins.iris.json:MixinLevelRenderer from mod iris->@Inject::iris$endLevelRender(Lnet/minecraft/client/DeltaTracker;ZLnet/minecraft/client/Camera;Lnet/minecraft/client/renderer/GameRenderer;Lnet/minecraft/client/renderer/LightTexture;Lorg/joml/Matrix4f;Lorg/joml/Matrix4f;Lorg/spongepowered/asm/mixin/injection/callback/CallbackInfo;)V has 0 override(s) in child classes
[22May2025 19:33:28.602] [modloading-worker-0/DEBUG] [mixin/]: mixins.iris.json:MixinLevelRenderer from mod iris->@Inject::iris$endLevelRender(Lnet/minecraft/client/DeltaTracker;ZLnet/minecraft/client/Camera;Lnet/minecraft/client/renderer/GameRenderer;Lnet/minecraft/client/renderer/LightTexture;Lorg/joml/Matrix4f;Lorg/joml/Matrix4f;Lorg/spongepowered/asm/mixin/injection/callback/CallbackInfo;)V won't be passed a CallbackInfo as a result
[22May2025 19:33:28.602] [modloading-worker-0/DEBUG] [mixin/]: mixins.iris.json:MixinLevelRenderer from mod iris->@Inject::iris$renderTerrainShadows(Lnet/minecraft/client/DeltaTracker;ZLnet/minecraft/client/Camera;Lnet/minecraft/client/renderer/GameRenderer;Lnet/minecraft/client/renderer/LightTexture;Lorg/joml/Matrix4f;Lorg/joml/Matrix4f;Lorg/spongepowered/asm/mixin/injection/callback/CallbackInfo;)V doesn't use it's CallbackInfo
[22May2025 19:33:28.602] [modloading-worker-0/DEBUG] [mixin/]: mixins.iris.json:MixinLevelRenderer from mod iris->@Inject::iris$renderTerrainShadows(Lnet/minecraft/client/DeltaTracker;ZLnet/minecraft/client/Camera;Lnet/minecraft/client/renderer/GameRenderer;Lnet/minecraft/client/renderer/LightTexture;Lorg/joml/Matrix4f;Lorg/joml/Matrix4f;Lorg/spongepowered/asm/mixin/injection/callback/CallbackInfo;)V has 0 override(s) in child classes
[22May2025 19:33:28.602] [modloading-worker-0/DEBUG] [mixin/]: mixins.iris.json:MixinLevelRenderer from mod iris->@Inject::iris$renderTerrainShadows(Lnet/minecraft/client/DeltaTracker;ZLnet/minecraft/client/Camera;Lnet/minecraft/client/renderer/GameRenderer;Lnet/minecraft/client/renderer/LightTexture;Lorg/joml/Matrix4f;Lorg/joml/Matrix4f;Lorg/spongepowered/asm/mixin/injection/callback/CallbackInfo;)V won't be passed a CallbackInfo as a result
[22May2025 19:33:28.602] [modloading-worker-0/DEBUG] [mixin/]: mixins.iris.json:MixinLevelRenderer from mod iris->@Inject::iris$beginSky(Lnet/minecraft/client/DeltaTracker;ZLnet/minecraft/client/Camera;Lnet/minecraft/client/renderer/GameRenderer;Lnet/minecraft/client/renderer/LightTexture;Lorg/joml/Matrix4f;Lorg/joml/Matrix4f;Lorg/spongepowered/asm/mixin/injection/callback/CallbackInfo;)V doesn't use it's CallbackInfo
[22May2025 19:33:28.602] [modloading-worker-0/DEBUG] [mixin/]: mixins.iris.json:MixinLevelRenderer from mod iris->@Inject::iris$beginSky(Lnet/minecraft/client/DeltaTracker;ZLnet/minecraft/client/Camera;Lnet/minecraft/client/renderer/GameRenderer;Lnet/minecraft/client/renderer/LightTexture;Lorg/joml/Matrix4f;Lorg/joml/Matrix4f;Lorg/spongepowered/asm/mixin/injection/callback/CallbackInfo;)V has 0 override(s) in child classes
[22May2025 19:33:28.602] [modloading-worker-0/DEBUG] [mixin/]: mixins.iris.json:MixinLevelRenderer from mod iris->@Inject::iris$beginSky(Lnet/minecraft/client/DeltaTracker;ZLnet/minecraft/client/Camera;Lnet/minecraft/client/renderer/GameRenderer;Lnet/minecraft/client/renderer/LightTexture;Lorg/joml/Matrix4f;Lorg/joml/Matrix4f;Lorg/spongepowered/asm/mixin/injection/callback/CallbackInfo;)V won't be passed a CallbackInfo as a result
[22May2025 19:33:28.602] [modloading-worker-0/DEBUG] [mixin/]: mixins.iris.json:MixinLevelRenderer from mod iris->@Inject::iris$renderSky$beginNormalSky(Lorg/joml/Matrix4f;Lorg/joml/Matrix4f;FLnet/minecraft/client/Camera;ZLjava/lang/Runnable;Lorg/spongepowered/asm/mixin/injection/callback/CallbackInfo;)V doesn't use it's CallbackInfo
[22May2025 19:33:28.602] [modloading-worker-0/DEBUG] [mixin/]: mixins.iris.json:MixinLevelRenderer from mod iris->@Inject::iris$renderSky$beginNormalSky(Lorg/joml/Matrix4f;Lorg/joml/Matrix4f;FLnet/minecraft/client/Camera;ZLjava/lang/Runnable;Lorg/spongepowered/asm/mixin/injection/callback/CallbackInfo;)V has 0 override(s) in child classes
[22May2025 19:33:28.602] [modloading-worker-0/DEBUG] [mixin/]: mixins.iris.json:MixinLevelRenderer from mod iris->@Inject::iris$renderSky$beginNormalSky(Lorg/joml/Matrix4f;Lorg/joml/Matrix4f;FLnet/minecraft/client/Camera;ZLjava/lang/Runnable;Lorg/spongepowered/asm/mixin/injection/callback/CallbackInfo;)V won't be passed a CallbackInfo as a result
[22May2025 19:33:28.602] [modloading-worker-0/DEBUG] [mixin/]: mixins.iris.json:MixinLevelRenderer from mod iris->@Inject::iris$setSunRenderStage(Lorg/joml/Matrix4f;Lorg/joml/Matrix4f;FLnet/minecraft/client/Camera;ZLjava/lang/Runnable;Lorg/spongepowered/asm/mixin/injection/callback/CallbackInfo;)V doesn't use it's CallbackInfo
[22May2025 19:33:28.602] [modloading-worker-0/DEBUG] [mixin/]: mixins.iris.json:MixinLevelRenderer from mod iris->@Inject::iris$setSunRenderStage(Lorg/joml/Matrix4f;Lorg/joml/Matrix4f;FLnet/minecraft/client/Camera;ZLjava/lang/Runnable;Lorg/spongepowered/asm/mixin/injection/callback/CallbackInfo;)V has 0 override(s) in child classes
[22May2025 19:33:28.602] [modloading-worker-0/DEBUG] [mixin/]: mixins.iris.json:MixinLevelRenderer from mod iris->@Inject::iris$setSunRenderStage(Lorg/joml/Matrix4f;Lorg/joml/Matrix4f;FLnet/minecraft/client/Camera;ZLjava/lang/Runnable;Lorg/spongepowered/asm/mixin/injection/callback/CallbackInfo;)V won't be passed a CallbackInfo as a result
[22May2025 19:33:28.602] [modloading-worker-0/DEBUG] [mixin/]: mixins.iris.json:MixinLevelRenderer from mod iris->@Inject::iris$setSunsetRenderStage(Lorg/joml/Matrix4f;Lorg/joml/Matrix4f;FLnet/minecraft/client/Camera;ZLjava/lang/Runnable;Lorg/spongepowered/asm/mixin/injection/callback/CallbackInfo;)V doesn't use it's CallbackInfo
[22May2025 19:33:28.602] [modloading-worker-0/DEBUG] [mixin/]: mixins.iris.json:MixinLevelRenderer from mod iris->@Inject::iris$setSunsetRenderStage(Lorg/joml/Matrix4f;Lorg/joml/Matrix4f;FLnet/minecraft/client/Camera;ZLjava/lang/Runnable;Lorg/spongepowered/asm/mixin/injection/callback/CallbackInfo;)V has 0 override(s) in child classes
[22May2025 19:33:28.602] [modloading-worker-0/DEBUG] [mixin/]: mixins.iris.json:MixinLevelRenderer from mod iris->@Inject::iris$setSunsetRenderStage(Lorg/joml/Matrix4f;Lorg/joml/Matrix4f;FLnet/minecraft/client/Camera;ZLjava/lang/Runnable;Lorg/spongepowered/asm/mixin/injection/callback/CallbackInfo;)V won't be passed a CallbackInfo as a result
[22May2025 19:33:28.602] [modloading-worker-0/DEBUG] [mixin/]: mixins.iris.json:MixinLevelRenderer from mod iris->@Inject::iris$setMoonRenderStage(Lorg/joml/Matrix4f;Lorg/joml/Matrix4f;FLnet/minecraft/client/Camera;ZLjava/lang/Runnable;Lorg/spongepowered/asm/mixin/injection/callback/CallbackInfo;)V doesn't use it's CallbackInfo
[22May2025 19:33:28.602] [modloading-worker-0/DEBUG] [mixin/]: mixins.iris.json:MixinLevelRenderer from mod iris->@Inject::iris$setMoonRenderStage(Lorg/joml/Matrix4f;Lorg/joml/Matrix4f;FLnet/minecraft/client/Camera;ZLjava/lang/Runnable;Lorg/spongepowered/asm/mixin/injection/callback/CallbackInfo;)V has 0 override(s) in child classes
[22May2025 19:33:28.602] [modloading-worker-0/DEBUG] [mixin/]: mixins.iris.json:MixinLevelRenderer from mod iris->@Inject::iris$setMoonRenderStage(Lorg/joml/Matrix4f;Lorg/joml/Matrix4f;FLnet/minecraft/client/Camera;ZLjava/lang/Runnable;Lorg/spongepowered/asm/mixin/injection/callback/CallbackInfo;)V won't be passed a CallbackInfo as a result
[22May2025 19:33:28.602] [modloading-worker-0/DEBUG] [mixin/]: mixins.iris.json:MixinLevelRenderer from mod iris->@Inject::iris$setStarRenderStage(Lorg/joml/Matrix4f;Lorg/joml/Matrix4f;FLnet/minecraft/client/Camera;ZLjava/lang/Runnable;Lorg/spongepowered/asm/mixin/injection/callback/CallbackInfo;)V doesn't use it's CallbackInfo
[22May2025 19:33:28.602] [modloading-worker-0/DEBUG] [mixin/]: mixins.iris.json:MixinLevelRenderer from mod iris->@Inject::iris$setStarRenderStage(Lorg/joml/Matrix4f;Lorg/joml/Matrix4f;FLnet/minecraft/client/Camera;ZLjava/lang/Runnable;Lorg/spongepowered/asm/mixin/injection/callback/CallbackInfo;)V has 0 override(s) in child classes
[22May2025 19:33:28.602] [modloading-worker-0/DEBUG] [mixin/]: mixins.iris.json:MixinLevelRenderer from mod iris->@Inject::iris$setStarRenderStage(Lorg/joml/Matrix4f;Lorg/joml/Matrix4f;FLnet/minecraft/client/Camera;ZLjava/lang/Runnable;Lorg/spongepowered/asm/mixin/injection/callback/CallbackInfo;)V won't be passed a CallbackInfo as a result
[22May2025 19:33:28.602] [modloading-worker-0/DEBUG] [mixin/]: mixins.iris.json:MixinLevelRenderer from mod iris->@Inject::iris$setVoidRenderStage(Lorg/joml/Matrix4f;Lorg/joml/Matrix4f;FLnet/minecraft/client/Camera;ZLjava/lang/Runnable;Lorg/spongepowered/asm/mixin/injection/callback/CallbackInfo;)V doesn't use it's CallbackInfo
[22May2025 19:33:28.602] [modloading-worker-0/DEBUG] [mixin/]: mixins.iris.json:MixinLevelRenderer from mod iris->@Inject::iris$setVoidRenderStage(Lorg/joml/Matrix4f;Lorg/joml/Matrix4f;FLnet/minecraft/client/Camera;ZLjava/lang/Runnable;Lorg/spongepowered/asm/mixin/injection/callback/CallbackInfo;)V has 0 override(s) in child classes
[22May2025 19:33:28.602] [modloading-worker-0/DEBUG] [mixin/]: mixins.iris.json:MixinLevelRenderer from mod iris->@Inject::iris$setVoidRenderStage(Lorg/joml/Matrix4f;Lorg/joml/Matrix4f;FLnet/minecraft/client/Camera;ZLjava/lang/Runnable;Lorg/spongepowered/asm/mixin/injection/callback/CallbackInfo;)V won't be passed a CallbackInfo as a result
[22May2025 19:33:28.603] [modloading-worker-0/DEBUG] [mixin/]: mixins.iris.json:MixinLevelRenderer from mod iris->@Inject::iris$renderSky$tiltSun(Lorg/joml/Matrix4f;Lorg/joml/Matrix4f;FLnet/minecraft/client/Camera;ZLjava/lang/Runnable;Lorg/spongepowered/asm/mixin/injection/callback/CallbackInfo;)V doesn't use it's CallbackInfo
[22May2025 19:33:28.603] [modloading-worker-0/DEBUG] [mixin/]: mixins.iris.json:MixinLevelRenderer from mod iris->@Inject::iris$renderSky$tiltSun(Lorg/joml/Matrix4f;Lorg/joml/Matrix4f;FLnet/minecraft/client/Camera;ZLjava/lang/Runnable;Lorg/spongepowered/asm/mixin/injection/callback/CallbackInfo;)V has 0 override(s) in child classes
[22May2025 19:33:28.603] [modloading-worker-0/DEBUG] [mixin/]: mixins.iris.json:MixinLevelRenderer from mod iris->@Inject::iris$renderSky$tiltSun(Lorg/joml/Matrix4f;Lorg/joml/Matrix4f;FLnet/minecraft/client/Camera;ZLjava/lang/Runnable;Lorg/spongepowered/asm/mixin/injection/callback/CallbackInfo;)V won't be passed a CallbackInfo as a result
[22May2025 19:33:28.603] [modloading-worker-0/DEBUG] [mixin/]: mixins.iris.json:MixinLevelRenderer from mod iris->@Inject::iris$endSky(Lnet/minecraft/client/DeltaTracker;ZLnet/minecraft/client/Camera;Lnet/minecraft/client/renderer/GameRenderer;Lnet/minecraft/client/renderer/LightTexture;Lorg/joml/Matrix4f;Lorg/joml/Matrix4f;Lorg/spongepowered/asm/mixin/injection/callback/CallbackInfo;)V doesn't use it's CallbackInfo
[22May2025 19:33:28.603] [modloading-worker-0/DEBUG] [mixin/]: mixins.iris.json:MixinLevelRenderer from mod iris->@Inject::iris$endSky(Lnet/minecraft/client/DeltaTracker;ZLnet/minecraft/client/Camera;Lnet/minecraft/client/renderer/GameRenderer;Lnet/minecraft/client/renderer/LightTexture;Lorg/joml/Matrix4f;Lorg/joml/Matrix4f;Lorg/spongepowered/asm/mixin/injection/callback/CallbackInfo;)V has 0 override(s) in child classes
[22May2025 19:33:28.603] [modloading-worker-0/DEBUG] [mixin/]: mixins.iris.json:MixinLevelRenderer from mod iris->@Inject::iris$endSky(Lnet/minecraft/client/DeltaTracker;ZLnet/minecraft/client/Camera;Lnet/minecraft/client/renderer/GameRenderer;Lnet/minecraft/client/renderer/LightTexture;Lorg/joml/Matrix4f;Lorg/joml/Matrix4f;Lorg/spongepowered/asm/mixin/injection/callback/CallbackInfo;)V won't be passed a CallbackInfo as a result
[22May2025 19:33:28.603] [modloading-worker-0/DEBUG] [mixin/]: mixins.iris.json:MixinLevelRenderer from mod iris->@Inject::iris$beginClouds(Lnet/minecraft/client/DeltaTracker;ZLnet/minecraft/client/Camera;Lnet/minecraft/client/renderer/GameRenderer;Lnet/minecraft/client/renderer/LightTexture;Lorg/joml/Matrix4f;Lorg/joml/Matrix4f;Lorg/spongepowered/asm/mixin/injection/callback/CallbackInfo;)V doesn't use it's CallbackInfo
[22May2025 19:33:28.603] [modloading-worker-0/DEBUG] [mixin/]: mixins.iris.json:MixinLevelRenderer from mod iris->@Inject::iris$beginClouds(Lnet/minecraft/client/DeltaTracker;ZLnet/minecraft/client/Camera;Lnet/minecraft/client/renderer/GameRenderer;Lnet/minecraft/client/renderer/LightTexture;Lorg/joml/Matrix4f;Lorg/joml/Matrix4f;Lorg/spongepowered/asm/mixin/injection/callback/CallbackInfo;)V has 0 override(s) in child classes
[22May2025 19:33:28.603] [modloading-worker-0/DEBUG] [mixin/]: mixins.iris.json:MixinLevelRenderer from mod iris->@Inject::iris$beginClouds(Lnet/minecraft/client/DeltaTracker;ZLnet/minecraft/client/Camera;Lnet/minecraft/client/renderer/GameRenderer;Lnet/minecraft/client/renderer/LightTexture;Lorg/joml/Matrix4f;Lorg/joml/Matrix4f;Lorg/spongepowered/asm/mixin/injection/callback/CallbackInfo;)V won't be passed a CallbackInfo as a result
[22May2025 19:33:28.603] [modloading-worker-0/DEBUG] [mixin/]: mixins.iris.json:MixinLevelRenderer from mod iris->@Inject::iris$endClouds(Lnet/minecraft/client/DeltaTracker;ZLnet/minecraft/client/Camera;Lnet/minecraft/client/renderer/GameRenderer;Lnet/minecraft/client/renderer/LightTexture;Lorg/joml/Matrix4f;Lorg/joml/Matrix4f;Lorg/spongepowered/asm/mixin/injection/callback/CallbackInfo;)V doesn't use it's CallbackInfo
[22May2025 19:33:28.603] [modloading-worker-0/DEBUG] [mixin/]: mixins.iris.json:MixinLevelRenderer from mod iris->@Inject::iris$endClouds(Lnet/minecraft/client/DeltaTracker;ZLnet/minecraft/client/Camera;Lnet/minecraft/client/renderer/GameRenderer;Lnet/minecraft/client/renderer/LightTexture;Lorg/joml/Matrix4f;Lorg/joml/Matrix4f;Lorg/spongepowered/asm/mixin/injection/callback/CallbackInfo;)V has 0 override(s) in child classes
[22May2025 19:33:28.603] [modloading-worker-0/DEBUG] [mixin/]: mixins.iris.json:MixinLevelRenderer from mod iris->@Inject::iris$endClouds(Lnet/minecraft/client/DeltaTracker;ZLnet/minecraft/client/Camera;Lnet/minecraft/client/renderer/GameRenderer;Lnet/minecraft/client/renderer/LightTexture;Lorg/joml/Matrix4f;Lorg/joml/Matrix4f;Lorg/spongepowered/asm/mixin/injection/callback/CallbackInfo;)V won't be passed a CallbackInfo as a result
[22May2025 19:33:28.603] [modloading-worker-0/DEBUG] [mixin/]: mixins.iris.json:MixinLevelRenderer from mod iris->@Inject::iris$beginTerrainLayer(Lnet/minecraft/client/renderer/RenderType;DDDLorg/joml/Matrix4f;Lorg/joml/Matrix4f;Lorg/spongepowered/asm/mixin/injection/callback/CallbackInfo;)V doesn't use it's CallbackInfo
[22May2025 19:33:28.603] [modloading-worker-0/DEBUG] [mixin/]: mixins.iris.json:MixinLevelRenderer from mod iris->@Inject::iris$beginTerrainLayer(Lnet/minecraft/client/renderer/RenderType;DDDLorg/joml/Matrix4f;Lorg/joml/Matrix4f;Lorg/spongepowered/asm/mixin/injection/callback/CallbackInfo;)V has 0 override(s) in child classes
[22May2025 19:33:28.603] [modloading-worker-0/DEBUG] [mixin/]: mixins.iris.json:MixinLevelRenderer from mod iris->@Inject::iris$beginTerrainLayer(Lnet/minecraft/client/renderer/RenderType;DDDLorg/joml/Matrix4f;Lorg/joml/Matrix4f;Lorg/spongepowered/asm/mixin/injection/callback/CallbackInfo;)V won't be passed a CallbackInfo as a result
[22May2025 19:33:28.603] [modloading-worker-0/DEBUG] [mixin/]: mixins.iris.json:MixinLevelRenderer from mod iris->@Inject::iris$endTerrainLayer(Lnet/minecraft/client/renderer/RenderType;DDDLorg/joml/Matrix4f;Lorg/joml/Matrix4f;Lorg/spongepowered/asm/mixin/injection/callback/CallbackInfo;)V doesn't use it's CallbackInfo
[22May2025 19:33:28.603] [modloading-worker-0/DEBUG] [mixin/]: mixins.iris.json:MixinLevelRenderer from mod iris->@Inject::iris$endTerrainLayer(Lnet/minecraft/client/renderer/RenderType;DDDLorg/joml/Matrix4f;Lorg/joml/Matrix4f;Lorg/spongepowered/asm/mixin/injection/callback/CallbackInfo;)V has 0 override(s) in child classes
[22May2025 19:33:28.603] [modloading-worker-0/DEBUG] [mixin/]: mixins.iris.json:MixinLevelRenderer from mod iris->@Inject::iris$endTerrainLayer(Lnet/minecraft/client/renderer/RenderType;DDDLorg/joml/Matrix4f;Lorg/joml/Matrix4f;Lorg/spongepowered/asm/mixin/injection/callback/CallbackInfo;)V won't be passed a CallbackInfo as a result
[22May2025 19:33:28.603] [modloading-worker-0/DEBUG] [mixin/]: mixins.iris.json:MixinLevelRenderer from mod iris->@Inject::iris$beginWeather(Lnet/minecraft/client/DeltaTracker;ZLnet/minecraft/client/Camera;Lnet/minecraft/client/renderer/GameRenderer;Lnet/minecraft/client/renderer/LightTexture;Lorg/joml/Matrix4f;Lorg/joml/Matrix4f;Lorg/spongepowered/asm/mixin/injection/callback/CallbackInfo;)V doesn't use it's CallbackInfo
[22May2025 19:33:28.603] [modloading-worker-0/DEBUG] [mixin/]: mixins.iris.json:MixinLevelRenderer from mod iris->@Inject::iris$beginWeather(Lnet/minecraft/client/DeltaTracker;ZLnet/minecraft/client/Camera;Lnet/minecraft/client/renderer/GameRenderer;Lnet/minecraft/client/renderer/LightTexture;Lorg/joml/Matrix4f;Lorg/joml/Matrix4f;Lorg/spongepowered/asm/mixin/injection/callback/CallbackInfo;)V has 0 override(s) in child classes
[22May2025 19:33:28.603] [modloading-worker-0/DEBUG] [mixin/]: mixins.iris.json:MixinLevelRenderer from mod iris->@Inject::iris$beginWeather(Lnet/minecraft/client/DeltaTracker;ZLnet/minecraft/client/Camera;Lnet/minecraft/client/renderer/GameRenderer;Lnet/minecraft/client/renderer/LightTexture;Lorg/joml/Matrix4f;Lorg/joml/Matrix4f;Lorg/spongepowered/asm/mixin/injection/callback/CallbackInfo;)V won't be passed a CallbackInfo as a result
[22May2025 19:33:28.603] [modloading-worker-0/DEBUG] [mixin/]: mixins.iris.json:MixinLevelRenderer from mod iris->@Inject::iris$beginWeather(Lnet/minecraft/client/DeltaTracker;ZLnet/minecraft/client/Camera;Lnet/minecraft/client/renderer/GameRenderer;Lnet/minecraft/client/renderer/LightTexture;Lorg/joml/Matrix4f;Lorg/joml/Matrix4f;Lorg/spongepowered/asm/mixin/injection/callback/CallbackInfo;)V doesn't use it's CallbackInfo
[22May2025 19:33:28.603] [modloading-worker-0/DEBUG] [mixin/]: mixins.iris.json:MixinLevelRenderer from mod iris->@Inject::iris$beginWeather(Lnet/minecraft/client/DeltaTracker;ZLnet/minecraft/client/Camera;Lnet/minecraft/client/renderer/GameRenderer;Lnet/minecraft/client/renderer/LightTexture;Lorg/joml/Matrix4f;Lorg/joml/Matrix4f;Lorg/spongepowered/asm/mixin/injection/callback/CallbackInfo;)V has 0 override(s) in child classes
[22May2025 19:33:28.603] [modloading-worker-0/DEBUG] [mixin/]: mixins.iris.json:MixinLevelRenderer from mod iris->@Inject::iris$beginWeather(Lnet/minecraft/client/DeltaTracker;ZLnet/minecraft/client/Camera;Lnet/minecraft/client/renderer/GameRenderer;Lnet/minecraft/client/renderer/LightTexture;Lorg/joml/Matrix4f;Lorg/joml/Matrix4f;Lorg/spongepowered/asm/mixin/injection/callback/CallbackInfo;)V won't be passed a CallbackInfo as a result
[22May2025 19:33:28.603] [modloading-worker-0/DEBUG] [mixin/]: mixins.iris.json:MixinLevelRenderer from mod iris->@Inject::iris$endWeather(Lnet/minecraft/client/DeltaTracker;ZLnet/minecraft/client/Camera;Lnet/minecraft/client/renderer/GameRenderer;Lnet/minecraft/client/renderer/LightTexture;Lorg/joml/Matrix4f;Lorg/joml/Matrix4f;Lorg/spongepowered/asm/mixin/injection/callback/CallbackInfo;)V doesn't use it's CallbackInfo
[22May2025 19:33:28.604] [modloading-worker-0/DEBUG] [mixin/]: mixins.iris.json:MixinLevelRenderer from mod iris->@Inject::iris$endWeather(Lnet/minecraft/client/DeltaTracker;ZLnet/minecraft/client/Camera;Lnet/minecraft/client/renderer/GameRenderer;Lnet/minecraft/client/renderer/LightTexture;Lorg/joml/Matrix4f;Lorg/joml/Matrix4f;Lorg/spongepowered/asm/mixin/injection/callback/CallbackInfo;)V has 0 override(s) in child classes
[22May2025 19:33:28.604] [modloading-worker-0/DEBUG] [mixin/]: mixins.iris.json:MixinLevelRenderer from mod iris->@Inject::iris$endWeather(Lnet/minecraft/client/DeltaTracker;ZLnet/minecraft/client/Camera;Lnet/minecraft/client/renderer/GameRenderer;Lnet/minecraft/client/renderer/LightTexture;Lorg/joml/Matrix4f;Lorg/joml/Matrix4f;Lorg/spongepowered/asm/mixin/injection/callback/CallbackInfo;)V won't be passed a CallbackInfo as a result
[22May2025 19:33:28.604] [modloading-worker-0/DEBUG] [mixin/]: mixins.iris.json:MixinLevelRenderer from mod iris->@Inject::iris$endWeather(Lnet/minecraft/client/DeltaTracker;ZLnet/minecraft/client/Camera;Lnet/minecraft/client/renderer/GameRenderer;Lnet/minecraft/client/renderer/LightTexture;Lorg/joml/Matrix4f;Lorg/joml/Matrix4f;Lorg/spongepowered/asm/mixin/injection/callback/CallbackInfo;)V doesn't use it's CallbackInfo
[22May2025 19:33:28.604] [modloading-worker-0/DEBUG] [mixin/]: mixins.iris.json:MixinLevelRenderer from mod iris->@Inject::iris$endWeather(Lnet/minecraft/client/DeltaTracker;ZLnet/minecraft/client/Camera;Lnet/minecraft/client/renderer/GameRenderer;Lnet/minecraft/client/renderer/LightTexture;Lorg/joml/Matrix4f;Lorg/joml/Matrix4f;Lorg/spongepowered/asm/mixin/injection/callback/CallbackInfo;)V has 0 override(s) in child classes
[22May2025 19:33:28.604] [modloading-worker-0/DEBUG] [mixin/]: mixins.iris.json:MixinLevelRenderer from mod iris->@Inject::iris$endWeather(Lnet/minecraft/client/DeltaTracker;ZLnet/minecraft/client/Camera;Lnet/minecraft/client/renderer/GameRenderer;Lnet/minecraft/client/renderer/LightTexture;Lorg/joml/Matrix4f;Lorg/joml/Matrix4f;Lorg/spongepowered/asm/mixin/injection/callback/CallbackInfo;)V won't be passed a CallbackInfo as a result
[22May2025 19:33:28.604] [modloading-worker-0/DEBUG] [mixin/]: mixins.iris.json:MixinLevelRenderer from mod iris->@Inject::iris$beginWorldBorder(Lnet/minecraft/client/DeltaTracker;ZLnet/minecraft/client/Camera;Lnet/minecraft/client/renderer/GameRenderer;Lnet/minecraft/client/renderer/LightTexture;Lorg/joml/Matrix4f;Lorg/joml/Matrix4f;Lorg/spongepowered/asm/mixin/injection/callback/CallbackInfo;)V doesn't use it's CallbackInfo
[22May2025 19:33:28.604] [modloading-worker-0/DEBUG] [mixin/]: mixins.iris.json:MixinLevelRenderer from mod iris->@Inject::iris$beginWorldBorder(Lnet/minecraft/client/DeltaTracker;ZLnet/minecraft/client/Camera;Lnet/minecraft/client/renderer/GameRenderer;Lnet/minecraft/client/renderer/LightTexture;Lorg/joml/Matrix4f;Lorg/joml/Matrix4f;Lorg/spongepowered/asm/mixin/injection/callback/CallbackInfo;)V has 0 override(s) in child classes
[22May2025 19:33:28.604] [modloading-worker-0/DEBUG] [mixin/]: mixins.iris.json:MixinLevelRenderer from mod iris->@Inject::iris$beginWorldBorder(Lnet/minecraft/client/DeltaTracker;ZLnet/minecraft/client/Camera;Lnet/minecraft/client/renderer/GameRenderer;Lnet/minecraft/client/renderer/LightTexture;Lorg/joml/Matrix4f;Lorg/joml/Matrix4f;Lorg/spongepowered/asm/mixin/injection/callback/CallbackInfo;)V won't be passed a CallbackInfo as a result
[22May2025 19:33:28.604] [modloading-worker-0/DEBUG] [mixin/]: mixins.iris.json:MixinLevelRenderer from mod iris->@Inject::iris$beginWorldBorder(Lnet/minecraft/client/DeltaTracker;ZLnet/minecraft/client/Camera;Lnet/minecraft/client/renderer/GameRenderer;Lnet/minecraft/client/renderer/LightTexture;Lorg/joml/Matrix4f;Lorg/joml/Matrix4f;Lorg/spongepowered/asm/mixin/injection/callback/CallbackInfo;)V doesn't use it's CallbackInfo
[22May2025 19:33:28.604] [modloading-worker-0/DEBUG] [mixin/]: mixins.iris.json:MixinLevelRenderer from mod iris->@Inject::iris$beginWorldBorder(Lnet/minecraft/client/DeltaTracker;ZLnet/minecraft/client/Camera;Lnet/minecraft/client/renderer/GameRenderer;Lnet/minecraft/client/renderer/LightTexture;Lorg/joml/Matrix4f;Lorg/joml/Matrix4f;Lorg/spongepowered/asm/mixin/injection/callback/CallbackInfo;)V has 0 override(s) in child classes
[22May2025 19:33:28.604] [modloading-worker-0/DEBUG] [mixin/]: mixins.iris.json:MixinLevelRenderer from mod iris->@Inject::iris$beginWorldBorder(Lnet/minecraft/client/DeltaTracker;ZLnet/minecraft/client/Camera;Lnet/minecraft/client/renderer/GameRenderer;Lnet/minecraft/client/renderer/LightTexture;Lorg/joml/Matrix4f;Lorg/joml/Matrix4f;Lorg/spongepowered/asm/mixin/injection/callback/CallbackInfo;)V won't be passed a CallbackInfo as a result
[22May2025 19:33:28.604] [modloading-worker-0/DEBUG] [mixin/]: mixins.iris.json:MixinLevelRenderer from mod iris->@Inject::iris$endWorldBorder(Lnet/minecraft/client/DeltaTracker;ZLnet/minecraft/client/Camera;Lnet/minecraft/client/renderer/GameRenderer;Lnet/minecraft/client/renderer/LightTexture;Lorg/joml/Matrix4f;Lorg/joml/Matrix4f;Lorg/spongepowered/asm/mixin/injection/callback/CallbackInfo;)V doesn't use it's CallbackInfo
[22May2025 19:33:28.604] [modloading-worker-0/DEBUG] [mixin/]: mixins.iris.json:MixinLevelRenderer from mod iris->@Inject::iris$endWorldBorder(Lnet/minecraft/client/DeltaTracker;ZLnet/minecraft/client/Camera;Lnet/minecraft/client/renderer/GameRenderer;Lnet/minecraft/client/renderer/LightTexture;Lorg/joml/Matrix4f;Lorg/joml/Matrix4f;Lorg/spongepowered/asm/mixin/injection/callback/CallbackInfo;)V has 0 override(s) in child classes
[22May2025 19:33:28.604] [modloading-worker-0/DEBUG] [mixin/]: mixins.iris.json:MixinLevelRenderer from mod iris->@Inject::iris$endWorldBorder(Lnet/minecraft/client/DeltaTracker;ZLnet/minecraft/client/Camera;Lnet/minecraft/client/renderer/GameRenderer;Lnet/minecraft/client/renderer/LightTexture;Lorg/joml/Matrix4f;Lorg/joml/Matrix4f;Lorg/spongepowered/asm/mixin/injection/callback/CallbackInfo;)V won't be passed a CallbackInfo as a result
[22May2025 19:33:28.604] [modloading-worker-0/DEBUG] [mixin/]: mixins.iris.json:MixinLevelRenderer from mod iris->@Inject::iris$endWorldBorder(Lnet/minecraft/client/DeltaTracker;ZLnet/minecraft/client/Camera;Lnet/minecraft/client/renderer/GameRenderer;Lnet/minecraft/client/renderer/LightTexture;Lorg/joml/Matrix4f;Lorg/joml/Matrix4f;Lorg/spongepowered/asm/mixin/injection/callback/CallbackInfo;)V doesn't use it's CallbackInfo
[22May2025 19:33:28.604] [modloading-worker-0/DEBUG] [mixin/]: mixins.iris.json:MixinLevelRenderer from mod iris->@Inject::iris$endWorldBorder(Lnet/minecraft/client/DeltaTracker;ZLnet/minecraft/client/Camera;Lnet/minecraft/client/renderer/GameRenderer;Lnet/minecraft/client/renderer/LightTexture;Lorg/joml/Matrix4f;Lorg/joml/Matrix4f;Lorg/spongepowered/asm/mixin/injection/callback/CallbackInfo;)V has 0 override(s) in child classes
[22May2025 19:33:28.604] [modloading-worker-0/DEBUG] [mixin/]: mixins.iris.json:MixinLevelRenderer from mod iris->@Inject::iris$endWorldBorder(Lnet/minecraft/client/DeltaTracker;ZLnet/minecraft/client/Camera;Lnet/minecraft/client/renderer/GameRenderer;Lnet/minecraft/client/renderer/LightTexture;Lorg/joml/Matrix4f;Lorg/joml/Matrix4f;Lorg/spongepowered/asm/mixin/injection/callback/CallbackInfo;)V won't be passed a CallbackInfo as a result
[22May2025 19:33:28.604] [modloading-worker-0/DEBUG] [mixin/]: mixins.iris.json:MixinLevelRenderer from mod iris->@Inject::iris$setDebugRenderStage(Lnet/minecraft/client/DeltaTracker;ZLnet/minecraft/client/Camera;Lnet/minecraft/client/renderer/GameRenderer;Lnet/minecraft/client/renderer/LightTexture;Lorg/joml/Matrix4f;Lorg/joml/Matrix4f;Lorg/spongepowered/asm/mixin/injection/callback/CallbackInfo;)V doesn't use it's CallbackInfo
[22May2025 19:33:28.604] [modloading-worker-0/DEBUG] [mixin/]: mixins.iris.json:MixinLevelRenderer from mod iris->@Inject::iris$setDebugRenderStage(Lnet/minecraft/client/DeltaTracker;ZLnet/minecraft/client/Camera;Lnet/minecraft/client/renderer/GameRenderer;Lnet/minecraft/client/renderer/LightTexture;Lorg/joml/Matrix4f;Lorg/joml/Matrix4f;Lorg/spongepowered/asm/mixin/injection/callback/CallbackInfo;)V has 0 override(s) in child classes
[22May2025 19:33:28.604] [modloading-worker-0/DEBUG] [mixin/]: mixins.iris.json:MixinLevelRenderer from mod iris->@Inject::iris$setDebugRenderStage(Lnet/minecraft/client/DeltaTracker;ZLnet/minecraft/client/Camera;Lnet/minecraft/client/renderer/GameRenderer;Lnet/minecraft/client/renderer/LightTexture;Lorg/joml/Matrix4f;Lorg/joml/Matrix4f;Lorg/spongepowered/asm/mixin/injection/callback/CallbackInfo;)V won't be passed a CallbackInfo as a result
[22May2025 19:33:28.604] [modloading-worker-0/DEBUG] [mixin/]: mixins.iris.json:MixinLevelRenderer from mod iris->@Inject::iris$resetDebugRenderStage(Lnet/minecraft/client/DeltaTracker;ZLnet/minecraft/client/Camera;Lnet/minecraft/client/renderer/GameRenderer;Lnet/minecraft/client/renderer/LightTexture;Lorg/joml/Matrix4f;Lorg/joml/Matrix4f;Lorg/spongepowered/asm/mixin/injection/callback/CallbackInfo;)V doesn't use it's CallbackInfo
[22May2025 19:33:28.604] [modloading-worker-0/DEBUG] [mixin/]: mixins.iris.json:MixinLevelRenderer from mod iris->@Inject::iris$resetDebugRenderStage(Lnet/minecraft/client/DeltaTracker;ZLnet/minecraft/client/Camera;Lnet/minecraft/client/renderer/GameRenderer;Lnet/minecraft/client/renderer/LightTexture;Lorg/joml/Matrix4f;Lorg/joml/Matrix4f;Lorg/spongepowered/asm/mixin/injection/callback/CallbackInfo;)V has 0 override(s) in child classes
[22May2025 19:33:28.604] [modloading-worker-0/DEBUG] [mixin/]: mixins.iris.json:MixinLevelRenderer from mod iris->@Inject::iris$resetDebugRenderStage(Lnet/minecraft/client/DeltaTracker;ZLnet/minecraft/client/Camera;Lnet/minecraft/client/renderer/GameRenderer;Lnet/minecraft/client/renderer/LightTexture;Lorg/joml/Matrix4f;Lorg/joml/Matrix4f;Lorg/spongepowered/asm/mixin/injection/callback/CallbackInfo;)V won't be passed a CallbackInfo as a result
[22May2025 19:33:28.604] [modloading-worker-0/DEBUG] [mixin/]: mixins.iris.json:MixinLevelRenderer from mod iris->@Inject::iris$beginTranslucents(Lnet/minecraft/client/DeltaTracker;ZLnet/minecraft/client/Camera;Lnet/minecraft/client/renderer/GameRenderer;Lnet/minecraft/client/renderer/LightTexture;Lorg/joml/Matrix4f;Lorg/joml/Matrix4f;Lorg/spongepowered/asm/mixin/injection/callback/CallbackInfo;)V doesn't use it's CallbackInfo
[22May2025 19:33:28.604] [modloading-worker-0/DEBUG] [mixin/]: mixins.iris.json:MixinLevelRenderer from mod iris->@Inject::iris$beginTranslucents(Lnet/minecraft/client/DeltaTracker;ZLnet/minecraft/client/Camera;Lnet/minecraft/client/renderer/GameRenderer;Lnet/minecraft/client/renderer/LightTexture;Lorg/joml/Matrix4f;Lorg/joml/Matrix4f;Lorg/spongepowered/asm/mixin/injection/callback/CallbackInfo;)V has 0 override(s) in child classes
[22May2025 19:33:28.604] [modloading-worker-0/DEBUG] [mixin/]: mixins.iris.json:MixinLevelRenderer from mod iris->@Inject::iris$beginTranslucents(Lnet/minecraft/client/DeltaTracker;ZLnet/minecraft/client/Camera;Lnet/minecraft/client/renderer/GameRenderer;Lnet/minecraft/client/renderer/LightTexture;Lorg/joml/Matrix4f;Lorg/joml/Matrix4f;Lorg/spongepowered/asm/mixin/injection/callback/CallbackInfo;)V won't be passed a CallbackInfo as a result
[22May2025 19:33:28.604] [modloading-worker-0/DEBUG] [mixin/]: mixins.iris.json:MixinLevelRenderer from mod iris->@Inject::iris$beginTranslucents(Lnet/minecraft/client/DeltaTracker;ZLnet/minecraft/client/Camera;Lnet/minecraft/client/renderer/GameRenderer;Lnet/minecraft/client/renderer/LightTexture;Lorg/joml/Matrix4f;Lorg/joml/Matrix4f;Lorg/spongepowered/asm/mixin/injection/callback/CallbackInfo;)V doesn't use it's CallbackInfo
[22May2025 19:33:28.604] [modloading-worker-0/DEBUG] [mixin/]: mixins.iris.json:MixinLevelRenderer from mod iris->@Inject::iris$beginTranslucents(Lnet/minecraft/client/DeltaTracker;ZLnet/minecraft/client/Camera;Lnet/minecraft/client/renderer/GameRenderer;Lnet/minecraft/client/renderer/LightTexture;Lorg/joml/Matrix4f;Lorg/joml/Matrix4f;Lorg/spongepowered/asm/mixin/injection/callback/CallbackInfo;)V has 0 override(s) in child classes
[22May2025 19:33:28.604] [modloading-worker-0/DEBUG] [mixin/]: mixins.iris.json:MixinLevelRenderer from mod iris->@Inject::iris$beginTranslucents(Lnet/minecraft/client/DeltaTracker;ZLnet/minecraft/client/Camera;Lnet/minecraft/client/renderer/GameRenderer;Lnet/minecraft/client/renderer/LightTexture;Lorg/joml/Matrix4f;Lorg/joml/Matrix4f;Lorg/spongepowered/asm/mixin/injection/callback/CallbackInfo;)V won't be passed a CallbackInfo as a result
[22May2025 19:33:28.604] [modloading-worker-0/DEBUG] [mixin/]: mixins.iris.json:MixinLevelRenderer_Sky from mod iris->@Inject::preRenderSky(Lorg/joml/Matrix4f;Lorg/joml/Matrix4f;FLnet/minecraft/client/Camera;ZLjava/lang/Runnable;Lorg/spongepowered/asm/mixin/injection/callback/CallbackInfo;)V does use it's CallbackInfo
[22May2025 19:33:28.604] [modloading-worker-0/DEBUG] [mixin/]: mixins.iris.json:fabulous.MixinDisableFabulousGraphics from mod iris->@Inject::iris$disableFabulousGraphicsOnResourceReload(Lorg/spongepowered/asm/mixin/injection/callback/CallbackInfo;)V doesn't use it's CallbackInfo
[22May2025 19:33:28.604] [modloading-worker-0/DEBUG] [mixin/]: mixins.iris.json:fabulous.MixinDisableFabulousGraphics from mod iris->@Inject::iris$disableFabulousGraphicsOnResourceReload(Lorg/spongepowered/asm/mixin/injection/callback/CallbackInfo;)V has 0 override(s) in child classes
[22May2025 19:33:28.604] [modloading-worker-0/DEBUG] [mixin/]: mixins.iris.json:fabulous.MixinDisableFabulousGraphics from mod iris->@Inject::iris$disableFabulousGraphicsOnResourceReload(Lorg/spongepowered/asm/mixin/injection/callback/CallbackInfo;)V won't be passed a CallbackInfo as a result
[22May2025 19:33:28.604] [modloading-worker-0/DEBUG] [mixin/]: mixins.iris.json:fabulous.MixinDisableFabulousGraphics from mod iris->@Inject::iris$disableFabulousGraphicsOnLevelRendererReload(Lorg/spongepowered/asm/mixin/injection/callback/CallbackInfo;)V doesn't use it's CallbackInfo
[22May2025 19:33:28.604] [modloading-worker-0/DEBUG] [mixin/]: mixins.iris.json:fabulous.MixinDisableFabulousGraphics from mod iris->@Inject::iris$disableFabulousGraphicsOnLevelRendererReload(Lorg/spongepowered/asm/mixin/injection/callback/CallbackInfo;)V has 0 override(s) in child classes
[22May2025 19:33:28.604] [modloading-worker-0/DEBUG] [mixin/]: mixins.iris.json:fabulous.MixinDisableFabulousGraphics from mod iris->@Inject::iris$disableFabulousGraphicsOnLevelRendererReload(Lorg/spongepowered/asm/mixin/injection/callback/CallbackInfo;)V won't be passed a CallbackInfo as a result
[22May2025 19:33:28.605] [modloading-worker-0/DEBUG] [mixin/]: sodium-common.mixins.json:core.render.world.LevelRendererMixin from mod sodium->@Inject::init(Lnet/minecraft/client/Minecraft;Lnet/minecraft/client/renderer/entity/EntityRenderDispatcher;Lnet/minecraft/client/renderer/blockentity/BlockEntityRenderDispatcher;Lnet/minecraft/client/renderer/RenderBuffers;Lorg/spongepowered/asm/mixin/injection/callback/CallbackInfo;)V doesn't use it's CallbackInfo
[22May2025 19:33:28.605] [modloading-worker-0/DEBUG] [mixin/]: sodium-common.mixins.json:core.render.world.LevelRendererMixin from mod sodium->@Inject::init(Lnet/minecraft/client/Minecraft;Lnet/minecraft/client/renderer/entity/EntityRenderDispatcher;Lnet/minecraft/client/renderer/blockentity/BlockEntityRenderDispatcher;Lnet/minecraft/client/renderer/RenderBuffers;Lorg/spongepowered/asm/mixin/injection/callback/CallbackInfo;)V has 0 override(s) in child classes
[22May2025 19:33:28.605] [modloading-worker-0/DEBUG] [mixin/]: sodium-common.mixins.json:core.render.world.LevelRendererMixin from mod sodium->@Inject::init(Lnet/minecraft/client/Minecraft;Lnet/minecraft/client/renderer/entity/EntityRenderDispatcher;Lnet/minecraft/client/renderer/blockentity/BlockEntityRenderDispatcher;Lnet/minecraft/client/renderer/RenderBuffers;Lorg/spongepowered/asm/mixin/injection/callback/CallbackInfo;)V won't be passed a CallbackInfo as a result
[22May2025 19:33:28.605] [modloading-worker-0/DEBUG] [mixin/]: sodium-common.mixins.json:core.render.world.LevelRendererMixin from mod sodium->@Inject::onWorldChanged(Lnet/minecraft/client/multiplayer/ClientLevel;Lorg/spongepowered/asm/mixin/injection/callback/CallbackInfo;)V doesn't use it's CallbackInfo
[22May2025 19:33:28.605] [modloading-worker-0/DEBUG] [mixin/]: sodium-common.mixins.json:core.render.world.LevelRendererMixin from mod sodium->@Inject::onWorldChanged(Lnet/minecraft/client/multiplayer/ClientLevel;Lorg/spongepowered/asm/mixin/injection/callback/CallbackInfo;)V has 0 override(s) in child classes
[22May2025 19:33:28.605] [modloading-worker-0/DEBUG] [mixin/]: sodium-common.mixins.json:core.render.world.LevelRendererMixin from mod sodium->@Inject::onWorldChanged(Lnet/minecraft/client/multiplayer/ClientLevel;Lorg/spongepowered/asm/mixin/injection/callback/CallbackInfo;)V won't be passed a CallbackInfo as a result
[22May2025 19:33:28.605] [modloading-worker-0/DEBUG] [mixin/]: sodium-common.mixins.json:core.render.world.LevelRendererMixin from mod sodium->@Inject::onTerrainUpdateScheduled(Lorg/spongepowered/asm/mixin/injection/callback/CallbackInfo;)V doesn't use it's CallbackInfo
[22May2025 19:33:28.605] [modloading-worker-0/DEBUG] [mixin/]: sodium-common.mixins.json:core.render.world.LevelRendererMixin from mod sodium->@Inject::onTerrainUpdateScheduled(Lorg/spongepowered/asm/mixin/injection/callback/CallbackInfo;)V has 0 override(s) in child classes
[22May2025 19:33:28.605] [modloading-worker-0/DEBUG] [mixin/]: sodium-common.mixins.json:core.render.world.LevelRendererMixin from mod sodium->@Inject::onTerrainUpdateScheduled(Lorg/spongepowered/asm/mixin/injection/callback/CallbackInfo;)V won't be passed a CallbackInfo as a result
[22May2025 19:33:28.605] [modloading-worker-0/DEBUG] [mixin/]: sodium-common.mixins.json:core.render.world.LevelRendererMixin from mod sodium->@Inject::onReload(Lorg/spongepowered/asm/mixin/injection/callback/CallbackInfo;)V doesn't use it's CallbackInfo
[22May2025 19:33:28.605] [modloading-worker-0/DEBUG] [mixin/]: sodium-common.mixins.json:core.render.world.LevelRendererMixin from mod sodium->@Inject::onReload(Lorg/spongepowered/asm/mixin/injection/callback/CallbackInfo;)V has 0 override(s) in child classes
[22May2025 19:33:28.605] [modloading-worker-0/DEBUG] [mixin/]: sodium-common.mixins.json:core.render.world.LevelRendererMixin from mod sodium->@Inject::onReload(Lorg/spongepowered/asm/mixin/injection/callback/CallbackInfo;)V won't be passed a CallbackInfo as a result
[22May2025 19:33:28.605] [modloading-worker-0/DEBUG] [mixin/]: sodium-common.mixins.json:core.render.world.LevelRendererMixin from mod sodium->@Inject::onRenderBlockEntities(Lnet/minecraft/client/DeltaTracker;ZLnet/minecraft/client/Camera;Lnet/minecraft/client/renderer/GameRenderer;Lnet/minecraft/client/renderer/LightTexture;Lorg/joml/Matrix4f;Lorg/joml/Matrix4f;Lorg/spongepowered/asm/mixin/injection/callback/CallbackInfo;)V doesn't use it's CallbackInfo
[22May2025 19:33:28.605] [modloading-worker-0/DEBUG] [mixin/]: sodium-common.mixins.json:core.render.world.LevelRendererMixin from mod sodium->@Inject::onRenderBlockEntities(Lnet/minecraft/client/DeltaTracker;ZLnet/minecraft/client/Camera;Lnet/minecraft/client/renderer/GameRenderer;Lnet/minecraft/client/renderer/LightTexture;Lorg/joml/Matrix4f;Lorg/joml/Matrix4f;Lorg/spongepowered/asm/mixin/injection/callback/CallbackInfo;)V has 0 override(s) in child classes
[22May2025 19:33:28.605] [modloading-worker-0/DEBUG] [mixin/]: sodium-common.mixins.json:core.render.world.LevelRendererMixin from mod sodium->@Inject::onRenderBlockEntities(Lnet/minecraft/client/DeltaTracker;ZLnet/minecraft/client/Camera;Lnet/minecraft/client/renderer/GameRenderer;Lnet/minecraft/client/renderer/LightTexture;Lorg/joml/Matrix4f;Lorg/joml/Matrix4f;Lorg/spongepowered/asm/mixin/injection/callback/CallbackInfo;)V won't be passed a CallbackInfo as a result
[22May2025 19:33:28.607] [modloading-worker-0/DEBUG] [mixin/]: sodium-common.mixins.json:core.render.world.LevelRendererMixin from mod sodium->@Inject::replaceBlockEntityIteration(Ljava/util/function/Consumer;Lorg/spongepowered/asm/mixin/injection/callback/CallbackInfo;)V does use it's CallbackInfo
[22May2025 19:33:28.607] [modloading-worker-0/DEBUG] [mixin/]: sodium-common.mixins.json:features.render.gui.outlines.LevelRendererMixin from mod sodium->@Inject::drawBoxFast(Lcom/mojang/blaze3d/vertex/PoseStack;Lcom/mojang/blaze3d/vertex/VertexConsumer;DDDDDDFFFFFFFLorg/spongepowered/asm/mixin/injection/callback/CallbackInfo;)V does use it's CallbackInfo
[22May2025 19:33:28.607] [modloading-worker-0/DEBUG] [mixin/]: sodium-common.mixins.json:features.render.world.clouds.LevelRendererMixin from mod sodium->@Inject::renderClouds(Lcom/mojang/blaze3d/vertex/PoseStack;Lorg/joml/Matrix4f;Lorg/joml/Matrix4f;FDDDLorg/spongepowered/asm/mixin/injection/callback/CallbackInfo;)V does use it's CallbackInfo
[22May2025 19:33:28.607] [modloading-worker-0/DEBUG] [mixin/]: sodium-common.mixins.json:features.render.world.clouds.LevelRendererMixin from mod sodium->@Inject::onReload(Lnet/minecraft/server/packs/resources/ResourceManager;Lorg/spongepowered/asm/mixin/injection/callback/CallbackInfo;)V doesn't use it's CallbackInfo
[22May2025 19:33:28.607] [modloading-worker-0/DEBUG] [mixin/]: sodium-common.mixins.json:features.render.world.clouds.LevelRendererMixin from mod sodium->@Inject::onReload(Lnet/minecraft/server/packs/resources/ResourceManager;Lorg/spongepowered/asm/mixin/injection/callback/CallbackInfo;)V has 0 override(s) in child classes
[22May2025 19:33:28.607] [modloading-worker-0/DEBUG] [mixin/]: sodium-common.mixins.json:features.render.world.clouds.LevelRendererMixin from mod sodium->@Inject::onReload(Lnet/minecraft/server/packs/resources/ResourceManager;Lorg/spongepowered/asm/mixin/injection/callback/CallbackInfo;)V won't be passed a CallbackInfo as a result
[22May2025 19:33:28.607] [modloading-worker-0/DEBUG] [mixin/]: sodium-common.mixins.json:features.render.world.clouds.LevelRendererMixin from mod sodium->@Inject::onReload(Lorg/spongepowered/asm/mixin/injection/callback/CallbackInfo;)V doesn't use it's CallbackInfo
[22May2025 19:33:28.607] [modloading-worker-0/DEBUG] [mixin/]: sodium-common.mixins.json:features.render.world.clouds.LevelRendererMixin from mod sodium->@Inject::onReload(Lorg/spongepowered/asm/mixin/injection/callback/CallbackInfo;)V has 0 override(s) in child classes
[22May2025 19:33:28.607] [modloading-worker-0/DEBUG] [mixin/]: sodium-common.mixins.json:features.render.world.clouds.LevelRendererMixin from mod sodium->@Inject::onReload(Lorg/spongepowered/asm/mixin/injection/callback/CallbackInfo;)V won't be passed a CallbackInfo as a result
[22May2025 19:33:28.607] [modloading-worker-0/DEBUG] [mixin/]: sodium-common.mixins.json:features.render.world.clouds.LevelRendererMixin from mod sodium->@Inject::onClose(Lorg/spongepowered/asm/mixin/injection/callback/CallbackInfo;)V doesn't use it's CallbackInfo
[22May2025 19:33:28.607] [modloading-worker-0/DEBUG] [mixin/]: sodium-common.mixins.json:features.render.world.clouds.LevelRendererMixin from mod sodium->@Inject::onClose(Lorg/spongepowered/asm/mixin/injection/callback/CallbackInfo;)V has 0 override(s) in child classes
[22May2025 19:33:28.607] [modloading-worker-0/DEBUG] [mixin/]: sodium-common.mixins.json:features.render.world.clouds.LevelRendererMixin from mod sodium->@Inject::onClose(Lorg/spongepowered/asm/mixin/injection/callback/CallbackInfo;)V won't be passed a CallbackInfo as a result
[22May2025 19:33:28.607] [modloading-worker-0/DEBUG] [mixin/]: mixins.iris.json:shadows.MixinPreventRebuildNearInShadowPass from mod iris->@Inject::iris$preventRebuildNearInShadowPass(Lnet/minecraft/client/Camera;Lnet/minecraft/client/renderer/culling/Frustum;ZZLorg/spongepowered/asm/mixin/injection/callback/CallbackInfo;)V doesn't use it's CallbackInfo
[22May2025 19:33:28.607] [modloading-worker-0/DEBUG] [mixin/]: mixins.iris.json:shadows.MixinPreventRebuildNearInShadowPass from mod iris->@Inject::iris$preventRebuildNearInShadowPass(Lnet/minecraft/client/Camera;Lnet/minecraft/client/renderer/culling/Frustum;ZZLorg/spongepowered/asm/mixin/injection/callback/CallbackInfo;)V has 0 override(s) in child classes
[22May2025 19:33:28.607] [modloading-worker-0/DEBUG] [mixin/]: mixins.iris.json:shadows.MixinPreventRebuildNearInShadowPass from mod iris->@Inject::iris$preventRebuildNearInShadowPass(Lnet/minecraft/client/Camera;Lnet/minecraft/client/renderer/culling/Frustum;ZZLorg/spongepowered/asm/mixin/injection/callback/CallbackInfo;)V won't be passed a CallbackInfo as a result
[22May2025 19:33:28.628] [modloading-worker-0/DEBUG] [net.neoforged.fml.javafmlmod.AutomaticEventSubscriber/LOADING]: Attempting to inject @EventBusSubscriber classes into the eventbus for neoforge
[22May2025 19:33:28.628] [modloading-worker-0/DEBUG] [net.neoforged.fml.javafmlmod.AutomaticEventSubscriber/LOADING]: Auto-subscribing net.neoforged.neoforge.server.command.ConfigCommand to GAME
[22May2025 19:33:28.630] [modloading-worker-0/DEBUG] [mixin/]: Mixing core.render.frustum.FrustumMixin from sodium-common.mixins.json into net.minecraft.client.renderer.culling.Frustum
[22May2025 19:33:28.640] [modloading-worker-0/DEBUG] [mixin/]: sodium-common.mixins.json:core.render.frustum.FrustumMixin from mod sodium: Class version 65 required is higher than the class version supported by the current version of Mixin (JAVA_17 supports class version 61)
[22May2025 19:33:28.641] [modloading-worker-0/DEBUG] [net.neoforged.fml.javafmlmod.AutomaticEventSubscriber/LOADING]: Auto-subscribing net.neoforged.neoforge.network.filters.GenericPacketSplitter to MOD
[22May2025 19:33:28.641] [modloading-worker-0/DEBUG] [net.neoforged.fml.javafmlmod.AutomaticEventSubscriber/LOADING]: Attempting to inject @EventBusSubscriber classes into the eventbus for titanium
[22May2025 19:33:28.660] [modloading-worker-0/DEBUG] [net.neoforged.fml.javafmlmod.AutomaticEventSubscriber/LOADING]: Attempting to inject @EventBusSubscriber classes into the eventbus for sodium
[22May2025 19:33:28.692] [modloading-worker-0/DEBUG] [net.neoforged.fml.javafmlmod.AutomaticEventSubscriber/LOADING]: Attempting to inject @EventBusSubscriber classes into the eventbus for enderio_conduits
[22May2025 19:33:28.692] [modloading-worker-0/DEBUG] [net.neoforged.fml.javafmlmod.AutomaticEventSubscriber/LOADING]: Auto-subscribing com.enderio.conduits.EnderIOConduits to MOD
[22May2025 19:33:28.695] [modloading-worker-0/DEBUG] [net.neoforged.fml.javafmlmod.AutomaticEventSubscriber/LOADING]: Auto-subscribing com.enderio.conduits.common.network.ConduitNetwork to MOD
[22May2025 19:33:28.697] [modloading-worker-0/DEBUG] [net.neoforged.fml.javafmlmod.AutomaticEventSubscriber/LOADING]: Auto-subscribing com.enderio.conduits.common.conduit.ConduitBlockItem to MOD
[22May2025 19:33:28.699] [modloading-worker-0/DEBUG] [mezz.jei.common.config.file.ConfigSerializer/]: Loading config file: D:\Modding\Simple Incubator\run\config\jei\jei-debug.ini
[22May2025 19:33:28.703] [modloading-worker-0/DEBUG] [mezz.jei.common.config.file.ConfigSchema/]: Localization has not loaded yet, waiting to save the config file until JEI starts.
[22May2025 19:33:28.718] [modloading-worker-0/DEBUG] [net.neoforged.fml.javafmlmod.AutomaticEventSubscriber/LOADING]: Auto-subscribing com.enderio.conduits.common.conduit.ConduitSavedData to GAME
[22May2025 19:33:28.719] [modloading-worker-0/DEBUG] [mezz.jei.common.config.file.ConfigSerializer/]: Loading config file: D:\Modding\Simple Incubator\run\config\jei\jei-mod-id-format.ini
[22May2025 19:33:28.719] [modloading-worker-0/DEBUG] [mezz.jei.common.config.file.ConfigSchema/]: Localization has not loaded yet, waiting to save the config file until JEI starts.
[22May2025 19:33:28.731] [modloading-worker-0/DEBUG] [mezz.jei.common.config.file.ConfigSerializer/]: Loading config file: D:\Modding\Simple Incubator\run\config\jei\jei-colors.ini
[22May2025 19:33:28.735] [modloading-worker-0/DEBUG] [mezz.jei.common.config.file.ConfigSchema/]: Localization has not loaded yet, waiting to save the config file until JEI starts.
[22May2025 19:33:28.751] [modloading-worker-0/DEBUG] [net.neoforged.fml.javafmlmod.AutomaticEventSubscriber/LOADING]: Auto-subscribing com.enderio.conduits.common.conduit.block.ConduitBundleBlock to GAME
[22May2025 19:33:28.766] [modloading-worker-0/DEBUG] [net.neoforged.fml.javafmlmod.AutomaticEventSubscriber/LOADING]: Auto-subscribing com.enderio.conduits.common.conduit.ConduitSorter to GAME
[22May2025 19:33:28.770] [modloading-worker-0/DEBUG] [mezz.jei.common.config.file.ConfigSerializer/]: Loading config file: D:\Modding\Simple Incubator\run\config\jei\jei-client.ini
[22May2025 19:33:28.771] [modloading-worker-0/DEBUG] [mezz.jei.common.config.file.ConfigSchema/]: Localization has not loaded yet, waiting to save the config file until JEI starts.
[22May2025 19:33:28.772] [modloading-worker-0/DEBUG] [net.neoforged.fml.javafmlmod.AutomaticEventSubscriber/LOADING]: Auto-subscribing com.enderio.conduits.common.init.ConduitBlockEntities to MOD
[22May2025 19:33:28.773] [modloading-worker-0/DEBUG] [net.neoforged.fml.javafmlmod.AutomaticEventSubscriber/LOADING]: Auto-subscribing com.enderio.conduits.client.ConduitHighlightEvent to GAME
[22May2025 19:33:28.775] [modloading-worker-0/DEBUG] [net.neoforged.fml.javafmlmod.AutomaticEventSubscriber/LOADING]: Auto-subscribing com.enderio.conduits.client.ConduitFacadeRendering to GAME
[22May2025 19:33:28.781] [modloading-worker-0/DEBUG] [io.netty.buffer.AbstractByteBuf/]: -Dio.netty.buffer.checkAccessible: true
[22May2025 19:33:28.781] [modloading-worker-0/DEBUG] [io.netty.buffer.AbstractByteBuf/]: -Dio.netty.buffer.checkBounds: true
[22May2025 19:33:28.781] [modloading-worker-0/DEBUG] [net.neoforged.fml.javafmlmod.AutomaticEventSubscriber/LOADING]: Auto-subscribing com.enderio.conduits.client.ConduitClientSetup to MOD
[22May2025 19:33:28.785] [modloading-worker-0/DEBUG] [io.netty.util.ResourceLeakDetectorFactory/]: Loaded default ResourceLeakDetector: io.netty.util.ResourceLeakDetector@3d80441f
[22May2025 19:33:28.787] [modloading-worker-0/DEBUG] [mixin/]: Mixing client.BakedModelMixin from fabric-renderer-api-v1.mixins.json into net.minecraft.client.resources.model.BakedModel
[22May2025 19:33:28.787] [modloading-worker-0/DEBUG] [mixin/]: Mixing features.render.frapi.BakedModelMixin from sodium-common.mixins.json into net.minecraft.client.resources.model.BakedModel
[22May2025 19:33:28.787] [modloading-worker-0/DEBUG] [mixin/]: sodium-common.mixins.json:features.render.frapi.BakedModelMixin from mod sodium: Class version 65 required is higher than the class version supported by the current version of Mixin (JAVA_17 supports class version 61)
[22May2025 19:33:28.789] [modloading-worker-0/INFO] [mezz.jei.library.load.PluginCaller/]: Sending ConfigManager...
[22May2025 19:33:28.795] [modloading-worker-0/DEBUG] [mezz.jei.library.load.PluginCallerTimerRunnable/]: Sending ConfigManager: jei:minecraft...
[22May2025 19:33:28.795] [modloading-worker-0/DEBUG] [mezz.jei.library.load.PluginCallerTimerRunnable/]: Sending ConfigManager: industrialforegoing:default...
[22May2025 19:33:28.795] [modloading-worker-0/DEBUG] [mezz.jei.library.load.PluginCallerTimerRunnable/]: Sending ConfigManager: enderio:conduits...
[22May2025 19:33:28.795] [modloading-worker-0/DEBUG] [mezz.jei.library.load.PluginCallerTimerRunnable/]: Sending ConfigManager: titanium:default...
[22May2025 19:33:28.795] [modloading-worker-0/DEBUG] [mezz.jei.library.load.PluginCallerTimerRunnable/]: Sending ConfigManager: jade:main...
[22May2025 19:33:28.795] [modloading-worker-0/DEBUG] [mezz.jei.library.load.PluginCallerTimerRunnable/]: Sending ConfigManager: jei:neoforge_gui...
[22May2025 19:33:28.795] [modloading-worker-0/DEBUG] [mezz.jei.library.load.PluginCallerTimerRunnable/]: Sending ConfigManager: jei:debug...
[22May2025 19:33:28.795] [modloading-worker-0/DEBUG] [mezz.jei.library.load.PluginCallerTimerRunnable/]: Sending ConfigManager: jei:gui...
[22May2025 19:33:28.795] [modloading-worker-0/DEBUG] [mezz.jei.library.load.PluginCallerTimerRunnable/]: Sending ConfigManager: enderio:base...
[22May2025 19:33:28.795] [modloading-worker-0/DEBUG] [mezz.jei.library.load.PluginCallerTimerRunnable/]: Sending ConfigManager: mekanism:jei_plugin...
[22May2025 19:33:28.795] [modloading-worker-0/DEBUG] [mezz.jei.library.load.PluginCallerTimerRunnable/]: Sending ConfigManager: mekanismgenerators:jei_plugin...
[22May2025 19:33:28.795] [modloading-worker-0/DEBUG] [mezz.jei.library.load.PluginCallerTimerRunnable/]: Sending ConfigManager: justdirethings:jei_plugin...
[22May2025 19:33:28.795] [modloading-worker-0/DEBUG] [mezz.jei.library.load.PluginCallerTimerRunnable/]: Sending ConfigManager: enderio:machines...
[22May2025 19:33:28.795] [modloading-worker-0/DEBUG] [mezz.jei.library.load.PluginCallerTimerRunnable/]: Sending ConfigManager: jei:internal...
[22May2025 19:33:28.798] [modloading-worker-0/DEBUG] [net.neoforged.fml.javafmlmod.AutomaticEventSubscriber/LOADING]: Auto-subscribing com.enderio.conduits.client.model.conduit.facades.FacadeVisibilityHandler to GAME
[22May2025 19:33:28.802] [modloading-worker-0/INFO] [mezz.jei.library.load.PluginCaller/]: Sending ConfigManager took 6.068 ms
[22May2025 19:33:28.814] [modloading-worker-0/DEBUG] [net.neoforged.fml.javafmlmod.AutomaticEventSubscriber/LOADING]: Attempting to inject @EventBusSubscriber classes into the eventbus for jei
[22May2025 19:33:28.826] [modloading-worker-0/DEBUG] [io.netty.util.internal.InternalThreadLocalMap/]: -Dio.netty.threadLocalMap.stringBuilder.initialSize: 1024
[22May2025 19:33:28.826] [modloading-worker-0/DEBUG] [io.netty.util.internal.InternalThreadLocalMap/]: -Dio.netty.threadLocalMap.stringBuilder.maxSize: 4096
[22May2025 19:33:28.836] [modloading-worker-0/DEBUG] [io.netty.buffer.PooledByteBufAllocator/]: -Dio.netty.allocator.numHeapArenas: 32
[22May2025 19:33:28.836] [modloading-worker-0/DEBUG] [io.netty.buffer.PooledByteBufAllocator/]: -Dio.netty.allocator.numDirectArenas: 32
[22May2025 19:33:28.836] [modloading-worker-0/DEBUG] [io.netty.buffer.PooledByteBufAllocator/]: -Dio.netty.allocator.pageSize: 8192
[22May2025 19:33:28.836] [modloading-worker-0/DEBUG] [io.netty.buffer.PooledByteBufAllocator/]: -Dio.netty.allocator.maxOrder: 9
[22May2025 19:33:28.836] [modloading-worker-0/DEBUG] [io.netty.buffer.PooledByteBufAllocator/]: -Dio.netty.allocator.chunkSize: 4194304
[22May2025 19:33:28.836] [modloading-worker-0/DEBUG] [io.netty.buffer.PooledByteBufAllocator/]: -Dio.netty.allocator.smallCacheSize: 256
[22May2025 19:33:28.836] [modloading-worker-0/DEBUG] [io.netty.buffer.PooledByteBufAllocator/]: -Dio.netty.allocator.normalCacheSize: 64
[22May2025 19:33:28.836] [modloading-worker-0/DEBUG] [io.netty.buffer.PooledByteBufAllocator/]: -Dio.netty.allocator.maxCachedBufferCapacity: 32768
[22May2025 19:33:28.836] [modloading-worker-0/DEBUG] [io.netty.buffer.PooledByteBufAllocator/]: -Dio.netty.allocator.cacheTrimInterval: 8192
[22May2025 19:33:28.836] [modloading-worker-0/DEBUG] [io.netty.buffer.PooledByteBufAllocator/]: -Dio.netty.allocator.cacheTrimIntervalMillis: 0
[22May2025 19:33:28.836] [modloading-worker-0/DEBUG] [io.netty.buffer.PooledByteBufAllocator/]: -Dio.netty.allocator.useCacheForAllThreads: false
[22May2025 19:33:28.836] [modloading-worker-0/DEBUG] [io.netty.buffer.PooledByteBufAllocator/]: -Dio.netty.allocator.maxCachedByteBuffersPerChunk: 1023
[22May2025 19:33:28.859] [modloading-worker-0/DEBUG] [io.netty.buffer.ByteBufUtil/]: -Dio.netty.allocator.type: pooled
[22May2025 19:33:28.859] [modloading-worker-0/DEBUG] [io.netty.buffer.ByteBufUtil/]: -Dio.netty.threadLocalDirectBufferSize: 0
[22May2025 19:33:28.859] [modloading-worker-0/DEBUG] [io.netty.buffer.ByteBufUtil/]: -Dio.netty.maxThreadLocalCharBufferSize: 16384
[22May2025 19:33:28.865] [modloading-worker-0/DEBUG] [net.neoforged.fml.config.ConfigTracker/CONFIG]: Config file industrialforegoing/machine-misc.toml for industrialforegoing tracking
[22May2025 19:33:28.868] [modloading-worker-0/DEBUG] [net.neoforged.fml.config.ConfigTracker/CONFIG]: Config file industrialforegoing/machine-core.toml for industrialforegoing tracking
[22May2025 19:33:28.876] [modloading-worker-0/DEBUG] [net.neoforged.fml.config.ConfigTracker/CONFIG]: Config file industrialforegoing/machine-agriculture-husbandry.toml for industrialforegoing tracking
[22May2025 19:33:28.886] [modloading-worker-0/DEBUG] [net.neoforged.fml.config.ConfigTracker/CONFIG]: Config file industrialforegoing/machine-resource-production.toml for industrialforegoing tracking
[22May2025 19:33:28.888] [modloading-worker-0/DEBUG] [net.neoforged.fml.config.ConfigTracker/CONFIG]: Config file industrialforegoing/machine-generator.toml for industrialforegoing tracking
[22May2025 19:33:28.888] [modloading-worker-0/DEBUG] [net.neoforged.fml.config.ConfigTracker/CONFIG]: Config file industrialforegoing/client-config.toml for industrialforegoing tracking
[22May2025 19:33:28.888] [modloading-worker-0/DEBUG] [net.neoforged.fml.javafmlmod.AutomaticEventSubscriber/LOADING]: Auto-subscribing net.neoforged.neoforge.network.NetworkInitialization to MOD
[22May2025 19:33:28.891] [modloading-worker-0/DEBUG] [net.neoforged.fml.javafmlmod.AutomaticEventSubscriber/LOADING]: Auto-subscribing net.neoforged.neoforge.network.ConfigurationInitialization to MOD
[22May2025 19:33:28.902] [modloading-worker-0/DEBUG] [net.neoforged.fml.javafmlmod.AutomaticEventSubscriber/LOADING]: Auto-subscribing net.neoforged.neoforge.common.MonsterRoomHooks to GAME
[22May2025 19:33:28.908] [modloading-worker-0/DEBUG] [mixin/]: Mixing render.entity.MixinLivingEntityRenderer from sodium-extra.mixins.json into net.minecraft.client.renderer.entity.LivingEntityRenderer
[22May2025 19:33:28.908] [modloading-worker-0/DEBUG] [mixin/]: sodium-extra.mixins.json:render.entity.MixinLivingEntityRenderer from mod sodium_extra: Class version 65 required is higher than the class version supported by the current version of Mixin (JAVA_17 supports class version 61)
[22May2025 19:33:28.908] [modloading-worker-0/DEBUG] [net.neoforged.fml.javafmlmod.AutomaticEventSubscriber/LOADING]: Auto-subscribing net.neoforged.neoforge.common.DeferredSpawnEggItem$CommonHandler to MOD
[22May2025 19:33:28.909] [modloading-worker-0/DEBUG] [mixin/]: Mixing GliderRotationMixin from enderiobase.mixins.json into net.minecraft.client.renderer.entity.LivingEntityRenderer
[22May2025 19:33:28.909] [modloading-worker-0/DEBUG] [mixin/]: enderiobase.mixins.json:GliderRotationMixin from mod enderio_base: Class version 65 required is higher than the class version supported by the current version of Mixin (JAVA_17 supports class version 61)
[22May2025 19:33:28.909] [modloading-worker-0/DEBUG] [mixin/]: Mixing firstPerson.LivingEntityRendererMixin from playerAnimator-common.mixins.json into net.minecraft.client.renderer.entity.LivingEntityRenderer
[22May2025 19:33:28.909] [modloading-worker-0/DEBUG] [mixin/]: Renaming synthetic method lambda$filterLayers$0(Ljava/lang/Object;)Z to md60ac39$playeranimator$lambda$filterLayers$0$0 in playerAnimator-common.mixins.json:firstPerson.LivingEntityRendererMixin from mod playeranimator
[22May2025 19:33:28.912] [modloading-worker-0/DEBUG] [mixin/]: sodium-extra.mixins.json:render.entity.MixinLivingEntityRenderer from mod sodium_extra->@Inject::onRender(Lnet/minecraft/world/entity/LivingEntity;FFLcom/mojang/blaze3d/vertex/PoseStack;Lnet/minecraft/client/renderer/MultiBufferSource;ILorg/spongepowered/asm/mixin/injection/callback/CallbackInfo;)V does use it's CallbackInfo
[22May2025 19:33:28.912] [modloading-worker-0/DEBUG] [mixin/]: sodium-extra.mixins.json:render.entity.MixinLivingEntityRenderer from mod sodium_extra->@Inject::shouldShowName(Lnet/minecraft/world/entity/LivingEntity;Lorg/spongepowered/asm/mixin/injection/callback/CallbackInfoReturnable;)V does use it's CallbackInfoReturnable
[22May2025 19:33:28.913] [modloading-worker-0/DEBUG] [mixin/]: Mixing client.compat121plus.EntityRendererMixin from pehkui.mixins.json into net.minecraft.client.renderer.entity.EntityRenderer
[22May2025 19:33:28.913] [modloading-worker-0/DEBUG] [mixin/]: pehkui.mixins.json:client.compat121plus.EntityRendererMixin from mod pehkui: Class version 65 required is higher than the class version supported by the current version of Mixin (JAVA_17 supports class version 61)
[22May2025 19:33:28.914] [modloading-worker-0/DEBUG] [mixin/]: Mixing entity_render_context.MixinEntityRenderer from mixins.iris.json into net.minecraft.client.renderer.entity.EntityRenderer
[22May2025 19:33:28.914] [modloading-worker-0/DEBUG] [mixin/]: mixins.iris.json:entity_render_context.MixinEntityRenderer from mod iris: Class version 65 required is higher than the class version supported by the current version of Mixin (JAVA_8 supports class version 52)
[22May2025 19:33:28.914] [modloading-worker-0/DEBUG] [mixin/]: Mixing features.render.entity.cull.EntityRendererMixin from sodium-common.mixins.json into net.minecraft.client.renderer.entity.EntityRenderer
[22May2025 19:33:28.914] [modloading-worker-0/DEBUG] [mixin/]: sodium-common.mixins.json:features.render.entity.cull.EntityRendererMixin from mod sodium: Class version 65 required is higher than the class version supported by the current version of Mixin (JAVA_17 supports class version 61)
[22May2025 19:33:28.916] [modloading-worker-0/DEBUG] [mixin/]: pehkui.mixins.json:client.compat121plus.EntityRendererMixin from mod pehkui->@Inject::pehkui$renderLeash$head(Lnet/minecraft/world/entity/Entity;FLcom/mojang/blaze3d/vertex/PoseStack;Lnet/minecraft/client/renderer/MultiBufferSource;Lnet/minecraft/world/entity/Entity;Lorg/spongepowered/asm/mixin/injection/callback/CallbackInfo;)V doesn't use it's CallbackInfo
[22May2025 19:33:28.916] [modloading-worker-0/DEBUG] [mixin/]: pehkui.mixins.json:client.compat121plus.EntityRendererMixin from mod pehkui->@Inject::pehkui$renderLeash$head(Lnet/minecraft/world/entity/Entity;FLcom/mojang/blaze3d/vertex/PoseStack;Lnet/minecraft/client/renderer/MultiBufferSource;Lnet/minecraft/world/entity/Entity;Lorg/spongepowered/asm/mixin/injection/callback/CallbackInfo;)V has 0 override(s) in child classes
[22May2025 19:33:28.916] [modloading-worker-0/DEBUG] [mixin/]: pehkui.mixins.json:client.compat121plus.EntityRendererMixin from mod pehkui->@Inject::pehkui$renderLeash$head(Lnet/minecraft/world/entity/Entity;FLcom/mojang/blaze3d/vertex/PoseStack;Lnet/minecraft/client/renderer/MultiBufferSource;Lnet/minecraft/world/entity/Entity;Lorg/spongepowered/asm/mixin/injection/callback/CallbackInfo;)V won't be passed a CallbackInfo as a result
[22May2025 19:33:28.916] [modloading-worker-0/DEBUG] [mixin/]: pehkui.mixins.json:client.compat121plus.EntityRendererMixin from mod pehkui->@Inject::pehkui$renderLeash$return(Lnet/minecraft/world/entity/Entity;FLcom/mojang/blaze3d/vertex/PoseStack;Lnet/minecraft/client/renderer/MultiBufferSource;Lnet/minecraft/world/entity/Entity;Lorg/spongepowered/asm/mixin/injection/callback/CallbackInfo;)V doesn't use it's CallbackInfo
[22May2025 19:33:28.916] [modloading-worker-0/DEBUG] [mixin/]: pehkui.mixins.json:client.compat121plus.EntityRendererMixin from mod pehkui->@Inject::pehkui$renderLeash$return(Lnet/minecraft/world/entity/Entity;FLcom/mojang/blaze3d/vertex/PoseStack;Lnet/minecraft/client/renderer/MultiBufferSource;Lnet/minecraft/world/entity/Entity;Lorg/spongepowered/asm/mixin/injection/callback/CallbackInfo;)V has 0 override(s) in child classes
[22May2025 19:33:28.916] [modloading-worker-0/DEBUG] [mixin/]: pehkui.mixins.json:client.compat121plus.EntityRendererMixin from mod pehkui->@Inject::pehkui$renderLeash$return(Lnet/minecraft/world/entity/Entity;FLcom/mojang/blaze3d/vertex/PoseStack;Lnet/minecraft/client/renderer/MultiBufferSource;Lnet/minecraft/world/entity/Entity;Lorg/spongepowered/asm/mixin/injection/callback/CallbackInfo;)V won't be passed a CallbackInfo as a result
[22May2025 19:33:28.916] [modloading-worker-0/DEBUG] [mixin/]: mixins.iris.json:entity_render_context.MixinEntityRenderer from mod iris->@Inject::setNameTagId(Lnet/minecraft/world/entity/Entity;Lnet/minecraft/network/chat/Component;Lcom/mojang/blaze3d/vertex/PoseStack;Lnet/minecraft/client/renderer/MultiBufferSource;IFLorg/spongepowered/asm/mixin/injection/callback/CallbackInfo;)V doesn't use it's CallbackInfo
[22May2025 19:33:28.916] [modloading-worker-0/DEBUG] [mixin/]: mixins.iris.json:entity_render_context.MixinEntityRenderer from mod iris->@Inject::setNameTagId(Lnet/minecraft/world/entity/Entity;Lnet/minecraft/network/chat/Component;Lcom/mojang/blaze3d/vertex/PoseStack;Lnet/minecraft/client/renderer/MultiBufferSource;IFLorg/spongepowered/asm/mixin/injection/callback/CallbackInfo;)V has 0 override(s) in child classes
[22May2025 19:33:28.917] [modloading-worker-0/DEBUG] [mixin/]: mixins.iris.json:entity_render_context.MixinEntityRenderer from mod iris->@Inject::setNameTagId(Lnet/minecraft/world/entity/Entity;Lnet/minecraft/network/chat/Component;Lcom/mojang/blaze3d/vertex/PoseStack;Lnet/minecraft/client/renderer/MultiBufferSource;IFLorg/spongepowered/asm/mixin/injection/callback/CallbackInfo;)V won't be passed a CallbackInfo as a result
[22May2025 19:33:28.917] [modloading-worker-0/DEBUG] [mixin/]: mixins.iris.json:entity_render_context.MixinEntityRenderer from mod iris->@Inject::resetId(Lnet/minecraft/world/entity/Entity;Lnet/minecraft/network/chat/Component;Lcom/mojang/blaze3d/vertex/PoseStack;Lnet/minecraft/client/renderer/MultiBufferSource;IFLorg/spongepowered/asm/mixin/injection/callback/CallbackInfo;)V doesn't use it's CallbackInfo
[22May2025 19:33:28.917] [modloading-worker-0/DEBUG] [mixin/]: mixins.iris.json:entity_render_context.MixinEntityRenderer from mod iris->@Inject::resetId(Lnet/minecraft/world/entity/Entity;Lnet/minecraft/network/chat/Component;Lcom/mojang/blaze3d/vertex/PoseStack;Lnet/minecraft/client/renderer/MultiBufferSource;IFLorg/spongepowered/asm/mixin/injection/callback/CallbackInfo;)V has 0 override(s) in child classes
[22May2025 19:33:28.917] [modloading-worker-0/DEBUG] [mixin/]: mixins.iris.json:entity_render_context.MixinEntityRenderer from mod iris->@Inject::resetId(Lnet/minecraft/world/entity/Entity;Lnet/minecraft/network/chat/Component;Lcom/mojang/blaze3d/vertex/PoseStack;Lnet/minecraft/client/renderer/MultiBufferSource;IFLorg/spongepowered/asm/mixin/injection/callback/CallbackInfo;)V won't be passed a CallbackInfo as a result
[22May2025 19:33:28.918] [modloading-worker-0/DEBUG] [mixin/]: Mixing PlayerRendererMixin from playerAnimator-common.mixins.json into net.minecraft.client.renderer.entity.player.PlayerRenderer
[22May2025 19:33:28.918] [modloading-worker-0/DEBUG] [mixin/]: Renaming synthetic method getShadowRadius(Lnet/minecraft/world/entity/Entity;)F to md60ac39$playeranimator$getShadowRadius$0 in playerAnimator-common.mixins.json:PlayerRendererMixin from mod playeranimator
[22May2025 19:33:28.920] [modloading-worker-0/DEBUG] [net.neoforged.fml.javafmlmod.AutomaticEventSubscriber/LOADING]: Auto-subscribing net.neoforged.neoforge.common.DeferredSpawnEggItem$ColorRegisterHandler to MOD
[22May2025 19:33:28.920] [modloading-worker-0/DEBUG] [mixin/]: Mixing client.compat115plus.PlayerEntityRendererMixin from pehkui.mixins.json into net.minecraft.client.renderer.entity.player.PlayerRenderer
[22May2025 19:33:28.920] [modloading-worker-0/DEBUG] [mixin/]: pehkui.mixins.json:client.compat115plus.PlayerEntityRendererMixin from mod pehkui: Class version 65 required is higher than the class version supported by the current version of Mixin (JAVA_17 supports class version 61)
[22May2025 19:33:28.923] [modloading-worker-0/DEBUG] [mixin/]: playerAnimator-common.mixins.json:PlayerRendererMixin from mod playeranimator->@Inject::hideBonesInFirstPerson(Lnet/minecraft/client/player/AbstractClientPlayer;FFLcom/mojang/blaze3d/vertex/PoseStack;Lnet/minecraft/client/renderer/MultiBufferSource;ILorg/spongepowered/asm/mixin/injection/callback/CallbackInfo;)V doesn't use it's CallbackInfo
[22May2025 19:33:28.923] [modloading-worker-0/DEBUG] [mixin/]: playerAnimator-common.mixins.json:PlayerRendererMixin from mod playeranimator->@Inject::hideBonesInFirstPerson(Lnet/minecraft/client/player/AbstractClientPlayer;FFLcom/mojang/blaze3d/vertex/PoseStack;Lnet/minecraft/client/renderer/MultiBufferSource;ILorg/spongepowered/asm/mixin/injection/callback/CallbackInfo;)V has 0 override(s) in child classes
[22May2025 19:33:28.924] [modloading-worker-0/DEBUG] [mixin/]: playerAnimator-common.mixins.json:PlayerRendererMixin from mod playeranimator->@Inject::hideBonesInFirstPerson(Lnet/minecraft/client/player/AbstractClientPlayer;FFLcom/mojang/blaze3d/vertex/PoseStack;Lnet/minecraft/client/renderer/MultiBufferSource;ILorg/spongepowered/asm/mixin/injection/callback/CallbackInfo;)V won't be passed a CallbackInfo as a result
[22May2025 19:33:28.924] [modloading-worker-0/DEBUG] [mixin/]: playerAnimator-common.mixins.json:PlayerRendererMixin from mod playeranimator->@Inject::applyBodyTransforms(Lnet/minecraft/client/player/AbstractClientPlayer;Lcom/mojang/blaze3d/vertex/PoseStack;FFFFLorg/spongepowered/asm/mixin/injection/callback/CallbackInfo;)V doesn't use it's CallbackInfo
[22May2025 19:33:28.924] [modloading-worker-0/DEBUG] [mixin/]: playerAnimator-common.mixins.json:PlayerRendererMixin from mod playeranimator->@Inject::applyBodyTransforms(Lnet/minecraft/client/player/AbstractClientPlayer;Lcom/mojang/blaze3d/vertex/PoseStack;FFFFLorg/spongepowered/asm/mixin/injection/callback/CallbackInfo;)V has 0 override(s) in child classes
[22May2025 19:33:28.924] [modloading-worker-0/DEBUG] [mixin/]: playerAnimator-common.mixins.json:PlayerRendererMixin from mod playeranimator->@Inject::applyBodyTransforms(Lnet/minecraft/client/player/AbstractClientPlayer;Lcom/mojang/blaze3d/vertex/PoseStack;FFFFLorg/spongepowered/asm/mixin/injection/callback/CallbackInfo;)V won't be passed a CallbackInfo as a result
[22May2025 19:33:28.924] [modloading-worker-0/DEBUG] [mixin/]: playerAnimator-common.mixins.json:PlayerRendererMixin from mod playeranimator->@Inject::notifyModelOfFirstPerson(Lcom/mojang/blaze3d/vertex/PoseStack;Lnet/minecraft/client/renderer/MultiBufferSource;ILnet/minecraft/client/player/AbstractClientPlayer;Lnet/minecraft/client/model/geom/ModelPart;Lnet/minecraft/client/model/geom/ModelPart;Lorg/spongepowered/asm/mixin/injection/callback/CallbackInfo;)V doesn't use it's CallbackInfo
[22May2025 19:33:28.924] [modloading-worker-0/DEBUG] [mixin/]: playerAnimator-common.mixins.json:PlayerRendererMixin from mod playeranimator->@Inject::notifyModelOfFirstPerson(Lcom/mojang/blaze3d/vertex/PoseStack;Lnet/minecraft/client/renderer/MultiBufferSource;ILnet/minecraft/client/player/AbstractClientPlayer;Lnet/minecraft/client/model/geom/ModelPart;Lnet/minecraft/client/model/geom/ModelPart;Lorg/spongepowered/asm/mixin/injection/callback/CallbackInfo;)V has 0 override(s) in child classes
[22May2025 19:33:28.924] [modloading-worker-0/DEBUG] [mixin/]: playerAnimator-common.mixins.json:PlayerRendererMixin from mod playeranimator->@Inject::notifyModelOfFirstPerson(Lcom/mojang/blaze3d/vertex/PoseStack;Lnet/minecraft/client/renderer/MultiBufferSource;ILnet/minecraft/client/player/AbstractClientPlayer;Lnet/minecraft/client/model/geom/ModelPart;Lnet/minecraft/client/model/geom/ModelPart;Lorg/spongepowered/asm/mixin/injection/callback/CallbackInfo;)V won't be passed a CallbackInfo as a result
[22May2025 19:33:28.925] [modloading-worker-0/DEBUG] [mixin/]: Mixing FeatureRendererMixin from playerAnimator-common.mixins.json into net.minecraft.client.renderer.entity.layers.RenderLayer
[22May2025 19:33:28.926] [modloading-worker-0/DEBUG] [mixin/]: playerAnimator-common.mixins.json:FeatureRendererMixin from mod playeranimator->@Inject::init(Lnet/minecraft/client/renderer/entity/RenderLayerParent;Lorg/spongepowered/asm/mixin/injection/callback/CallbackInfo;)V doesn't use it's CallbackInfo
[22May2025 19:33:28.926] [modloading-worker-0/DEBUG] [mixin/]: playerAnimator-common.mixins.json:FeatureRendererMixin from mod playeranimator->@Inject::init(Lnet/minecraft/client/renderer/entity/RenderLayerParent;Lorg/spongepowered/asm/mixin/injection/callback/CallbackInfo;)V has 0 override(s) in child classes
[22May2025 19:33:28.926] [modloading-worker-0/DEBUG] [mixin/]: playerAnimator-common.mixins.json:FeatureRendererMixin from mod playeranimator->@Inject::init(Lnet/minecraft/client/renderer/entity/RenderLayerParent;Lorg/spongepowered/asm/mixin/injection/callback/CallbackInfo;)V won't be passed a CallbackInfo as a result
[22May2025 19:33:28.926] [modloading-worker-0/DEBUG] [net.neoforged.fml.javafmlmod.AutomaticEventSubscriber/LOADING]: Auto-subscribing net.neoforged.neoforge.client.model.data.ModelDataManager to GAME
[22May2025 19:33:28.930] [modloading-worker-0/DEBUG] [mixin/]: Mixing platform.neoforge.ModelDataMixin from sodium-neoforge.mixins.json into net.neoforged.neoforge.client.model.data.ModelData
[22May2025 19:33:28.930] [modloading-worker-0/DEBUG] [mixin/]: sodium-neoforge.mixins.json:platform.neoforge.ModelDataMixin from mod sodium: Class version 65 required is higher than the class version supported by the current version of Mixin (JAVA_17 supports class version 61)
[22May2025 19:33:28.934] [modloading-worker-0/DEBUG] [net.neoforged.fml.javafmlmod.AutomaticEventSubscriber/LOADING]: Auto-subscribing net.neoforged.neoforge.client.ParticleBoundsDebugRenderer to GAME
[22May2025 19:33:28.949] [modloading-worker-0/DEBUG] [net.neoforged.fml.javafmlmod.AutomaticEventSubscriber/LOADING]: Auto-subscribing net.neoforged.neoforge.client.ClientHooks$ClientEvents to MOD
[22May2025 19:33:28.952] [modloading-worker-0/DEBUG] [net.neoforged.fml.javafmlmod.AutomaticEventSubscriber/LOADING]: Auto-subscribing net.neoforged.neoforge.client.BlockEntityRenderBoundsDebugRenderer to GAME
[22May2025 19:33:28.956] [modloading-worker-0/DEBUG] [net.neoforged.fml.javafmlmod.AutomaticEventSubscriber/LOADING]: Auto-subscribing net.neoforged.neoforge.attachment.AttachmentInternals to GAME
[22May2025 19:33:28.956] [modloading-worker-0/DEBUG] [net.neoforged.fml.config.ConfigTracker/CONFIG]: Config file Mekanism/client.toml for mekanism tracking
[22May2025 19:33:28.957] [modloading-worker-0/DEBUG] [net.neoforged.fml.config.ConfigTracker/CONFIG]: Config file Mekanism/common.toml for mekanism tracking
[22May2025 19:33:28.957] [modloading-worker-0/DEBUG] [net.neoforged.fml.config.ConfigTracker/CONFIG]: Config file Mekanism/general.toml for mekanism tracking
[22May2025 19:33:28.957] [modloading-worker-0/DEBUG] [net.neoforged.fml.config.ConfigTracker/CONFIG]: Config file Mekanism/gear.toml for mekanism tracking
[22May2025 19:33:28.957] [modloading-worker-0/DEBUG] [net.neoforged.fml.config.ConfigTracker/CONFIG]: Config file Mekanism/startup.toml for mekanism tracking
[22May2025 19:33:28.958] [modloading-worker-0/DEBUG] [net.neoforged.fml.config.ConfigTracker/CONFIG]: Loaded TOML config file D:\Modding\Simple Incubator\run\config\Mekanism\startup.toml
[22May2025 19:33:28.959] [modloading-worker-0/DEBUG] [net.neoforged.fml.config.ConfigTracker/CONFIG]: Watching TOML config file D:\Modding\Simple Incubator\run\config\Mekanism\startup.toml for changes
[22May2025 19:33:28.959] [modloading-worker-0/DEBUG] [net.neoforged.fml.config.ConfigTracker/CONFIG]: Config file Mekanism/machine-storage.toml for mekanism tracking
[22May2025 19:33:28.959] [modloading-worker-0/DEBUG] [net.neoforged.fml.config.ConfigTracker/CONFIG]: Config file Mekanism/tiers.toml for mekanism tracking
[22May2025 19:33:28.959] [modloading-worker-0/DEBUG] [net.neoforged.fml.config.ConfigTracker/CONFIG]: Config file Mekanism/machine-usage.toml for mekanism tracking
[22May2025 19:33:28.959] [modloading-worker-0/DEBUG] [net.neoforged.fml.config.ConfigTracker/CONFIG]: Config file Mekanism/world.toml for mekanism tracking
[22May2025 19:33:28.962] [modloading-worker-0/DEBUG] [net.neoforged.fml.javafmlmod.AutomaticEventSubscriber/LOADING]: Attempting to inject @EventBusSubscriber classes into the eventbus for enderio_base
[22May2025 19:33:28.962] [modloading-worker-0/DEBUG] [net.neoforged.fml.javafmlmod.AutomaticEventSubscriber/LOADING]: Auto-subscribing com.enderio.EnderIOBase to MOD
[22May2025 19:33:28.964] [modloading-worker-0/DEBUG] [net.neoforged.fml.javafmlmod.AutomaticEventSubscriber/LOADING]: Auto-subscribing com.enderio.base.common.integrations.WrenchCompat to GAME
[22May2025 19:33:28.965] [modloading-worker-0/DEBUG] [net.neoforged.fml.javafmlmod.AutomaticEventSubscriber/LOADING]: Auto-subscribing com.enderio.base.common.block.DarkSteelLadderHandler to GAME
[22May2025 19:33:28.967] [modloading-worker-0/DEBUG] [net.neoforged.fml.javafmlmod.AutomaticEventSubscriber/LOADING]: Auto-subscribing com.enderio.base.common.AlphaWarning to GAME
[22May2025 19:33:28.969] [modloading-worker-0/DEBUG] [net.neoforged.fml.javafmlmod.AutomaticEventSubscriber/LOADING]: Auto-subscribing com.enderio.base.common.event.EIODefaultComponents to MOD
[22May2025 19:33:28.970] [modloading-worker-0/DEBUG] [net.neoforged.fml.javafmlmod.AutomaticEventSubscriber/LOADING]: Attempting to inject @EventBusSubscriber classes into the eventbus for kleiders_custom_renderer
[22May2025 19:33:28.970] [modloading-worker-0/DEBUG] [net.neoforged.fml.javafmlmod.AutomaticEventSubscriber/LOADING]: Auto-subscribing com.kleiders.kleidersplayerrenderer.network.KleidersCustomRendererModVariables to MOD
[22May2025 19:33:28.973] [modloading-worker-0/DEBUG] [net.neoforged.fml.javafmlmod.AutomaticEventSubscriber/LOADING]: Auto-subscribing com.kleiders.kleidersplayerrenderer.network.KleidersCustomRendererModVariables$EventBusVariableHandlers to GAME
[22May2025 19:33:28.973] [modloading-worker-0/DEBUG] [net.neoforged.fml.javafmlmod.AutomaticEventSubscriber/LOADING]: Auto-subscribing com.enderio.base.common.hangglider.PlayerMovementHandler to GAME
[22May2025 19:33:28.977] [modloading-worker-0/DEBUG] [net.neoforged.fml.javafmlmod.AutomaticEventSubscriber/LOADING]: Auto-subscribing com.enderio.base.common.travel.TravelTargetSavedData to GAME
[22May2025 19:33:28.983] [modloading-worker-0/DEBUG] [net.neoforged.fml.javafmlmod.AutomaticEventSubscriber/LOADING]: Auto-subscribing com.enderio.base.common.handler.FireCraftingHandler to GAME
[22May2025 19:33:28.990] [modloading-worker-0/DEBUG] [net.neoforged.fml.javafmlmod.AutomaticEventSubscriber/LOADING]: Auto-subscribing com.enderio.base.common.item.tool.SoulVialItem to GAME
[22May2025 19:33:28.996] [modloading-worker-0/DEBUG] [net.neoforged.fml.javafmlmod.AutomaticEventSubscriber/LOADING]: Auto-subscribing com.enderio.base.common.init.EIONetwork to MOD
[22May2025 19:33:28.998] [modloading-worker-0/DEBUG] [net.neoforged.fml.javafmlmod.AutomaticEventSubscriber/LOADING]: Auto-subscribing com.enderio.base.common.advancement.UseGliderAdvancementBenefit to GAME
[22May2025 19:33:29.000] [modloading-worker-0/DEBUG] [net.neoforged.fml.javafmlmod.AutomaticEventSubscriber/LOADING]: Auto-subscribing com.enderio.base.client.tooltip.TooltipHandler to GAME
[22May2025 19:33:29.004] [modloading-worker-0/DEBUG] [net.neoforged.fml.javafmlmod.AutomaticEventSubscriber/LOADING]: Auto-subscribing com.enderio.base.client.EnderIOBaseClient to MOD
[22May2025 19:33:29.016] [modloading-worker-0/DEBUG] [net.neoforged.fml.javafmlmod.AutomaticEventSubscriber/LOADING]: Auto-subscribing com.enderio.base.client.travel.TravelParticleHandler to GAME
[22May2025 19:33:29.018] [modloading-worker-0/DEBUG] [net.neoforged.fml.javafmlmod.AutomaticEventSubscriber/LOADING]: Auto-subscribing com.enderio.base.client.travel.TravelTargetRendering to GAME
[22May2025 19:33:29.050] [modloading-worker-0/DEBUG] [net.neoforged.fml.javafmlmod.AutomaticEventSubscriber/LOADING]: Attempting to inject @EventBusSubscriber classes into the eventbus for industrialforegoing
[22May2025 19:33:29.050] [modloading-worker-0/DEBUG] [net.neoforged.fml.javafmlmod.AutomaticEventSubscriber/LOADING]: Auto-subscribing com.buuz135.industrial.item.infinity.OneThreeFiveHandler to GAME
[22May2025 19:33:29.057] [modloading-worker-0/DEBUG] [net.neoforged.fml.javafmlmod.AutomaticEventSubscriber/LOADING]: Auto-subscribing com.buuz135.industrial.proxy.client.ClientProxy to MOD
[22May2025 19:33:29.060] [modloading-worker-0/DEBUG] [net.neoforged.fml.javafmlmod.AutomaticEventSubscriber/LOADING]: Auto-subscribing com.buuz135.industrial.proxy.event.CocoaBeanRightClickHarvesting to GAME
[22May2025 19:33:29.074] [modloading-worker-0/DEBUG] [net.neoforged.fml.javafmlmod.AutomaticEventSubscriber/LOADING]: Attempting to inject @EventBusSubscriber classes into the eventbus for enderio_machines
[22May2025 19:33:29.074] [modloading-worker-0/DEBUG] [net.neoforged.fml.javafmlmod.AutomaticEventSubscriber/LOADING]: Auto-subscribing com.enderio.machines.common.souldata.SolarSoul to GAME
[22May2025 19:33:29.087] [modloading-worker-0/DEBUG] [net.neoforged.fml.javafmlmod.AutomaticEventSubscriber/LOADING]: Auto-subscribing com.enderio.machines.common.souldata.SpawnerSoul to GAME
[22May2025 19:33:29.092] [modloading-worker-0/DEBUG] [net.neoforged.fml.javafmlmod.AutomaticEventSubscriber/LOADING]: Attempting to inject @EventBusSubscriber classes into the eventbus for simple_incubator
[22May2025 19:33:29.092] [modloading-worker-0/DEBUG] [net.neoforged.fml.javafmlmod.AutomaticEventSubscriber/LOADING]: Auto-subscribing net.interplay.simple_incubator.init.SimpleIncubatorModBlockEntities to MOD
[22May2025 19:33:29.093] [modloading-worker-0/DEBUG] [net.neoforged.fml.javafmlmod.AutomaticEventSubscriber/LOADING]: Auto-subscribing net.interplay.simple_incubator.init.SimpleIncubatorModScreens to MOD
[22May2025 19:33:29.094] [modloading-worker-0/DEBUG] [net.neoforged.fml.javafmlmod.AutomaticEventSubscriber/LOADING]: Auto-subscribing com.enderio.machines.common.souldata.EngineSoul to GAME
[22May2025 19:33:29.094] [modloading-worker-0/DEBUG] [net.neoforged.fml.javafmlmod.AutomaticEventSubscriber/LOADING]: Auto-subscribing net.interplay.simple_incubator.init.SimpleIncubatorModTabs to MOD
[22May2025 19:33:29.094] [modloading-worker-0/DEBUG] [net.neoforged.fml.javafmlmod.AutomaticEventSubscriber/LOADING]: Auto-subscribing net.interplay.simple_incubator.network.IncubationTransmitterGUIButtonMessage to MOD
[22May2025 19:33:29.099] [modloading-worker-0/DEBUG] [net.neoforged.fml.javafmlmod.AutomaticEventSubscriber/LOADING]: Auto-subscribing com.enderio.machines.common.block.CapacitorBankBlock to GAME
[22May2025 19:33:29.102] [modloading-worker-0/DEBUG] [net.neoforged.fml.javafmlmod.AutomaticEventSubscriber/LOADING]: Auto-subscribing net.interplay.simple_incubator.network.IncubationTransmitterGUISlotMessage to MOD
[22May2025 19:33:29.103] [modloading-worker-0/DEBUG] [net.neoforged.fml.javafmlmod.AutomaticEventSubscriber/LOADING]: Auto-subscribing com.enderio.machines.common.recipe.RecipeCaches to GAME
[22May2025 19:33:29.107] [modloading-worker-0/DEBUG] [net.neoforged.fml.javafmlmod.AutomaticEventSubscriber/LOADING]: Auto-subscribing net.interplay.simple_incubator.network.SimpleIncubatorModVariables$EventBusVariableHandlers to GAME
[22May2025 19:33:29.111] [modloading-worker-0/DEBUG] [net.neoforged.fml.javafmlmod.AutomaticEventSubscriber/LOADING]: Auto-subscribing com.enderio.machines.common.obelisk.RelocatorObeliskManager to GAME
[22May2025 19:33:29.111] [modloading-worker-0/DEBUG] [net.neoforged.fml.javafmlmod.AutomaticEventSubscriber/LOADING]: Auto-subscribing net.interplay.simple_incubator.network.SimpleIncubatorModVariables to MOD
[22May2025 19:33:29.112] [modloading-worker-0/DEBUG] [net.neoforged.fml.javafmlmod.AutomaticEventSubscriber/LOADING]: Auto-subscribing com.enderio.machines.common.obelisk.InhibitorObeliskManager to GAME
[22May2025 19:33:29.113] [modloading-worker-0/DEBUG] [net.neoforged.fml.javafmlmod.AutomaticEventSubscriber/LOADING]: Auto-subscribing net.interplay.simple_incubator.procedures.BatteryTooltipProcedure to GAME
[22May2025 19:33:29.113] [modloading-worker-0/DEBUG] [net.neoforged.fml.javafmlmod.AutomaticEventSubscriber/LOADING]: Auto-subscribing com.enderio.machines.common.obelisk.AversionObeliskManager to GAME
[22May2025 19:33:29.113] [modloading-worker-0/DEBUG] [net.neoforged.fml.javafmlmod.AutomaticEventSubscriber/LOADING]: Auto-subscribing com.enderio.machines.common.blocks.slicer.SlicerRecipeManager to GAME
[22May2025 19:33:29.114] [modloading-worker-0/DEBUG] [net.neoforged.fml.javafmlmod.AutomaticEventSubscriber/LOADING]: Auto-subscribing net.interplay.simple_incubator.procedures.BreakWholeIncubationTableProcedure to GAME
[22May2025 19:33:29.115] [modloading-worker-0/DEBUG] [mixin/]: Mixing RecipeManagerMixin from enderio-machines.mixins.json into net.minecraft.world.item.crafting.RecipeManager
[22May2025 19:33:29.116] [modloading-worker-0/DEBUG] [net.neoforged.fml.javafmlmod.AutomaticEventSubscriber/LOADING]: Auto-subscribing net.interplay.simple_incubator.procedures.CancelDefaultSpawnProcedure to GAME
[22May2025 19:33:29.116] [modloading-worker-0/DEBUG] [mixin/]: enderio-machines.mixins.json:RecipeManagerMixin from mod enderio_machines: Class version 65 required is higher than the class version supported by the current version of Mixin (JAVA_17 supports class version 61)
[22May2025 19:33:29.116] [modloading-worker-0/DEBUG] [mixin/]: Renaming synthetic method lambda$collectRecipe$0(Lcom/google/common/collect/ImmutableMultimap$Builder;Lcom/google/common/collect/ImmutableMap$Builder;Lnet/minecraft/world/item/crafting/RecipeHolder;)V to md60ac39$enderio_machines$lambda$collectRecipe$0$0 in enderio-machines.mixins.json:RecipeManagerMixin from mod enderio_machines
[22May2025 19:33:29.119] [modloading-worker-0/DEBUG] [mixin/]: enderio-machines.mixins.json:RecipeManagerMixin from mod enderio_machines->@Inject::collectRecipe(Lnet/minecraft/resources/ResourceLocation;Lcom/google/common/collect/ImmutableMultimap$Builder;Lcom/google/common/collect/ImmutableMap$Builder;Lnet/neoforged/neoforge/common/conditions/WithConditions;Lorg/spongepowered/asm/mixin/injection/callback/CallbackInfo;)V doesn't use it's CallbackInfo
[22May2025 19:33:29.120] [modloading-worker-0/DEBUG] [net.neoforged.fml.javafmlmod.AutomaticEventSubscriber/LOADING]: Auto-subscribing net.interplay.simple_incubator.procedures.DropSpawnEggProcedure to GAME
[22May2025 19:33:29.121] [modloading-worker-0/DEBUG] [net.neoforged.fml.javafmlmod.AutomaticEventSubscriber/LOADING]: Auto-subscribing net.interplay.simple_incubator.procedures.EggTooltipProcedure to GAME
[22May2025 19:33:29.122] [modloading-worker-0/DEBUG] [net.neoforged.fml.javafmlmod.AutomaticEventSubscriber/LOADING]: Auto-subscribing com.enderio.machines.common.blocks.powered_spawner.SpawnerMachineTask to GAME
[22May2025 19:33:29.122] [modloading-worker-0/DEBUG] [net.neoforged.fml.javafmlmod.AutomaticEventSubscriber/LOADING]: Auto-subscribing com.enderio.machines.common.blocks.soul_engine.SoulEngineBlockEntity to GAME
[22May2025 19:33:29.123] [modloading-worker-0/DEBUG] [net.neoforged.fml.javafmlmod.AutomaticEventSubscriber/LOADING]: Auto-subscribing net.interplay.simple_incubator.procedures.EnableMobSpawnerDropProcedure to GAME
[22May2025 19:33:29.125] [modloading-worker-0/DEBUG] [net.neoforged.fml.javafmlmod.AutomaticEventSubscriber/LOADING]: Auto-subscribing net.interplay.simple_incubator.procedures.FillLootNestsProcedure to GAME
[22May2025 19:33:29.126] [modloading-worker-0/DEBUG] [net.neoforged.fml.javafmlmod.AutomaticEventSubscriber/LOADING]: Auto-subscribing net.interplay.simple_incubator.procedures.InsertEggsInTransmitterProcedure to GAME
[22May2025 19:33:29.128] [modloading-worker-0/DEBUG] [net.neoforged.fml.javafmlmod.AutomaticEventSubscriber/LOADING]: Auto-subscribing net.interplay.simple_incubator.procedures.InsertUpdateModuleProcedure to GAME
[22May2025 19:33:29.129] [modloading-worker-0/DEBUG] [net.neoforged.fml.javafmlmod.AutomaticEventSubscriber/LOADING]: Auto-subscribing net.interplay.simple_incubator.procedures.ManageConfigFileProcedure to MOD
[22May2025 19:33:29.131] [modloading-worker-0/DEBUG] [net.neoforged.fml.javafmlmod.AutomaticEventSubscriber/LOADING]: Auto-subscribing net.interplay.simple_incubator.procedures.RenderBlinkingLightProcedure to GAME
[22May2025 19:33:29.133] [modloading-worker-0/DEBUG] [mixin/]: Mixing MixinVertexBuffer from mixins.iris.json into com.mojang.blaze3d.vertex.VertexBuffer
[22May2025 19:33:29.133] [modloading-worker-0/DEBUG] [mixin/]: mixins.iris.json:MixinVertexBuffer from mod iris: Class version 65 required is higher than the class version supported by the current version of Mixin (JAVA_8 supports class version 52)
[22May2025 19:33:29.134] [modloading-worker-0/DEBUG] [mixin/]: mixins.iris.json:MixinVertexBuffer from mod iris->@Inject::unbindHelper(Lorg/spongepowered/asm/mixin/injection/callback/CallbackInfo;)V doesn't use it's CallbackInfo
[22May2025 19:33:29.134] [modloading-worker-0/DEBUG] [mixin/]: mixins.iris.json:MixinVertexBuffer from mod iris->@Inject::bindHelper(Lorg/spongepowered/asm/mixin/injection/callback/CallbackInfo;)V doesn't use it's CallbackInfo
[22May2025 19:33:29.135] [modloading-worker-0/DEBUG] [mixin/]: mixins.iris.json:MixinVertexBuffer from mod iris->@Inject::bindHelper(Lorg/spongepowered/asm/mixin/injection/callback/CallbackInfo;)V has 0 override(s) in child classes
[22May2025 19:33:29.135] [modloading-worker-0/DEBUG] [mixin/]: mixins.iris.json:MixinVertexBuffer from mod iris->@Inject::bindHelper(Lorg/spongepowered/asm/mixin/injection/callback/CallbackInfo;)V won't be passed a CallbackInfo as a result
[22May2025 19:33:29.138] [modloading-worker-0/DEBUG] [net.neoforged.fml.javafmlmod.AutomaticEventSubscriber/LOADING]: Auto-subscribing com.enderio.machines.common.blocks.base.block.WrenchableBlockHandler to GAME
[22May2025 19:33:29.138] [modloading-worker-0/DEBUG] [net.neoforged.fml.javafmlmod.AutomaticEventSubscriber/LOADING]: Auto-subscribing net.interplay.simple_incubator.procedures.RenderEggOverIncubatorProcedure to GAME
[22May2025 19:33:29.138] [modloading-worker-0/DEBUG] [net.neoforged.fml.javafmlmod.AutomaticEventSubscriber/LOADING]: Auto-subscribing com.enderio.machines.common.init.MachineDataMaps to MOD
[22May2025 19:33:29.140] [modloading-worker-0/DEBUG] [net.neoforged.fml.javafmlmod.AutomaticEventSubscriber/LOADING]: Auto-subscribing com.enderio.machines.common.init.MachineNetwork to MOD
[22May2025 19:33:29.141] [modloading-worker-0/DEBUG] [net.neoforged.fml.javafmlmod.AutomaticEventSubscriber/LOADING]: Auto-subscribing net.interplay.simple_incubator.procedures.RenderEggsInNestsProcedure to GAME
[22May2025 19:33:29.141] [modloading-worker-0/DEBUG] [net.neoforged.fml.javafmlmod.AutomaticEventSubscriber/LOADING]: Auto-subscribing com.enderio.machines.client.MachinesClientEvents to GAME
[22May2025 19:33:29.143] [modloading-worker-0/DEBUG] [net.neoforged.fml.javafmlmod.AutomaticEventSubscriber/LOADING]: Auto-subscribing net.interplay.simple_incubator.procedures.RenderEnergyBarEmpty2Procedure to GAME
[22May2025 19:33:29.143] [modloading-worker-0/DEBUG] [net.neoforged.fml.javafmlmod.AutomaticEventSubscriber/LOADING]: Auto-subscribing com.enderio.machines.client.EnderIOMachinesClient to MOD
[22May2025 19:33:29.145] [modloading-worker-0/DEBUG] [net.neoforged.fml.javafmlmod.AutomaticEventSubscriber/LOADING]: Auto-subscribing com.enderio.machines.EnderIOMachines to MOD
[22May2025 19:33:29.145] [modloading-worker-0/DEBUG] [net.neoforged.fml.javafmlmod.AutomaticEventSubscriber/LOADING]: Auto-subscribing net.interplay.simple_incubator.procedures.RenderEnergyBarEmptyProcedure to GAME
[22May2025 19:33:29.147] [modloading-worker-0/DEBUG] [net.neoforged.fml.javafmlmod.AutomaticEventSubscriber/LOADING]: Auto-subscribing net.interplay.simple_incubator.procedures.RenderEnergyBarFilling2Procedure to GAME
[22May2025 19:33:29.148] [modloading-worker-0/DEBUG] [net.neoforged.fml.javafmlmod.AutomaticEventSubscriber/LOADING]: Auto-subscribing net.interplay.simple_incubator.procedures.RenderEnergyBarFillingProcedure to GAME
[22May2025 19:33:29.150] [modloading-worker-0/DEBUG] [net.neoforged.fml.javafmlmod.AutomaticEventSubscriber/LOADING]: Auto-subscribing net.interplay.simple_incubator.procedures.RenderReceiverTextsProcedure to GAME
[22May2025 19:33:29.153] [modloading-worker-0/DEBUG] [net.neoforged.fml.javafmlmod.AutomaticEventSubscriber/LOADING]: Auto-subscribing net.interplay.simple_incubator.procedures.RenderTextOnScreenProcedure to GAME
[22May2025 19:33:29.155] [modloading-worker-0/DEBUG] [net.neoforged.fml.javafmlmod.AutomaticEventSubscriber/LOADING]: Auto-subscribing net.interplay.simple_incubator.procedures.RenderTextsProgressMonitorProcedure to GAME
[22May2025 19:33:29.157] [modloading-worker-0/DEBUG] [net.neoforged.fml.javafmlmod.AutomaticEventSubscriber/LOADING]: Auto-subscribing net.interplay.simple_incubator.procedures.RenderTextTitleProcedure to GAME
[22May2025 19:33:29.160] [modloading-worker-0/DEBUG] [net.neoforged.fml.javafmlmod.AutomaticEventSubscriber/LOADING]: Auto-subscribing net.interplay.simple_incubator.procedures.UpdateIncubatorProcedure to GAME
[22May2025 19:33:29.161] [modloading-worker-0/DEBUG] [net.neoforged.fml.javafmlmod.AutomaticEventSubscriber/LOADING]: Auto-subscribing net.interplay.simple_incubator.world.inventory.IncubationTransmitterGUIMenu to GAME
[22May2025 19:33:29.189] [modloading-worker-0/DEBUG] [net.neoforged.fml.config.ConfigTracker/CONFIG]: Config file justdirethings-common.toml for justdirethings tracking
[22May2025 19:33:29.189] [modloading-worker-0/DEBUG] [net.neoforged.fml.config.ConfigTracker/CONFIG]: Config file justdirethings-client.toml for justdirethings tracking
[22May2025 19:33:29.196] [modloading-worker-0/DEBUG] [net.neoforged.fml.javafmlmod.AutomaticEventSubscriber/LOADING]: Attempting to inject @EventBusSubscriber classes into the eventbus for justdirethings
[22May2025 19:33:29.196] [modloading-worker-0/DEBUG] [net.neoforged.fml.javafmlmod.AutomaticEventSubscriber/LOADING]: Auto-subscribing com.direwolf20.justdirethings.setup.ClientSetup to MOD
[22May2025 19:33:29.199] [modloading-worker-0/DEBUG] [net.neoforged.fml.javafmlmod.AutomaticEventSubscriber/LOADING]: Auto-subscribing com.direwolf20.justdirethings.datagen.DataGenerators to MOD
[22May2025 19:33:29.202] [modloading-worker-0/DEBUG] [net.neoforged.fml.javafmlmod.AutomaticEventSubscriber/LOADING]: Auto-subscribing com.direwolf20.justdirethings.client.particles.ParticleRenderDispatcher to MOD
[22May2025 19:33:29.203] [modloading-worker-0/DEBUG] [net.neoforged.fml.javafmlmod.AutomaticEventSubscriber/LOADING]: Auto-subscribing com.direwolf20.justdirethings.client.KeyBindings to MOD
[22May2025 19:33:29.204] [modloading-worker-0/DEBUG] [net.neoforged.fml.javafmlmod.AutomaticEventSubscriber/LOADING]: Auto-subscribing com.direwolf20.justdirethings.client.events.PlayerEvents to GAME
[22May2025 19:33:29.206] [modloading-worker-0/DEBUG] [net.neoforged.fml.javafmlmod.AutomaticEventSubscriber/LOADING]: Auto-subscribing com.direwolf20.justdirethings.client.events.EventKeyInput to GAME
[22May2025 19:33:29.838] [modloading-worker-0/DEBUG] [net.neoforged.fml.javafmlmod.AutomaticEventSubscriber/LOADING]: Attempting to inject @EventBusSubscriber classes into the eventbus for mekanism
[22May2025 19:33:29.838] [modloading-worker-0/DEBUG] [net.neoforged.fml.javafmlmod.AutomaticEventSubscriber/LOADING]: Auto-subscribing mekanism.client.sound.SoundHandler to MOD
[22May2025 19:33:29.842] [modloading-worker-0/DEBUG] [net.neoforged.fml.javafmlmod.AutomaticEventSubscriber/LOADING]: Auto-subscribing mekanism.client.render.MekanismRenderer to MOD
[22May2025 19:33:29.844] [modloading-worker-0/DEBUG] [mixin/]: Mixing instant_sneak.MixinCamera from sodium-extra.mixins.json into net.minecraft.client.Camera
[22May2025 19:33:29.844] [modloading-worker-0/DEBUG] [mixin/]: sodium-extra.mixins.json:instant_sneak.MixinCamera from mod sodium_extra: Class version 65 required is higher than the class version supported by the current version of Mixin (JAVA_17 supports class version 61)
[22May2025 19:33:29.844] [modloading-worker-0/DEBUG] [mixin/]: Mixing firstPerson.CameraAccessor from playerAnimator-common.mixins.json into net.minecraft.client.Camera
[22May2025 19:33:29.844] [modloading-worker-0/DEBUG] [mixin/]: Mixing client.compat121plus.CameraMixin from pehkui.mixins.json into net.minecraft.client.Camera
[22May2025 19:33:29.844] [modloading-worker-0/DEBUG] [mixin/]: pehkui.mixins.json:client.compat121plus.CameraMixin from mod pehkui: Class version 65 required is higher than the class version supported by the current version of Mixin (JAVA_17 supports class version 61)
[22May2025 19:33:29.845] [modloading-worker-0/DEBUG] [mixin/]: sodium-extra.mixins.json:instant_sneak.MixinCamera from mod sodium_extra->@Inject::noLerp(Lorg/spongepowered/asm/mixin/injection/callback/CallbackInfo;)V doesn't use it's CallbackInfo
[22May2025 19:33:29.845] [modloading-worker-0/DEBUG] [mixin/]: sodium-extra.mixins.json:instant_sneak.MixinCamera from mod sodium_extra->@Inject::noLerp(Lorg/spongepowered/asm/mixin/injection/callback/CallbackInfo;)V has 0 override(s) in child classes
[22May2025 19:33:29.845] [modloading-worker-0/DEBUG] [mixin/]: sodium-extra.mixins.json:instant_sneak.MixinCamera from mod sodium_extra->@Inject::noLerp(Lorg/spongepowered/asm/mixin/injection/callback/CallbackInfo;)V won't be passed a CallbackInfo as a result
[22May2025 19:33:29.848] [modloading-worker-0/DEBUG] [mixin/]: Mixing core.model.TextureAtlasSpriteMixin from sodium-common.mixins.json into net.minecraft.client.renderer.texture.TextureAtlasSprite
[22May2025 19:33:29.848] [modloading-worker-0/DEBUG] [mixin/]: sodium-common.mixins.json:core.model.TextureAtlasSpriteMixin from mod sodium: Class version 65 required is higher than the class version supported by the current version of Mixin (JAVA_17 supports class version 61)
[22May2025 19:33:29.848] [modloading-worker-0/DEBUG] [net.neoforged.fml.javafmlmod.AutomaticEventSubscriber/LOADING]: Auto-subscribing mekanism.client.render.MekanismShaders to MOD
[22May2025 19:33:29.849] [modloading-worker-0/DEBUG] [net.neoforged.fml.javafmlmod.AutomaticEventSubscriber/LOADING]: Auto-subscribing mekanism.client.ClientRegistration to MOD
[22May2025 19:33:29.851] [modloading-worker-0/DEBUG] [mixin/]: Mixing client.BlockEntityWithoutLevelRendererMixin from geckolib.mixins.json into net.minecraft.client.renderer.BlockEntityWithoutLevelRenderer
[22May2025 19:33:29.851] [modloading-worker-0/DEBUG] [mixin/]: geckolib.mixins.json:client.BlockEntityWithoutLevelRendererMixin from mod geckolib: Class version 65 required is higher than the class version supported by the current version of Mixin (JAVA_17 supports class version 61)
[22May2025 19:33:29.852] [modloading-worker-0/DEBUG] [mixin/]: geckolib.mixins.json:client.BlockEntityWithoutLevelRendererMixin from mod geckolib->@Inject::geckolib$renderGeckolibItem(Lnet/minecraft/world/item/ItemStack;Lnet/minecraft/world/item/ItemDisplayContext;Lcom/mojang/blaze3d/vertex/PoseStack;Lnet/minecraft/client/renderer/MultiBufferSource;IILorg/spongepowered/asm/mixin/injection/callback/CallbackInfo;)V does use it's CallbackInfo
[22May2025 19:33:29.857] [modloading-worker-0/DEBUG] [net.neoforged.fml.javafmlmod.AutomaticEventSubscriber/LOADING]: Auto-subscribing mekanism.common.base.holiday.ClientHolidayInfo to MOD
[22May2025 19:33:29.869] [modloading-worker-0/DEBUG] [net.neoforged.fml.config.ConfigTracker/CONFIG]: Config file Mekanism/generators.toml for mekanismgenerators tracking
[22May2025 19:33:29.869] [modloading-worker-0/DEBUG] [net.neoforged.fml.config.ConfigTracker/CONFIG]: Config file Mekanism/generators-gear.toml for mekanismgenerators tracking
[22May2025 19:33:29.869] [modloading-worker-0/DEBUG] [net.neoforged.fml.config.ConfigTracker/CONFIG]: Config file Mekanism/generator-storage.toml for mekanismgenerators tracking
[22May2025 19:33:29.911] [modloading-worker-0/DEBUG] [net.neoforged.fml.javafmlmod.AutomaticEventSubscriber/LOADING]: Attempting to inject @EventBusSubscriber classes into the eventbus for mekanismgenerators
[22May2025 19:33:29.912] [modloading-worker-0/DEBUG] [net.neoforged.fml.javafmlmod.AutomaticEventSubscriber/LOADING]: Auto-subscribing mekanism.generators.client.GeneratorsClientRegistration to MOD
[22May2025 19:33:30.620] [modloading-sync-worker/DEBUG] [mixin/]: Mixing CanItemPerformAbilityAccess from jade.mixins.json into net.neoforged.neoforge.common.loot.CanItemPerformAbility
[22May2025 19:33:30.620] [modloading-sync-worker/DEBUG] [mixin/]: jade.mixins.json:CanItemPerformAbilityAccess from mod jade: Class version 65 required is higher than the class version supported by the current version of Mixin (JAVA_16 supports class version 60)
[22May2025 19:33:30.724] [modloading-sync-worker/DEBUG] [mixin/]: Mixing compat116plus.TargetPredicateMixin from pehkui.mixins.json into net.minecraft.world.entity.ai.targeting.TargetingConditions
[22May2025 19:33:30.724] [modloading-sync-worker/DEBUG] [mixin/]: pehkui.mixins.json:compat116plus.TargetPredicateMixin from mod pehkui: Class version 65 required is higher than the class version supported by the current version of Mixin (JAVA_17 supports class version 61)
[22May2025 19:33:30.930] [modloading-sync-worker/DEBUG] [net.neoforged.fml.config.ConfigTracker/CONFIG]: Loading configs type CLIENT
[22May2025 19:33:30.932] [modloading-sync-worker/DEBUG] [betteradvancements/]: Loaded betteradvancements config file betteradvancements-client.toml
[22May2025 19:33:30.937] [modloading-sync-worker/DEBUG] [net.neoforged.fml.config.ConfigTracker/CONFIG]: Loaded TOML config file D:\Modding\Simple Incubator\run\config\betteradvancements-client.toml
[22May2025 19:33:30.938] [modloading-sync-worker/DEBUG] [net.neoforged.fml.config.ConfigTracker/CONFIG]: Watching TOML config file D:\Modding\Simple Incubator\run\config\betteradvancements-client.toml for changes
[22May2025 19:33:30.938] [modloading-sync-worker/DEBUG] [net.neoforged.fml.config.ConfigTracker/CONFIG]: Loaded TOML config file D:\Modding\Simple Incubator\run\config\enderio\base-client.toml
[22May2025 19:33:30.939] [modloading-sync-worker/DEBUG] [net.neoforged.fml.config.ConfigTracker/CONFIG]: Watching TOML config file D:\Modding\Simple Incubator\run\config\enderio\base-client.toml for changes
[22May2025 19:33:30.939] [modloading-sync-worker/DEBUG] [net.neoforged.fml.config.ConfigTracker/CONFIG]: Loaded TOML config file D:\Modding\Simple Incubator\run\config\enderio\machines-client.toml
[22May2025 19:33:30.940] [modloading-sync-worker/DEBUG] [net.neoforged.fml.config.ConfigTracker/CONFIG]: Watching TOML config file D:\Modding\Simple Incubator\run\config\enderio\machines-client.toml for changes
[22May2025 19:33:30.940] [modloading-sync-worker/DEBUG] [pehkui/]: Loaded Pehkui config file pehkui-client.toml
[22May2025 19:33:30.941] [modloading-sync-worker/DEBUG] [net.neoforged.fml.config.ConfigTracker/CONFIG]: Loaded TOML config file D:\Modding\Simple Incubator\run\config\pehkui-client.toml
[22May2025 19:33:30.941] [modloading-sync-worker/DEBUG] [net.neoforged.fml.config.ConfigTracker/CONFIG]: Watching TOML config file D:\Modding\Simple Incubator\run\config\pehkui-client.toml for changes
[22May2025 19:33:30.941] [modloading-sync-worker/DEBUG] [net.neoforged.neoforge.common.NeoForgeConfig/FORGEMOD]: Loaded NeoForge config file neoforge-client.toml
[22May2025 19:33:30.942] [modloading-sync-worker/DEBUG] [net.neoforged.fml.config.ConfigTracker/CONFIG]: Loaded TOML config file D:\Modding\Simple Incubator\run\config\neoforge-client.toml
[22May2025 19:33:30.942] [modloading-sync-worker/DEBUG] [net.neoforged.fml.config.ConfigTracker/CONFIG]: Watching TOML config file D:\Modding\Simple Incubator\run\config\neoforge-client.toml for changes
[22May2025 19:33:30.942] [modloading-sync-worker/DEBUG] [net.neoforged.fml.config.ConfigTracker/CONFIG]: Loaded TOML config file D:\Modding\Simple Incubator\run\config\industrialforegoing\client-config.toml
[22May2025 19:33:30.943] [modloading-sync-worker/DEBUG] [net.neoforged.fml.config.ConfigTracker/CONFIG]: Watching TOML config file D:\Modding\Simple Incubator\run\config\industrialforegoing\client-config.toml for changes
[22May2025 19:33:30.945] [modloading-sync-worker/DEBUG] [net.neoforged.fml.config.ConfigTracker/CONFIG]: Loaded TOML config file D:\Modding\Simple Incubator\run\config\Mekanism\client.toml
[22May2025 19:33:30.945] [modloading-sync-worker/DEBUG] [net.neoforged.fml.config.ConfigTracker/CONFIG]: Watching TOML config file D:\Modding\Simple Incubator\run\config\Mekanism\client.toml for changes
[22May2025 19:33:30.946] [modloading-sync-worker/DEBUG] [net.neoforged.fml.config.ConfigTracker/CONFIG]: Loaded TOML config file D:\Modding\Simple Incubator\run\config\justdirethings-client.toml
[22May2025 19:33:30.946] [modloading-sync-worker/DEBUG] [net.neoforged.fml.config.ConfigTracker/CONFIG]: Watching TOML config file D:\Modding\Simple Incubator\run\config\justdirethings-client.toml for changes
[22May2025 19:33:30.946] [modloading-sync-worker/DEBUG] [net.neoforged.fml.config.ConfigTracker/CONFIG]: Loading configs type COMMON
[22May2025 19:33:30.947] [modloading-sync-worker/DEBUG] [net.neoforged.fml.config.ConfigTracker/CONFIG]: Loaded TOML config file D:\Modding\Simple Incubator\run\config\enderio\armory-common.toml
[22May2025 19:33:30.947] [modloading-sync-worker/DEBUG] [net.neoforged.fml.config.ConfigTracker/CONFIG]: Watching TOML config file D:\Modding\Simple Incubator\run\config\enderio\armory-common.toml for changes
[22May2025 19:33:30.948] [modloading-sync-worker/DEBUG] [net.neoforged.fml.config.ConfigTracker/CONFIG]: Loaded TOML config file D:\Modding\Simple Incubator\run\config\enderio\base-common.toml
[22May2025 19:33:30.949] [modloading-sync-worker/DEBUG] [net.neoforged.fml.config.ConfigTracker/CONFIG]: Watching TOML config file D:\Modding\Simple Incubator\run\config\enderio\base-common.toml for changes
[22May2025 19:33:30.950] [modloading-sync-worker/DEBUG] [net.neoforged.fml.config.ConfigTracker/CONFIG]: Loaded TOML config file D:\Modding\Simple Incubator\run\config\enderio\machines-common.toml
[22May2025 19:33:30.950] [modloading-sync-worker/DEBUG] [net.neoforged.fml.config.ConfigTracker/CONFIG]: Watching TOML config file D:\Modding\Simple Incubator\run\config\enderio\machines-common.toml for changes
[22May2025 19:33:30.951] [modloading-sync-worker/DEBUG] [pehkui/]: Loaded Pehkui config file pehkui-common.toml
[22May2025 19:33:30.951] [modloading-sync-worker/DEBUG] [net.neoforged.fml.config.ConfigTracker/CONFIG]: Loaded TOML config file D:\Modding\Simple Incubator\run\config\pehkui-common.toml
[22May2025 19:33:30.951] [modloading-sync-worker/DEBUG] [net.neoforged.fml.config.ConfigTracker/CONFIG]: Watching TOML config file D:\Modding\Simple Incubator\run\config\pehkui-common.toml for changes
[22May2025 19:33:30.951] [modloading-sync-worker/DEBUG] [net.neoforged.neoforge.common.NeoForgeConfig/FORGEMOD]: Loaded NeoForge config file neoforge-common.toml
[22May2025 19:33:30.951] [modloading-sync-worker/DEBUG] [net.neoforged.fml.config.ConfigTracker/CONFIG]: Loaded TOML config file D:\Modding\Simple Incubator\run\config\neoforge-common.toml
[22May2025 19:33:30.952] [modloading-sync-worker/DEBUG] [net.neoforged.fml.config.ConfigTracker/CONFIG]: Watching TOML config file D:\Modding\Simple Incubator\run\config\neoforge-common.toml for changes
[22May2025 19:33:30.952] [modloading-sync-worker/DEBUG] [net.neoforged.fml.config.ConfigTracker/CONFIG]: Loaded TOML config file D:\Modding\Simple Incubator\run\config\titanium\titanium-tags.toml
[22May2025 19:33:30.953] [modloading-sync-worker/DEBUG] [net.neoforged.fml.config.ConfigTracker/CONFIG]: Watching TOML config file D:\Modding\Simple Incubator\run\config\titanium\titanium-tags.toml for changes
[22May2025 19:33:30.953] [modloading-sync-worker/DEBUG] [net.neoforged.fml.config.ConfigTracker/CONFIG]: Loaded TOML config file D:\Modding\Simple Incubator\run\config\industrialforegoing\machine-misc.toml
[22May2025 19:33:30.954] [modloading-sync-worker/DEBUG] [net.neoforged.fml.config.ConfigTracker/CONFIG]: Watching TOML config file D:\Modding\Simple Incubator\run\config\industrialforegoing\machine-misc.toml for changes
[22May2025 19:33:30.954] [modloading-sync-worker/DEBUG] [net.neoforged.fml.config.ConfigTracker/CONFIG]: Loaded TOML config file D:\Modding\Simple Incubator\run\config\industrialforegoing\machine-core.toml
[22May2025 19:33:30.955] [modloading-sync-worker/DEBUG] [net.neoforged.fml.config.ConfigTracker/CONFIG]: Watching TOML config file D:\Modding\Simple Incubator\run\config\industrialforegoing\machine-core.toml for changes
[22May2025 19:33:30.956] [modloading-sync-worker/DEBUG] [net.neoforged.fml.config.ConfigTracker/CONFIG]: Loaded TOML config file D:\Modding\Simple Incubator\run\config\industrialforegoing\machine-agriculture-husbandry.toml
[22May2025 19:33:30.956] [modloading-sync-worker/DEBUG] [net.neoforged.fml.config.ConfigTracker/CONFIG]: Watching TOML config file D:\Modding\Simple Incubator\run\config\industrialforegoing\machine-agriculture-husbandry.toml for changes
[22May2025 19:33:30.959] [modloading-sync-worker/DEBUG] [net.neoforged.fml.config.ConfigTracker/CONFIG]: Loaded TOML config file D:\Modding\Simple Incubator\run\config\industrialforegoing\machine-resource-production.toml
[22May2025 19:33:30.959] [modloading-sync-worker/DEBUG] [net.neoforged.fml.config.ConfigTracker/CONFIG]: Watching TOML config file D:\Modding\Simple Incubator\run\config\industrialforegoing\machine-resource-production.toml for changes
[22May2025 19:33:30.960] [modloading-sync-worker/DEBUG] [net.neoforged.fml.config.ConfigTracker/CONFIG]: Loaded TOML config file D:\Modding\Simple Incubator\run\config\industrialforegoing\machine-generator.toml
[22May2025 19:33:30.960] [modloading-sync-worker/DEBUG] [net.neoforged.fml.config.ConfigTracker/CONFIG]: Watching TOML config file D:\Modding\Simple Incubator\run\config\industrialforegoing\machine-generator.toml for changes
[22May2025 19:33:30.961] [modloading-sync-worker/DEBUG] [net.neoforged.fml.config.ConfigTracker/CONFIG]: Loaded TOML config file D:\Modding\Simple Incubator\run\config\Mekanism\common.toml
[22May2025 19:33:30.961] [modloading-sync-worker/DEBUG] [net.neoforged.fml.config.ConfigTracker/CONFIG]: Watching TOML config file D:\Modding\Simple Incubator\run\config\Mekanism\common.toml for changes
[22May2025 19:33:30.963] [modloading-sync-worker/DEBUG] [net.neoforged.fml.config.ConfigTracker/CONFIG]: Loaded TOML config file D:\Modding\Simple Incubator\run\config\justdirethings-common.toml
[22May2025 19:33:30.964] [modloading-sync-worker/DEBUG] [net.neoforged.fml.config.ConfigTracker/CONFIG]: Watching TOML config file D:\Modding\Simple Incubator\run\config\justdirethings-common.toml for changes
[22May2025 19:33:30.964] [Render thread/DEBUG] [mixin/]: Mixing platform.neoforge.ResourcePackLoaderMixin from sodium-neoforge.mixins.json into net.neoforged.neoforge.resource.ResourcePackLoader
[22May2025 19:33:30.964] [Render thread/DEBUG] [mixin/]: sodium-neoforge.mixins.json:platform.neoforge.ResourcePackLoaderMixin from mod sodium: Class version 65 required is higher than the class version supported by the current version of Mixin (JAVA_17 supports class version 61)
[22May2025 19:33:30.965] [Render thread/DEBUG] [mixin/]: Renaming synthetic method lambda$changeSet$0(Ljava/util/Map$Entry;Ljava/util/Map$Entry;)I to md60ac39$sodium$lambda$changeSet$0$0 in sodium-neoforge.mixins.json:platform.neoforge.ResourcePackLoaderMixin from mod sodium
[22May2025 19:33:31.015] [Render thread/DEBUG] [mixin/]: Mixing MixinSodiumGameOptions from mixins.iris.compat.sodium.json into net.caffeinemc.mods.sodium.client.gui.SodiumGameOptions
[22May2025 19:33:31.015] [Render thread/DEBUG] [mixin/]: mixins.iris.compat.sodium.json:MixinSodiumGameOptions from mod iris: Class version 65 required is higher than the class version supported by the current version of Mixin (JAVA_8 supports class version 52)
[22May2025 19:33:31.016] [Render thread/DEBUG] [mixin/]: mixins.iris.compat.sodium.json:MixinSodiumGameOptions from mod iris->@Inject::iris$writeIrisConfig(Lorg/spongepowered/asm/mixin/injection/callback/CallbackInfo;)V doesn't use it's CallbackInfo
[22May2025 19:33:31.026] [Render thread/DEBUG] [mixin/]: Mixing MixinClientLanguage from mixins.iris.json into net.minecraft.client.resources.language.ClientLanguage
[22May2025 19:33:31.027] [Render thread/DEBUG] [mixin/]: mixins.iris.json:MixinClientLanguage from mod iris: Class version 65 required is higher than the class version supported by the current version of Mixin (JAVA_8 supports class version 52)
[22May2025 19:33:31.030] [Render thread/DEBUG] [mixin/]: mixins.iris.json:MixinClientLanguage from mod iris->@Inject::injectFrom(Ljava/lang/String;Ljava/util/List;Ljava/util/Map;Lorg/spongepowered/asm/mixin/injection/callback/CallbackInfo;)V doesn't use it's CallbackInfo
[22May2025 19:33:31.030] [Render thread/DEBUG] [mixin/]: mixins.iris.json:MixinClientLanguage from mod iris->@Inject::check(Lnet/minecraft/server/packs/resources/ResourceManager;Ljava/util/List;ZLorg/spongepowered/asm/mixin/injection/callback/CallbackInfoReturnable;)V doesn't use it's CallbackInfoReturnable
[22May2025 19:33:31.030] [Render thread/DEBUG] [mixin/]: mixins.iris.json:MixinClientLanguage from mod iris->@Inject::iris$addLanguageEntries(Ljava/lang/String;Ljava/lang/String;Lorg/spongepowered/asm/mixin/injection/callback/CallbackInfoReturnable;)V does use it's CallbackInfoReturnable
[22May2025 19:33:31.030] [Render thread/DEBUG] [mixin/]: mixins.iris.json:MixinClientLanguage from mod iris->@Inject::iris$addLanguageEntriesToTranslationChecks(Ljava/lang/String;Lorg/spongepowered/asm/mixin/injection/callback/CallbackInfoReturnable;)V does use it's CallbackInfoReturnable
[22May2025 19:33:31.032] [Render thread/DEBUG] [mixin/]: Mixing texture.MixinTextureManager from mixins.iris.json into net.minecraft.client.renderer.texture.TextureManager
[22May2025 19:33:31.032] [Render thread/DEBUG] [mixin/]: mixins.iris.json:texture.MixinTextureManager from mod iris: Class version 65 required is higher than the class version supported by the current version of Mixin (JAVA_8 supports class version 52)
[22May2025 19:33:31.033] [Render thread/DEBUG] [mixin/]: Mixing client.TextureManagerMixin from geckolib.mixins.json into net.minecraft.client.renderer.texture.TextureManager
[22May2025 19:33:31.033] [Render thread/DEBUG] [mixin/]: geckolib.mixins.json:client.TextureManagerMixin from mod geckolib: Class version 65 required is higher than the class version supported by the current version of Mixin (JAVA_17 supports class version 61)
[22May2025 19:33:31.035] [Render thread/DEBUG] [mixin/]: mixins.iris.json:texture.MixinTextureManager from mod iris->@Inject::iris$onTailReloadLambda(Lnet/minecraft/server/packs/resources/ResourceManager;Ljava/util/concurrent/Executor;Ljava/util/concurrent/CompletableFuture;Ljava/lang/Void;Lorg/spongepowered/asm/mixin/injection/callback/CallbackInfo;)V doesn't use it's CallbackInfo
[22May2025 19:33:31.035] [Render thread/DEBUG] [mixin/]: mixins.iris.json:texture.MixinTextureManager from mod iris->@Inject::iris$onTailReloadLambda(Lnet/minecraft/server/packs/resources/ResourceManager;Ljava/util/concurrent/Executor;Ljava/util/concurrent/CompletableFuture;Ljava/lang/Void;Lorg/spongepowered/asm/mixin/injection/callback/CallbackInfo;)V has 0 override(s) in child classes
[22May2025 19:33:31.035] [Render thread/DEBUG] [mixin/]: mixins.iris.json:texture.MixinTextureManager from mod iris->@Inject::iris$onTailReloadLambda(Lnet/minecraft/server/packs/resources/ResourceManager;Ljava/util/concurrent/Executor;Ljava/util/concurrent/CompletableFuture;Ljava/lang/Void;Lorg/spongepowered/asm/mixin/injection/callback/CallbackInfo;)V won't be passed a CallbackInfo as a result
[22May2025 19:33:31.035] [Render thread/DEBUG] [mixin/]: mixins.iris.json:texture.MixinTextureManager from mod iris->@Inject::iris$onInnerDumpTextures(Ljava/nio/file/Path;Lorg/spongepowered/asm/mixin/injection/callback/CallbackInfo;)V doesn't use it's CallbackInfo
[22May2025 19:33:31.035] [Render thread/DEBUG] [mixin/]: mixins.iris.json:texture.MixinTextureManager from mod iris->@Inject::iris$onInnerDumpTextures(Ljava/nio/file/Path;Lorg/spongepowered/asm/mixin/injection/callback/CallbackInfo;)V has 0 override(s) in child classes
[22May2025 19:33:31.035] [Render thread/DEBUG] [mixin/]: mixins.iris.json:texture.MixinTextureManager from mod iris->@Inject::iris$onInnerDumpTextures(Ljava/nio/file/Path;Lorg/spongepowered/asm/mixin/injection/callback/CallbackInfo;)V won't be passed a CallbackInfo as a result
[22May2025 19:33:31.035] [Render thread/DEBUG] [mixin/]: mixins.iris.json:texture.MixinTextureManager from mod iris->@Inject::iris$onInnerDumpTextures(Ljava/nio/file/Path;Lorg/spongepowered/asm/mixin/injection/callback/CallbackInfo;)V doesn't use it's CallbackInfo
[22May2025 19:33:31.035] [Render thread/DEBUG] [mixin/]: mixins.iris.json:texture.MixinTextureManager from mod iris->@Inject::iris$onInnerDumpTextures(Ljava/nio/file/Path;Lorg/spongepowered/asm/mixin/injection/callback/CallbackInfo;)V has 0 override(s) in child classes
[22May2025 19:33:31.035] [Render thread/DEBUG] [mixin/]: mixins.iris.json:texture.MixinTextureManager from mod iris->@Inject::iris$onInnerDumpTextures(Ljava/nio/file/Path;Lorg/spongepowered/asm/mixin/injection/callback/CallbackInfo;)V won't be passed a CallbackInfo as a result
[22May2025 19:33:31.035] [Render thread/DEBUG] [mixin/]: mixins.iris.json:texture.MixinTextureManager from mod iris->@Inject::iris$onTailClose(Lorg/spongepowered/asm/mixin/injection/callback/CallbackInfo;)V doesn't use it's CallbackInfo
[22May2025 19:33:31.035] [Render thread/DEBUG] [mixin/]: mixins.iris.json:texture.MixinTextureManager from mod iris->@Inject::iris$onTailClose(Lorg/spongepowered/asm/mixin/injection/callback/CallbackInfo;)V has 0 override(s) in child classes
[22May2025 19:33:31.035] [Render thread/DEBUG] [mixin/]: mixins.iris.json:texture.MixinTextureManager from mod iris->@Inject::iris$onTailClose(Lorg/spongepowered/asm/mixin/injection/callback/CallbackInfo;)V won't be passed a CallbackInfo as a result
[22May2025 19:33:31.080] [Render thread/DEBUG] [mixin/]: Mixing features.render.gui.font.BakedGlyphMixin from sodium-common.mixins.json into net.minecraft.client.gui.font.glyphs.BakedGlyph
[22May2025 19:33:31.080] [Render thread/DEBUG] [mixin/]: sodium-common.mixins.json:features.render.gui.font.BakedGlyphMixin from mod sodium: Class version 65 required is higher than the class version supported by the current version of Mixin (JAVA_17 supports class version 61)
[22May2025 19:33:31.082] [Render thread/DEBUG] [mixin/]: sodium-common.mixins.json:features.render.gui.font.BakedGlyphMixin from mod sodium->@Inject::drawFast(ZFFLorg/joml/Matrix4f;Lcom/mojang/blaze3d/vertex/VertexConsumer;FFFFILorg/spongepowered/asm/mixin/injection/callback/CallbackInfo;)V does use it's CallbackInfo
[22May2025 19:33:31.094] [Render thread/DEBUG] [mixin/]: Mixing FontMixin from jade.mixins.json into net.minecraft.client.gui.Font
[22May2025 19:33:31.094] [Render thread/DEBUG] [mixin/]: jade.mixins.json:FontMixin from mod jade: Class version 65 required is higher than the class version supported by the current version of Mixin (JAVA_16 supports class version 60)
[22May2025 19:33:31.095] [Render thread/DEBUG] [mixin/]: jade.mixins.json:FontMixin from mod jade->@Inject::jade$renderChar(Lnet/minecraft/client/gui/font/glyphs/BakedGlyph;ZZFFFLorg/joml/Matrix4f;Lcom/mojang/blaze3d/vertex/VertexConsumer;FFFFILorg/spongepowered/asm/mixin/injection/callback/CallbackInfo;)V does use it's CallbackInfo
[22May2025 19:33:31.099] [Render thread/DEBUG] [mixin/]: Mixing core.model.colors.BlockColorsMixin from sodium-common.mixins.json into net.minecraft.client.color.block.BlockColors
[22May2025 19:33:31.099] [Render thread/DEBUG] [mixin/]: sodium-common.mixins.json:core.model.colors.BlockColorsMixin from mod sodium: Class version 65 required is higher than the class version supported by the current version of Mixin (JAVA_17 supports class version 61)
[22May2025 19:33:31.102] [Render thread/DEBUG] [mixin/]: sodium-common.mixins.json:core.model.colors.BlockColorsMixin from mod sodium->@Inject::preRegisterColorProvider(Lnet/minecraft/client/color/block/BlockColor;[Lnet/minecraft/world/level/block/Block;Lorg/spongepowered/asm/mixin/injection/callback/CallbackInfo;)V doesn't use it's CallbackInfo
[22May2025 19:33:31.102] [Render thread/DEBUG] [mixin/]: sodium-common.mixins.json:core.model.colors.BlockColorsMixin from mod sodium->@Inject::preRegisterColorProvider(Lnet/minecraft/client/color/block/BlockColor;[Lnet/minecraft/world/level/block/Block;Lorg/spongepowered/asm/mixin/injection/callback/CallbackInfo;)V has 0 override(s) in child classes
[22May2025 19:33:31.102] [Render thread/DEBUG] [mixin/]: sodium-common.mixins.json:core.model.colors.BlockColorsMixin from mod sodium->@Inject::preRegisterColorProvider(Lnet/minecraft/client/color/block/BlockColor;[Lnet/minecraft/world/level/block/Block;Lorg/spongepowered/asm/mixin/injection/callback/CallbackInfo;)V won't be passed a CallbackInfo as a result
[22May2025 19:33:31.108] [Render thread/DEBUG] [mixin/]: Mixing platform.neoforge.ClientHooksMixin from sodium-neoforge.mixins.json into net.neoforged.neoforge.client.ClientHooks
[22May2025 19:33:31.108] [Render thread/DEBUG] [mixin/]: sodium-neoforge.mixins.json:platform.neoforge.ClientHooksMixin from mod sodium: Class version 65 required is higher than the class version supported by the current version of Mixin (JAVA_17 supports class version 61)
[22May2025 19:33:31.123] [Render thread/DEBUG] [mixin/]: Mixing core.model.colors.ItemColorsMixin from sodium-common.mixins.json into net.minecraft.client.color.item.ItemColors
[22May2025 19:33:31.123] [Render thread/DEBUG] [mixin/]: sodium-common.mixins.json:core.model.colors.ItemColorsMixin from mod sodium: Class version 65 required is higher than the class version supported by the current version of Mixin (JAVA_17 supports class version 61)
[22May2025 19:33:31.124] [Render thread/DEBUG] [mixin/]: sodium-common.mixins.json:core.model.colors.ItemColorsMixin from mod sodium->@Inject::preRegisterColor(Lnet/minecraft/client/color/item/ItemColor;[Lnet/minecraft/world/level/ItemLike;Lorg/spongepowered/asm/mixin/injection/callback/CallbackInfo;)V doesn't use it's CallbackInfo
[22May2025 19:33:31.124] [Render thread/DEBUG] [mixin/]: sodium-common.mixins.json:core.model.colors.ItemColorsMixin from mod sodium->@Inject::preRegisterColor(Lnet/minecraft/client/color/item/ItemColor;[Lnet/minecraft/world/level/ItemLike;Lorg/spongepowered/asm/mixin/injection/callback/CallbackInfo;)V has 0 override(s) in child classes
[22May2025 19:33:31.124] [Render thread/DEBUG] [mixin/]: sodium-common.mixins.json:core.model.colors.ItemColorsMixin from mod sodium->@Inject::preRegisterColor(Lnet/minecraft/client/color/item/ItemColor;[Lnet/minecraft/world/level/ItemLike;Lorg/spongepowered/asm/mixin/injection/callback/CallbackInfo;)V won't be passed a CallbackInfo as a result
[22May2025 19:33:31.131] [Render thread/DEBUG] [mixin/]: Mixing MixinSheets from iris-batched-entity-rendering.mixins.json into net.minecraft.client.renderer.Sheets
[22May2025 19:33:31.131] [Render thread/DEBUG] [mixin/]: iris-batched-entity-rendering.mixins.json:MixinSheets from mod iris: Class version 65 required is higher than the class version supported by the current version of Mixin (JAVA_8 supports class version 52)
[22May2025 19:33:31.131] [Render thread/DEBUG] [mixin/]: iris-batched-entity-rendering.mixins.json:MixinSheets from mod iris->@Inject::setSheet(Lorg/spongepowered/asm/mixin/injection/callback/CallbackInfo;)V doesn't use it's CallbackInfo
[22May2025 19:33:31.139] [Render thread/DEBUG] [mixin/]: Mixing profiler.MixinBlockEntityRenderDispatcher from sodium-extra.mixins.json into net.minecraft.client.renderer.blockentity.BlockEntityRenderDispatcher
[22May2025 19:33:31.140] [Render thread/DEBUG] [mixin/]: sodium-extra.mixins.json:profiler.MixinBlockEntityRenderDispatcher from mod sodium_extra: Class version 65 required is higher than the class version supported by the current version of Mixin (JAVA_17 supports class version 61)
[22May2025 19:33:31.140] [Render thread/DEBUG] [mixin/]: Mixing entity_render_context.MixinBlockEntityRenderDispatcher from mixins.iris.json into net.minecraft.client.renderer.blockentity.BlockEntityRenderDispatcher
[22May2025 19:33:31.140] [Render thread/DEBUG] [mixin/]: mixins.iris.json:entity_render_context.MixinBlockEntityRenderDispatcher from mod iris: Class version 65 required is higher than the class version supported by the current version of Mixin (JAVA_8 supports class version 52)
[22May2025 19:33:31.141] [Render thread/DEBUG] [mixin/]: Renaming synthetic method lambda$iris$wrapBufferSource$0(Lnet/minecraft/client/renderer/RenderType;)Lnet/minecraft/client/renderer/RenderType; to md60ac39$iris$lambda$iris$wrapBufferSource$0$0 in mixins.iris.json:entity_render_context.MixinBlockEntityRenderDispatcher from mod iris
[22May2025 19:33:31.142] [Render thread/DEBUG] [mixin/]: sodium-extra.mixins.json:profiler.MixinBlockEntityRenderDispatcher from mod sodium_extra->@Inject::onRender(Lnet/minecraft/client/renderer/blockentity/BlockEntityRenderer;Lnet/minecraft/world/level/block/entity/BlockEntity;FLcom/mojang/blaze3d/vertex/PoseStack;Lnet/minecraft/client/renderer/MultiBufferSource;Lorg/spongepowered/asm/mixin/injection/callback/CallbackInfo;)V doesn't use it's CallbackInfo
[22May2025 19:33:31.142] [Render thread/DEBUG] [mixin/]: sodium-extra.mixins.json:profiler.MixinBlockEntityRenderDispatcher from mod sodium_extra->@Inject::afterRender(Lnet/minecraft/client/renderer/blockentity/BlockEntityRenderer;Lnet/minecraft/world/level/block/entity/BlockEntity;FLcom/mojang/blaze3d/vertex/PoseStack;Lnet/minecraft/client/renderer/MultiBufferSource;Lorg/spongepowered/asm/mixin/injection/callback/CallbackInfo;)V doesn't use it's CallbackInfo
[22May2025 19:33:31.142] [Render thread/DEBUG] [mixin/]: mixins.iris.json:entity_render_context.MixinBlockEntityRenderDispatcher from mod iris->@Inject::iris$afterRender(Lnet/minecraft/world/level/block/entity/BlockEntity;FLcom/mojang/blaze3d/vertex/PoseStack;Lnet/minecraft/client/renderer/MultiBufferSource;Lorg/spongepowered/asm/mixin/injection/callback/CallbackInfo;)V doesn't use it's CallbackInfo
[22May2025 19:33:31.142] [Render thread/DEBUG] [mixin/]: mixins.iris.json:entity_render_context.MixinBlockEntityRenderDispatcher from mod iris->@Inject::iris$afterRender(Lnet/minecraft/world/level/block/entity/BlockEntity;FLcom/mojang/blaze3d/vertex/PoseStack;Lnet/minecraft/client/renderer/MultiBufferSource;Lorg/spongepowered/asm/mixin/injection/callback/CallbackInfo;)V has 0 override(s) in child classes
[22May2025 19:33:31.142] [Render thread/DEBUG] [mixin/]: mixins.iris.json:entity_render_context.MixinBlockEntityRenderDispatcher from mod iris->@Inject::iris$afterRender(Lnet/minecraft/world/level/block/entity/BlockEntity;FLcom/mojang/blaze3d/vertex/PoseStack;Lnet/minecraft/client/renderer/MultiBufferSource;Lorg/spongepowered/asm/mixin/injection/callback/CallbackInfo;)V won't be passed a CallbackInfo as a result
[22May2025 19:33:31.145] [Render thread/DEBUG] [mixin/]: Mixing BlockRenderDispatcherMixin from enderioconduits.mixins.json into net.minecraft.client.renderer.block.BlockRenderDispatcher
[22May2025 19:33:31.147] [Render thread/DEBUG] [mixin/]: enderioconduits.mixins.json:BlockRenderDispatcherMixin from mod enderio_conduits: Class version 65 required is higher than the class version supported by the current version of Mixin (JAVA_17 supports class version 61)
[22May2025 19:33:31.150] [Render thread/DEBUG] [mixin/]: Mixing profiler.MixinEntityRenderDispatcher from sodium-extra.mixins.json into net.minecraft.client.renderer.entity.EntityRenderDispatcher
[22May2025 19:33:31.150] [Render thread/DEBUG] [mixin/]: sodium-extra.mixins.json:profiler.MixinEntityRenderDispatcher from mod sodium_extra: Class version 65 required is higher than the class version supported by the current version of Mixin (JAVA_17 supports class version 61)
[22May2025 19:33:31.151] [Render thread/DEBUG] [mixin/]: Mixing firstPerson.EntityRenderDispatcherMixin from playerAnimator-common.mixins.json into net.minecraft.client.renderer.entity.EntityRenderDispatcher
[22May2025 19:33:31.151] [Render thread/DEBUG] [mixin/]: Mixing client.compat115plus.EntityRenderDispatcherMixin from pehkui.mixins.json into net.minecraft.client.renderer.entity.EntityRenderDispatcher
[22May2025 19:33:31.151] [Render thread/DEBUG] [mixin/]: pehkui.mixins.json:client.compat115plus.EntityRenderDispatcherMixin from mod pehkui: Class version 65 required is higher than the class version supported by the current version of Mixin (JAVA_17 supports class version 61)
[22May2025 19:33:31.151] [Render thread/DEBUG] [mixin/]: Mixing client.compat121plus.EntityRenderDispatcherMixin from pehkui.mixins.json into net.minecraft.client.renderer.entity.EntityRenderDispatcher
[22May2025 19:33:31.151] [Render thread/DEBUG] [mixin/]: pehkui.mixins.json:client.compat121plus.EntityRenderDispatcherMixin from mod pehkui: Class version 65 required is higher than the class version supported by the current version of Mixin (JAVA_17 supports class version 61)
[22May2025 19:33:31.152] [Render thread/DEBUG] [mixin/]: Mixing MixinEntityRenderDispatcher from mixins.iris.json into net.minecraft.client.renderer.entity.EntityRenderDispatcher
[22May2025 19:33:31.152] [Render thread/DEBUG] [mixin/]: mixins.iris.json:MixinEntityRenderDispatcher from mod iris: Class version 65 required is higher than the class version supported by the current version of Mixin (JAVA_8 supports class version 52)
[22May2025 19:33:31.153] [Render thread/DEBUG] [mixin/]: Mixing entity_render_context.MixinEntityRenderDispatcher from mixins.iris.json into net.minecraft.client.renderer.entity.EntityRenderDispatcher
[22May2025 19:33:31.153] [Render thread/DEBUG] [mixin/]: mixins.iris.json:entity_render_context.MixinEntityRenderDispatcher from mod iris: Class version 65 required is higher than the class version supported by the current version of Mixin (JAVA_8 supports class version 52)
[22May2025 19:33:31.153] [Render thread/DEBUG] [mixin/]: Renaming synthetic method lambda$iris$beginEntityRender$2(Lnet/minecraft/client/renderer/RenderType;)Lnet/minecraft/client/renderer/RenderType; to md60ac39$iris$lambda$iris$beginEntityRender$2$0 in mixins.iris.json:entity_render_context.MixinEntityRenderDispatcher from mod iris
[22May2025 19:33:31.153] [Render thread/DEBUG] [mixin/]: Renaming synthetic method lambda$iris$beginEntityRender$1(Lnet/minecraft/world/entity/Entity;Ljava/lang/Object;)Lnet/irisshaders/iris/shaderpack/materialmap/NamespacedId; to md60ac39$iris$lambda$iris$beginEntityRender$1$1 in mixins.iris.json:entity_render_context.MixinEntityRenderDispatcher from mod iris
[22May2025 19:33:31.153] [Render thread/DEBUG] [mixin/]: Renaming synthetic method lambda$iris$beginEntityRender$0(Lnet/minecraft/world/entity/Entity;Ljava/lang/Object;)Lnet/irisshaders/iris/shaderpack/materialmap/NamespacedId; to md60ac39$iris$lambda$iris$beginEntityRender$0$2 in mixins.iris.json:entity_render_context.MixinEntityRenderDispatcher from mod iris
[22May2025 19:33:31.155] [Render thread/DEBUG] [mixin/]: Mixing features.render.entity.shadows.EntityRenderDispatcherMixin from sodium-common.mixins.json into net.minecraft.client.renderer.entity.EntityRenderDispatcher
[22May2025 19:33:31.155] [Render thread/DEBUG] [mixin/]: sodium-common.mixins.json:features.render.entity.shadows.EntityRenderDispatcherMixin from mod sodium: Class version 65 required is higher than the class version supported by the current version of Mixin (JAVA_17 supports class version 61)
[22May2025 19:33:31.162] [Render thread/DEBUG] [mixin/]: sodium-extra.mixins.json:profiler.MixinEntityRenderDispatcher from mod sodium_extra->@Inject::onRender(Lnet/minecraft/world/entity/Entity;DDDFFLcom/mojang/blaze3d/vertex/PoseStack;Lnet/minecraft/client/renderer/MultiBufferSource;ILorg/spongepowered/asm/mixin/injection/callback/CallbackInfo;)V doesn't use it's CallbackInfo
[22May2025 19:33:31.162] [Render thread/DEBUG] [mixin/]: sodium-extra.mixins.json:profiler.MixinEntityRenderDispatcher from mod sodium_extra->@Inject::onRender(Lnet/minecraft/world/entity/Entity;DDDFFLcom/mojang/blaze3d/vertex/PoseStack;Lnet/minecraft/client/renderer/MultiBufferSource;ILorg/spongepowered/asm/mixin/injection/callback/CallbackInfo;)V has 0 override(s) in child classes
[22May2025 19:33:31.162] [Render thread/DEBUG] [mixin/]: sodium-extra.mixins.json:profiler.MixinEntityRenderDispatcher from mod sodium_extra->@Inject::onRender(Lnet/minecraft/world/entity/Entity;DDDFFLcom/mojang/blaze3d/vertex/PoseStack;Lnet/minecraft/client/renderer/MultiBufferSource;ILorg/spongepowered/asm/mixin/injection/callback/CallbackInfo;)V won't be passed a CallbackInfo as a result
[22May2025 19:33:31.162] [Render thread/DEBUG] [mixin/]: sodium-extra.mixins.json:profiler.MixinEntityRenderDispatcher from mod sodium_extra->@Inject::afterRender(Lnet/minecraft/world/entity/Entity;DDDFFLcom/mojang/blaze3d/vertex/PoseStack;Lnet/minecraft/client/renderer/MultiBufferSource;ILorg/spongepowered/asm/mixin/injection/callback/CallbackInfo;)V doesn't use it's CallbackInfo
[22May2025 19:33:31.162] [Render thread/DEBUG] [mixin/]: sodium-extra.mixins.json:profiler.MixinEntityRenderDispatcher from mod sodium_extra->@Inject::afterRender(Lnet/minecraft/world/entity/Entity;DDDFFLcom/mojang/blaze3d/vertex/PoseStack;Lnet/minecraft/client/renderer/MultiBufferSource;ILorg/spongepowered/asm/mixin/injection/callback/CallbackInfo;)V has 0 override(s) in child classes
[22May2025 19:33:31.162] [Render thread/DEBUG] [mixin/]: sodium-extra.mixins.json:profiler.MixinEntityRenderDispatcher from mod sodium_extra->@Inject::afterRender(Lnet/minecraft/world/entity/Entity;DDDFFLcom/mojang/blaze3d/vertex/PoseStack;Lnet/minecraft/client/renderer/MultiBufferSource;ILorg/spongepowered/asm/mixin/injection/callback/CallbackInfo;)V won't be passed a CallbackInfo as a result
[22May2025 19:33:31.162] [Render thread/DEBUG] [mixin/]: playerAnimator-common.mixins.json:firstPerson.EntityRenderDispatcherMixin from mod playeranimator->@Inject::renderShadow_HEAD_PlayerAnimator(Lcom/mojang/blaze3d/vertex/PoseStack;Lnet/minecraft/client/renderer/MultiBufferSource;Lnet/minecraft/world/entity/Entity;FFLnet/minecraft/world/level/LevelReader;FLorg/spongepowered/asm/mixin/injection/callback/CallbackInfo;)V does use it's CallbackInfo
[22May2025 19:33:31.162] [Render thread/DEBUG] [mixin/]: pehkui.mixins.json:client.compat115plus.EntityRenderDispatcherMixin from mod pehkui->@Inject::pehkui$render$before(Lnet/minecraft/world/entity/Entity;DDDFFLcom/mojang/blaze3d/vertex/PoseStack;Lnet/minecraft/client/renderer/MultiBufferSource;ILorg/spongepowered/asm/mixin/injection/callback/CallbackInfo;)V doesn't use it's CallbackInfo
[22May2025 19:33:31.162] [Render thread/DEBUG] [mixin/]: pehkui.mixins.json:client.compat115plus.EntityRenderDispatcherMixin from mod pehkui->@Inject::pehkui$render$before(Lnet/minecraft/world/entity/Entity;DDDFFLcom/mojang/blaze3d/vertex/PoseStack;Lnet/minecraft/client/renderer/MultiBufferSource;ILorg/spongepowered/asm/mixin/injection/callback/CallbackInfo;)V has 0 override(s) in child classes
[22May2025 19:33:31.162] [Render thread/DEBUG] [mixin/]: pehkui.mixins.json:client.compat115plus.EntityRenderDispatcherMixin from mod pehkui->@Inject::pehkui$render$before(Lnet/minecraft/world/entity/Entity;DDDFFLcom/mojang/blaze3d/vertex/PoseStack;Lnet/minecraft/client/renderer/MultiBufferSource;ILorg/spongepowered/asm/mixin/injection/callback/CallbackInfo;)V won't be passed a CallbackInfo as a result
[22May2025 19:33:31.163] [Render thread/DEBUG] [mixin/]: pehkui.mixins.json:client.compat115plus.EntityRenderDispatcherMixin from mod pehkui->@Inject::pehkui$render$after(Lnet/minecraft/world/entity/Entity;DDDFFLcom/mojang/blaze3d/vertex/PoseStack;Lnet/minecraft/client/renderer/MultiBufferSource;ILorg/spongepowered/asm/mixin/injection/callback/CallbackInfo;)V doesn't use it's CallbackInfo
[22May2025 19:33:31.163] [Render thread/DEBUG] [mixin/]: pehkui.mixins.json:client.compat115plus.EntityRenderDispatcherMixin from mod pehkui->@Inject::pehkui$render$after(Lnet/minecraft/world/entity/Entity;DDDFFLcom/mojang/blaze3d/vertex/PoseStack;Lnet/minecraft/client/renderer/MultiBufferSource;ILorg/spongepowered/asm/mixin/injection/callback/CallbackInfo;)V has 0 override(s) in child classes
[22May2025 19:33:31.163] [Render thread/DEBUG] [mixin/]: pehkui.mixins.json:client.compat115plus.EntityRenderDispatcherMixin from mod pehkui->@Inject::pehkui$render$after(Lnet/minecraft/world/entity/Entity;DDDFFLcom/mojang/blaze3d/vertex/PoseStack;Lnet/minecraft/client/renderer/MultiBufferSource;ILorg/spongepowered/asm/mixin/injection/callback/CallbackInfo;)V won't be passed a CallbackInfo as a result
[22May2025 19:33:31.163] [Render thread/DEBUG] [mixin/]: pehkui.mixins.json:client.compat121plus.EntityRenderDispatcherMixin from mod pehkui->@Inject::pehkui$renderHitbox(Lcom/mojang/blaze3d/vertex/PoseStack;Lcom/mojang/blaze3d/vertex/VertexConsumer;Lnet/minecraft/world/entity/Entity;FFFFLorg/spongepowered/asm/mixin/injection/callback/CallbackInfo;)V doesn't use it's CallbackInfo
[22May2025 19:33:31.163] [Render thread/DEBUG] [mixin/]: mixins.iris.json:MixinEntityRenderDispatcher from mod iris->@Inject::iris$maybeSuppressEntityShadow(Lcom/mojang/blaze3d/vertex/PoseStack;Lnet/minecraft/client/renderer/MultiBufferSource;Lnet/minecraft/world/entity/Entity;FFLnet/minecraft/world/level/LevelReader;FLorg/spongepowered/asm/mixin/injection/callback/CallbackInfo;)V does use it's CallbackInfo
[22May2025 19:33:31.163] [Render thread/DEBUG] [mixin/]: mixins.iris.json:MixinEntityRenderDispatcher from mod iris->@Inject::restoreShadow(Lcom/mojang/blaze3d/vertex/PoseStack;Lnet/minecraft/client/renderer/MultiBufferSource;Lnet/minecraft/world/entity/Entity;FFLnet/minecraft/world/level/LevelReader;FLorg/spongepowered/asm/mixin/injection/callback/CallbackInfo;)V doesn't use it's CallbackInfo
[22May2025 19:33:31.163] [Render thread/DEBUG] [mixin/]: mixins.iris.json:MixinEntityRenderDispatcher from mod iris->@Inject::renderBlockShadow(Lcom/mojang/blaze3d/vertex/PoseStack$Pose;Lcom/mojang/blaze3d/vertex/VertexConsumer;Lnet/minecraft/world/level/chunk/ChunkAccess;Lnet/minecraft/world/level/LevelReader;Lnet/minecraft/core/BlockPos;DDDFFLorg/spongepowered/asm/mixin/injection/callback/CallbackInfo;)V does use it's CallbackInfo
[22May2025 19:33:31.163] [Render thread/DEBUG] [mixin/]: mixins.iris.json:MixinEntityRenderDispatcher from mod iris->@Inject::iris$setFlameId(Lcom/mojang/blaze3d/vertex/PoseStack;Lnet/minecraft/client/renderer/MultiBufferSource;Lnet/minecraft/world/entity/Entity;Lorg/joml/Quaternionf;Lorg/spongepowered/asm/mixin/injection/callback/CallbackInfo;)V doesn't use it's CallbackInfo
[22May2025 19:33:31.163] [Render thread/DEBUG] [mixin/]: mixins.iris.json:MixinEntityRenderDispatcher from mod iris->@Inject::iris$setFlameId(Lcom/mojang/blaze3d/vertex/PoseStack;Lnet/minecraft/client/renderer/MultiBufferSource;Lnet/minecraft/world/entity/Entity;Lorg/joml/Quaternionf;Lorg/spongepowered/asm/mixin/injection/callback/CallbackInfo;)V has 0 override(s) in child classes
[22May2025 19:33:31.163] [Render thread/DEBUG] [mixin/]: mixins.iris.json:MixinEntityRenderDispatcher from mod iris->@Inject::iris$setFlameId(Lcom/mojang/blaze3d/vertex/PoseStack;Lnet/minecraft/client/renderer/MultiBufferSource;Lnet/minecraft/world/entity/Entity;Lorg/joml/Quaternionf;Lorg/spongepowered/asm/mixin/injection/callback/CallbackInfo;)V won't be passed a CallbackInfo as a result
[22May2025 19:33:31.163] [Render thread/DEBUG] [mixin/]: mixins.iris.json:MixinEntityRenderDispatcher from mod iris->@Inject::restoreFlameId(Lcom/mojang/blaze3d/vertex/PoseStack;Lnet/minecraft/client/renderer/MultiBufferSource;Lnet/minecraft/world/entity/Entity;Lorg/joml/Quaternionf;Lorg/spongepowered/asm/mixin/injection/callback/CallbackInfo;)V doesn't use it's CallbackInfo
[22May2025 19:33:31.163] [Render thread/DEBUG] [mixin/]: mixins.iris.json:MixinEntityRenderDispatcher from mod iris->@Inject::restoreFlameId(Lcom/mojang/blaze3d/vertex/PoseStack;Lnet/minecraft/client/renderer/MultiBufferSource;Lnet/minecraft/world/entity/Entity;Lorg/joml/Quaternionf;Lorg/spongepowered/asm/mixin/injection/callback/CallbackInfo;)V has 0 override(s) in child classes
[22May2025 19:33:31.163] [Render thread/DEBUG] [mixin/]: mixins.iris.json:MixinEntityRenderDispatcher from mod iris->@Inject::restoreFlameId(Lcom/mojang/blaze3d/vertex/PoseStack;Lnet/minecraft/client/renderer/MultiBufferSource;Lnet/minecraft/world/entity/Entity;Lorg/joml/Quaternionf;Lorg/spongepowered/asm/mixin/injection/callback/CallbackInfo;)V won't be passed a CallbackInfo as a result
[22May2025 19:33:31.163] [Render thread/DEBUG] [mixin/]: mixins.iris.json:entity_render_context.MixinEntityRenderDispatcher from mod iris->@Inject::iris$endEntityRender(Lnet/minecraft/world/entity/Entity;DDDFFLcom/mojang/blaze3d/vertex/PoseStack;Lnet/minecraft/client/renderer/MultiBufferSource;ILorg/spongepowered/asm/mixin/injection/callback/CallbackInfo;)V doesn't use it's CallbackInfo
[22May2025 19:33:31.163] [Render thread/DEBUG] [mixin/]: mixins.iris.json:entity_render_context.MixinEntityRenderDispatcher from mod iris->@Inject::iris$endEntityRender(Lnet/minecraft/world/entity/Entity;DDDFFLcom/mojang/blaze3d/vertex/PoseStack;Lnet/minecraft/client/renderer/MultiBufferSource;ILorg/spongepowered/asm/mixin/injection/callback/CallbackInfo;)V has 0 override(s) in child classes
[22May2025 19:33:31.163] [Render thread/DEBUG] [mixin/]: mixins.iris.json:entity_render_context.MixinEntityRenderDispatcher from mod iris->@Inject::iris$endEntityRender(Lnet/minecraft/world/entity/Entity;DDDFFLcom/mojang/blaze3d/vertex/PoseStack;Lnet/minecraft/client/renderer/MultiBufferSource;ILorg/spongepowered/asm/mixin/injection/callback/CallbackInfo;)V won't be passed a CallbackInfo as a result
[22May2025 19:33:31.163] [Render thread/DEBUG] [mixin/]: sodium-common.mixins.json:features.render.entity.shadows.EntityRenderDispatcherMixin from mod sodium->@Inject::renderShadowPartFast(Lcom/mojang/blaze3d/vertex/PoseStack$Pose;Lcom/mojang/blaze3d/vertex/VertexConsumer;Lnet/minecraft/world/level/chunk/ChunkAccess;Lnet/minecraft/world/level/LevelReader;Lnet/minecraft/core/BlockPos;DDDFFLorg/spongepowered/asm/mixin/injection/callback/CallbackInfo;)V does use it's CallbackInfo
[22May2025 19:33:31.170] [Render thread/DEBUG] [mixin/]: Mixing MixinRenderBuffers from iris-batched-entity-rendering.mixins.json into net.minecraft.client.renderer.RenderBuffers
[22May2025 19:33:31.170] [Render thread/DEBUG] [mixin/]: iris-batched-entity-rendering.mixins.json:MixinRenderBuffers from mod iris: Class version 65 required is higher than the class version supported by the current version of Mixin (JAVA_8 supports class version 52)
[22May2025 19:33:31.170] [Render thread/DEBUG] [mixin/]: Renaming synthetic method lambda$freeAndDeleteBuffers$1(Lnet/minecraft/client/renderer/RenderType;Lcom/mojang/blaze3d/vertex/ByteBufferBuilder;)V to md60ac39$iris$lambda$freeAndDeleteBuffers$1$0 in iris-batched-entity-rendering.mixins.json:MixinRenderBuffers from mod iris
[22May2025 19:33:31.171] [Render thread/DEBUG] [mixin/]: Renaming synthetic method lambda$freeAndDeleteBuffers$0(Lcom/mojang/blaze3d/vertex/ByteBufferBuilder;)V to md60ac39$iris$lambda$freeAndDeleteBuffers$0$1 in iris-batched-entity-rendering.mixins.json:MixinRenderBuffers from mod iris
[22May2025 19:33:31.171] [Render thread/DEBUG] [mixin/]: Renaming @Unique field outlineBufferSourceLnet/minecraft/client/renderer/OutlineBufferSource; to fd60ac39$iris$outlineBufferSource$0 in iris-batched-entity-rendering.mixins.json:MixinRenderBuffers from mod iris
[22May2025 19:33:31.172] [Render thread/DEBUG] [mixin/]: Mixing core.render.world.RenderBuffersMixin from sodium-common.mixins.json into net.minecraft.client.renderer.RenderBuffers
[22May2025 19:33:31.172] [Render thread/DEBUG] [mixin/]: sodium-common.mixins.json:core.render.world.RenderBuffersMixin from mod sodium: Class version 65 required is higher than the class version supported by the current version of Mixin (JAVA_17 supports class version 61)
[22May2025 19:33:31.174] [Render thread/DEBUG] [mixin/]: iris-batched-entity-rendering.mixins.json:MixinRenderBuffers from mod iris->@Inject::batchedentityrendering$replaceBufferSource(Lorg/spongepowered/asm/mixin/injection/callback/CallbackInfoReturnable;)V does use it's CallbackInfoReturnable
[22May2025 19:33:31.174] [Render thread/DEBUG] [mixin/]: iris-batched-entity-rendering.mixins.json:MixinRenderBuffers from mod iris->@Inject::batchedentityrendering$replaceCrumblingBufferSource(Lorg/spongepowered/asm/mixin/injection/callback/CallbackInfoReturnable;)V does use it's CallbackInfoReturnable
[22May2025 19:33:31.174] [Render thread/DEBUG] [mixin/]: iris-batched-entity-rendering.mixins.json:MixinRenderBuffers from mod iris->@Inject::batchedentityrendering$replaceOutlineBufferSource(Lorg/spongepowered/asm/mixin/injection/callback/CallbackInfoReturnable;)V does use it's CallbackInfoReturnable
[22May2025 19:33:31.176] [Render thread/DEBUG] [mixin/]: Mixing immediate.MixinBufferSource from mixins.iris.vertexformat.json into net.minecraft.client.renderer.MultiBufferSource$BufferSource
[22May2025 19:33:31.176] [Render thread/DEBUG] [mixin/]: mixins.iris.vertexformat.json:immediate.MixinBufferSource from mod iris: Class version 65 required is higher than the class version supported by the current version of Mixin (JAVA_8 supports class version 52)
[22May2025 19:33:31.177] [Render thread/DEBUG] [mixin/]: Mixing BufferSourceAccessor from iris-batched-entity-rendering.mixins.json into net.minecraft.client.renderer.MultiBufferSource$BufferSource
[22May2025 19:33:31.177] [Render thread/DEBUG] [mixin/]: iris-batched-entity-rendering.mixins.json:BufferSourceAccessor from mod iris: Class version 65 required is higher than the class version supported by the current version of Mixin (JAVA_8 supports class version 52)
[22May2025 19:33:31.177] [Render thread/DEBUG] [mixin/]: Mixing MixinBufferSource from iris-batched-entity-rendering.mixins.json into net.minecraft.client.renderer.MultiBufferSource$BufferSource
[22May2025 19:33:31.177] [Render thread/DEBUG] [mixin/]: iris-batched-entity-rendering.mixins.json:MixinBufferSource from mod iris: Class version 65 required is higher than the class version supported by the current version of Mixin (JAVA_8 supports class version 52)
[22May2025 19:33:31.179] [Render thread/DEBUG] [mixin/]: mixins.iris.vertexformat.json:immediate.MixinBufferSource from mod iris->@Inject::iris$beforeFlushBuffer(Lnet/minecraft/client/renderer/RenderType;Lcom/mojang/blaze3d/vertex/BufferBuilder;Lorg/spongepowered/asm/mixin/injection/callback/CallbackInfo;)V doesn't use it's CallbackInfo
[22May2025 19:33:31.179] [Render thread/DEBUG] [mixin/]: mixins.iris.vertexformat.json:immediate.MixinBufferSource from mod iris->@Inject::iris$beforeFlushBuffer(Lnet/minecraft/client/renderer/RenderType;Lcom/mojang/blaze3d/vertex/BufferBuilder;Lorg/spongepowered/asm/mixin/injection/callback/CallbackInfo;)V has 0 override(s) in child classes
[22May2025 19:33:31.179] [Render thread/DEBUG] [mixin/]: mixins.iris.vertexformat.json:immediate.MixinBufferSource from mod iris->@Inject::iris$beforeFlushBuffer(Lnet/minecraft/client/renderer/RenderType;Lcom/mojang/blaze3d/vertex/BufferBuilder;Lorg/spongepowered/asm/mixin/injection/callback/CallbackInfo;)V won't be passed a CallbackInfo as a result
[22May2025 19:33:31.179] [Render thread/DEBUG] [mixin/]: mixins.iris.vertexformat.json:immediate.MixinBufferSource from mod iris->@Inject::iris$afterFlushBuffer(Lnet/minecraft/client/renderer/RenderType;Lcom/mojang/blaze3d/vertex/BufferBuilder;Lorg/spongepowered/asm/mixin/injection/callback/CallbackInfo;)V doesn't use it's CallbackInfo
[22May2025 19:33:31.179] [Render thread/DEBUG] [mixin/]: mixins.iris.vertexformat.json:immediate.MixinBufferSource from mod iris->@Inject::iris$afterFlushBuffer(Lnet/minecraft/client/renderer/RenderType;Lcom/mojang/blaze3d/vertex/BufferBuilder;Lorg/spongepowered/asm/mixin/injection/callback/CallbackInfo;)V has 0 override(s) in child classes
[22May2025 19:33:31.179] [Render thread/DEBUG] [mixin/]: mixins.iris.vertexformat.json:immediate.MixinBufferSource from mod iris->@Inject::iris$afterFlushBuffer(Lnet/minecraft/client/renderer/RenderType;Lcom/mojang/blaze3d/vertex/BufferBuilder;Lorg/spongepowered/asm/mixin/injection/callback/CallbackInfo;)V won't be passed a CallbackInfo as a result
[22May2025 19:33:31.181] [Render thread/DEBUG] [mixin/]: Mixing SectionBufferBuilderPackAccessor from iris-batched-entity-rendering.mixins.json into net.minecraft.client.renderer.SectionBufferBuilderPack
[22May2025 19:33:31.181] [Render thread/DEBUG] [mixin/]: iris-batched-entity-rendering.mixins.json:SectionBufferBuilderPackAccessor from mod iris: Class version 65 required is higher than the class version supported by the current version of Mixin (JAVA_8 supports class version 52)
[22May2025 19:33:31.185] [Render thread/DEBUG] [mixin/]: Mixing texture.AnimationMetadataSectionAccessor from mixins.iris.json into net.minecraft.client.resources.metadata.animation.AnimationMetadataSection
[22May2025 19:33:31.185] [Render thread/DEBUG] [mixin/]: mixins.iris.json:texture.AnimationMetadataSectionAccessor from mod iris: Class version 65 required is higher than the class version supported by the current version of Mixin (JAVA_8 supports class version 52)
[22May2025 19:33:31.202] [Render thread/DEBUG] [mixin/]: Mixing OutlineBufferSourceAccessor from iris-batched-entity-rendering.mixins.json into net.minecraft.client.renderer.OutlineBufferSource
[22May2025 19:33:31.202] [Render thread/DEBUG] [mixin/]: iris-batched-entity-rendering.mixins.json:OutlineBufferSourceAccessor from mod iris: Class version 65 required is higher than the class version supported by the current version of Mixin (JAVA_8 supports class version 52)
[22May2025 19:33:31.207] [Render thread/DEBUG] [mixin/]: Mixing features.render.frapi.ModelBlockRendererMixin from sodium-common.mixins.json into net.minecraft.client.renderer.block.ModelBlockRenderer
[22May2025 19:33:31.207] [Render thread/DEBUG] [mixin/]: sodium-common.mixins.json:features.render.frapi.ModelBlockRendererMixin from mod sodium: Class version 65 required is higher than the class version supported by the current version of Mixin (JAVA_17 supports class version 61)
[22May2025 19:33:31.207] [Render thread/DEBUG] [mixin/]: Renaming synthetic method lambda$new$0()Lnet/caffeinemc/mods/sodium/client/render/frapi/render/NonTerrainBlockRenderContext; to md60ac39$sodium$lambda$new$0$0 in sodium-common.mixins.json:features.render.frapi.ModelBlockRendererMixin from mod sodium
[22May2025 19:33:31.207] [Render thread/DEBUG] [mixin/]: Mixing features.textures.animations.tracking.ModelBlockRendererMixin from sodium-common.mixins.json into net.minecraft.client.renderer.block.ModelBlockRenderer
[22May2025 19:33:31.207] [Render thread/DEBUG] [mixin/]: sodium-common.mixins.json:features.textures.animations.tracking.ModelBlockRendererMixin from mod sodium: Class version 65 required is higher than the class version supported by the current version of Mixin (JAVA_17 supports class version 61)
[22May2025 19:33:31.207] [Render thread/DEBUG] [mixin/]: Mixing features.render.model.block.ModelBlockRendererMixin from sodium-neoforge.mixins.json into net.minecraft.client.renderer.block.ModelBlockRenderer
[22May2025 19:33:31.207] [Render thread/DEBUG] [mixin/]: sodium-neoforge.mixins.json:features.render.model.block.ModelBlockRendererMixin from mod sodium: Class version 65 required is higher than the class version supported by the current version of Mixin (JAVA_17 supports class version 61)
[22May2025 19:33:31.210] [Render thread/DEBUG] [mixin/]: sodium-common.mixins.json:features.render.frapi.ModelBlockRendererMixin from mod sodium->@Inject::onRender(Lnet/minecraft/world/level/BlockAndTintGetter;Lnet/minecraft/client/resources/model/BakedModel;Lnet/minecraft/world/level/block/state/BlockState;Lnet/minecraft/core/BlockPos;Lcom/mojang/blaze3d/vertex/PoseStack;Lcom/mojang/blaze3d/vertex/VertexConsumer;ZLnet/minecraft/util/RandomSource;JILorg/spongepowered/asm/mixin/injection/callback/CallbackInfo;)V does use it's CallbackInfo
[22May2025 19:33:31.210] [Render thread/DEBUG] [mixin/]: sodium-common.mixins.json:features.textures.animations.tracking.ModelBlockRendererMixin from mod sodium->@Inject::preRenderQuad(Lnet/minecraft/world/level/BlockAndTintGetter;Lnet/minecraft/world/level/block/state/BlockState;Lnet/minecraft/core/BlockPos;Lcom/mojang/blaze3d/vertex/VertexConsumer;Lcom/mojang/blaze3d/vertex/PoseStack$Pose;Lnet/minecraft/client/renderer/block/model/BakedQuad;FFFFIIIIILorg/spongepowered/asm/mixin/injection/callback/CallbackInfo;)V doesn't use it's CallbackInfo
[22May2025 19:33:31.210] [Render thread/DEBUG] [mixin/]: sodium-common.mixins.json:features.textures.animations.tracking.ModelBlockRendererMixin from mod sodium->@Inject::preRenderQuad(Lnet/minecraft/world/level/BlockAndTintGetter;Lnet/minecraft/world/level/block/state/BlockState;Lnet/minecraft/core/BlockPos;Lcom/mojang/blaze3d/vertex/VertexConsumer;Lcom/mojang/blaze3d/vertex/PoseStack$Pose;Lnet/minecraft/client/renderer/block/model/BakedQuad;FFFFIIIIILorg/spongepowered/asm/mixin/injection/callback/CallbackInfo;)V has 0 override(s) in child classes
[22May2025 19:33:31.210] [Render thread/DEBUG] [mixin/]: sodium-common.mixins.json:features.textures.animations.tracking.ModelBlockRendererMixin from mod sodium->@Inject::preRenderQuad(Lnet/minecraft/world/level/BlockAndTintGetter;Lnet/minecraft/world/level/block/state/BlockState;Lnet/minecraft/core/BlockPos;Lcom/mojang/blaze3d/vertex/VertexConsumer;Lcom/mojang/blaze3d/vertex/PoseStack$Pose;Lnet/minecraft/client/renderer/block/model/BakedQuad;FFFFIIIIILorg/spongepowered/asm/mixin/injection/callback/CallbackInfo;)V won't be passed a CallbackInfo as a result
[22May2025 19:33:31.210] [Render thread/DEBUG] [mixin/]: sodium-neoforge.mixins.json:features.render.model.block.ModelBlockRendererMixin from mod sodium->@Inject::renderFast(Lcom/mojang/blaze3d/vertex/PoseStack$Pose;Lcom/mojang/blaze3d/vertex/VertexConsumer;Lnet/minecraft/world/level/block/state/BlockState;Lnet/minecraft/client/resources/model/BakedModel;FFFIILnet/neoforged/neoforge/client/model/data/ModelData;Lnet/minecraft/client/renderer/RenderType;Lorg/spongepowered/asm/mixin/injection/callback/CallbackInfo;)V does use it's CallbackInfo
[22May2025 19:33:31.218] [Render thread/DEBUG] [mixin/]: Mixing MixinAbstractBlockRenderContext from mixins.iris.compat.sodium.json into net.caffeinemc.mods.sodium.client.render.frapi.render.AbstractBlockRenderContext
[22May2025 19:33:31.218] [Render thread/DEBUG] [mixin/]: mixins.iris.compat.sodium.json:MixinAbstractBlockRenderContext from mod iris: Class version 65 required is higher than the class version supported by the current version of Mixin (JAVA_8 supports class version 52)
[22May2025 19:33:31.219] [Render thread/DEBUG] [mixin/]: Mixing platform.neoforge.AbstractBlockRenderContextMixin from sodium-neoforge.mixins.json into net.caffeinemc.mods.sodium.client.render.frapi.render.AbstractBlockRenderContext
[22May2025 19:33:31.219] [Render thread/DEBUG] [mixin/]: sodium-neoforge.mixins.json:platform.neoforge.AbstractBlockRenderContextMixin from mod sodium: Class version 65 required is higher than the class version supported by the current version of Mixin (JAVA_17 supports class version 61)
[22May2025 19:33:31.220] [Render thread/DEBUG] [mixin/]: mixins.iris.compat.sodium.json:MixinAbstractBlockRenderContext from mod iris->@Inject::checkDirectionNeo(Lnet/minecraft/client/resources/model/BakedModel;Lnet/minecraft/world/level/block/state/BlockState;Lorg/spongepowered/asm/mixin/injection/callback/CallbackInfo;)V doesn't use it's CallbackInfo
[22May2025 19:33:31.220] [Render thread/DEBUG] [mixin/]: mixins.iris.compat.sodium.json:MixinAbstractBlockRenderContext from mod iris->@Inject::checkDirectionNeo(Lnet/minecraft/client/resources/model/BakedModel;Lnet/minecraft/world/level/block/state/BlockState;Lorg/spongepowered/asm/mixin/injection/callback/CallbackInfo;)V has 0 override(s) in child classes
[22May2025 19:33:31.220] [Render thread/DEBUG] [mixin/]: mixins.iris.compat.sodium.json:MixinAbstractBlockRenderContext from mod iris->@Inject::checkDirectionNeo(Lnet/minecraft/client/resources/model/BakedModel;Lnet/minecraft/world/level/block/state/BlockState;Lorg/spongepowered/asm/mixin/injection/callback/CallbackInfo;)V won't be passed a CallbackInfo as a result
[22May2025 19:33:31.220] [Render thread/DEBUG] [mixin/]: mixins.iris.compat.sodium.json:MixinAbstractBlockRenderContext from mod iris->@Inject::checkDirectionNeo(Lnet/minecraft/client/resources/model/BakedModel;Lnet/minecraft/world/level/block/state/BlockState;Lorg/spongepowered/asm/mixin/injection/callback/CallbackInfo;)V doesn't use it's CallbackInfo
[22May2025 19:33:31.220] [Render thread/DEBUG] [mixin/]: mixins.iris.compat.sodium.json:MixinAbstractBlockRenderContext from mod iris->@Inject::checkDirectionNeo(Lnet/minecraft/client/resources/model/BakedModel;Lnet/minecraft/world/level/block/state/BlockState;Lorg/spongepowered/asm/mixin/injection/callback/CallbackInfo;)V has 0 override(s) in child classes
[22May2025 19:33:31.220] [Render thread/DEBUG] [mixin/]: mixins.iris.compat.sodium.json:MixinAbstractBlockRenderContext from mod iris->@Inject::checkDirectionNeo(Lnet/minecraft/client/resources/model/BakedModel;Lnet/minecraft/world/level/block/state/BlockState;Lorg/spongepowered/asm/mixin/injection/callback/CallbackInfo;)V won't be passed a CallbackInfo as a result
[22May2025 19:33:31.220] [Render thread/DEBUG] [mixin/]: mixins.iris.compat.sodium.json:MixinAbstractBlockRenderContext from mod iris->@Inject::checkDirectionNeo(Lnet/minecraft/client/resources/model/BakedModel;Lnet/minecraft/world/level/block/state/BlockState;Lorg/spongepowered/asm/mixin/injection/callback/CallbackInfo;)V doesn't use it's CallbackInfo
[22May2025 19:33:31.220] [Render thread/DEBUG] [mixin/]: mixins.iris.compat.sodium.json:MixinAbstractBlockRenderContext from mod iris->@Inject::checkDirectionNeo(Lnet/minecraft/client/resources/model/BakedModel;Lnet/minecraft/world/level/block/state/BlockState;Lorg/spongepowered/asm/mixin/injection/callback/CallbackInfo;)V has 0 override(s) in child classes
[22May2025 19:33:31.220] [Render thread/DEBUG] [mixin/]: mixins.iris.compat.sodium.json:MixinAbstractBlockRenderContext from mod iris->@Inject::checkDirectionNeo(Lnet/minecraft/client/resources/model/BakedModel;Lnet/minecraft/world/level/block/state/BlockState;Lorg/spongepowered/asm/mixin/injection/callback/CallbackInfo;)V won't be passed a CallbackInfo as a result
[22May2025 19:33:31.225] [Render thread/DEBUG] [mixin/]: Mixing firstPerson.ItemInHandRendererMixin from playerAnimator-common.mixins.json into net.minecraft.client.renderer.ItemInHandRenderer
[22May2025 19:33:31.225] [Render thread/DEBUG] [mixin/]: Mixing MixinItemInHandRenderer from mixins.iris.json into net.minecraft.client.renderer.ItemInHandRenderer
[22May2025 19:33:31.225] [Render thread/DEBUG] [mixin/]: mixins.iris.json:MixinItemInHandRenderer from mod iris: Class version 65 required is higher than the class version supported by the current version of Mixin (JAVA_8 supports class version 52)
[22May2025 19:33:31.226] [Render thread/DEBUG] [mixin/]: playerAnimator-common.mixins.json:firstPerson.ItemInHandRendererMixin from mod playeranimator->@Inject::disableDefaultItemIfNeeded(FLcom/mojang/blaze3d/vertex/PoseStack;Lnet/minecraft/client/renderer/MultiBufferSource$BufferSource;Lnet/minecraft/client/player/LocalPlayer;ILorg/spongepowered/asm/mixin/injection/callback/CallbackInfo;)V does use it's CallbackInfo
[22May2025 19:33:31.226] [Render thread/DEBUG] [mixin/]: playerAnimator-common.mixins.json:firstPerson.ItemInHandRendererMixin from mod playeranimator->@Inject::cancelItemRender(Lnet/minecraft/world/entity/LivingEntity;Lnet/minecraft/world/item/ItemStack;Lnet/minecraft/world/item/ItemDisplayContext;ZLcom/mojang/blaze3d/vertex/PoseStack;Lnet/minecraft/client/renderer/MultiBufferSource;ILorg/spongepowered/asm/mixin/injection/callback/CallbackInfo;)V does use it's CallbackInfo
[22May2025 19:33:31.226] [Render thread/DEBUG] [mixin/]: mixins.iris.json:MixinItemInHandRenderer from mod iris->@Inject::iris$skipTranslucentHands(Lnet/minecraft/client/player/AbstractClientPlayer;FFLnet/minecraft/world/InteractionHand;FLnet/minecraft/world/item/ItemStack;FLcom/mojang/blaze3d/vertex/PoseStack;Lnet/minecraft/client/renderer/MultiBufferSource;ILorg/spongepowered/asm/mixin/injection/callback/CallbackInfo;)V does use it's CallbackInfo
[22May2025 19:33:31.229] [Render thread/DEBUG] [mixin/]: Mixing particle.MixinParticleEngine from sodium-extra.mixins.json into net.minecraft.client.particle.ParticleEngine
[22May2025 19:33:31.229] [Render thread/DEBUG] [mixin/]: sodium-extra.mixins.json:particle.MixinParticleEngine from mod sodium_extra: Class version 65 required is higher than the class version supported by the current version of Mixin (JAVA_17 supports class version 61)
[22May2025 19:33:31.230] [Render thread/DEBUG] [mixin/]: Mixing MixinParticleEngine from mixins.iris.json into net.minecraft.client.particle.ParticleEngine
[22May2025 19:33:31.230] [Render thread/DEBUG] [mixin/]: mixins.iris.json:MixinParticleEngine from mod iris: Class version 65 required is higher than the class version supported by the current version of Mixin (JAVA_8 supports class version 52)
[22May2025 19:33:31.230] [Render thread/DEBUG] [mixin/]: Renaming synthetic method lambda$iris$finishDrawingParticles$1(Lnet/irisshaders/iris/pipeline/WorldRenderingPipeline;)V to md60ac39$iris$lambda$iris$finishDrawingParticles$1$0 in mixins.iris.json:MixinParticleEngine from mod iris
[22May2025 19:33:31.230] [Render thread/DEBUG] [mixin/]: Renaming synthetic method lambda$iris$beginDrawingParticles$0(Lnet/irisshaders/iris/pipeline/WorldRenderingPipeline;)V to md60ac39$iris$lambda$iris$beginDrawingParticles$0$1 in mixins.iris.json:MixinParticleEngine from mod iris
[22May2025 19:33:31.231] [Render thread/DEBUG] [mixin/]: sodium-extra.mixins.json:particle.MixinParticleEngine from mod sodium_extra->@Inject::addBlockBreakParticles(Lnet/minecraft/core/BlockPos;Lnet/minecraft/world/level/block/state/BlockState;Lorg/spongepowered/asm/mixin/injection/callback/CallbackInfo;)V does use it's CallbackInfo
[22May2025 19:33:31.231] [Render thread/DEBUG] [mixin/]: sodium-extra.mixins.json:particle.MixinParticleEngine from mod sodium_extra->@Inject::addBlockBreakingParticles(Lnet/minecraft/core/BlockPos;Lnet/minecraft/core/Direction;Lorg/spongepowered/asm/mixin/injection/callback/CallbackInfo;)V does use it's CallbackInfo
[22May2025 19:33:31.231] [Render thread/DEBUG] [mixin/]: sodium-extra.mixins.json:particle.MixinParticleEngine from mod sodium_extra->@Inject::addParticle(Lnet/minecraft/core/particles/ParticleOptions;DDDDDDLorg/spongepowered/asm/mixin/injection/callback/CallbackInfoReturnable;)V does use it's CallbackInfoReturnable
[22May2025 19:33:31.231] [Render thread/DEBUG] [mixin/]: mixins.iris.json:MixinParticleEngine from mod iris->@Inject::iris$beginDrawingParticles(Lnet/minecraft/client/renderer/LightTexture;Lnet/minecraft/client/Camera;FLorg/spongepowered/asm/mixin/injection/callback/CallbackInfo;)V doesn't use it's CallbackInfo
[22May2025 19:33:31.231] [Render thread/DEBUG] [mixin/]: mixins.iris.json:MixinParticleEngine from mod iris->@Inject::iris$beginDrawingParticles(Lnet/minecraft/client/renderer/LightTexture;Lnet/minecraft/client/Camera;FLorg/spongepowered/asm/mixin/injection/callback/CallbackInfo;)V has 0 override(s) in child classes
[22May2025 19:33:31.231] [Render thread/DEBUG] [mixin/]: mixins.iris.json:MixinParticleEngine from mod iris->@Inject::iris$beginDrawingParticles(Lnet/minecraft/client/renderer/LightTexture;Lnet/minecraft/client/Camera;FLorg/spongepowered/asm/mixin/injection/callback/CallbackInfo;)V won't be passed a CallbackInfo as a result
[22May2025 19:33:31.231] [Render thread/DEBUG] [mixin/]: mixins.iris.json:MixinParticleEngine from mod iris->@Inject::iris$finishDrawingParticles(Lnet/minecraft/client/renderer/LightTexture;Lnet/minecraft/client/Camera;FLorg/spongepowered/asm/mixin/injection/callback/CallbackInfo;)V doesn't use it's CallbackInfo
[22May2025 19:33:31.231] [Render thread/DEBUG] [mixin/]: mixins.iris.json:MixinParticleEngine from mod iris->@Inject::iris$finishDrawingParticles(Lnet/minecraft/client/renderer/LightTexture;Lnet/minecraft/client/Camera;FLorg/spongepowered/asm/mixin/injection/callback/CallbackInfo;)V has 0 override(s) in child classes
[22May2025 19:33:31.232] [Render thread/DEBUG] [mixin/]: mixins.iris.json:MixinParticleEngine from mod iris->@Inject::iris$finishDrawingParticles(Lnet/minecraft/client/renderer/LightTexture;Lnet/minecraft/client/Camera;FLorg/spongepowered/asm/mixin/injection/callback/CallbackInfo;)V won't be passed a CallbackInfo as a result
[22May2025 19:33:31.234] [Render thread/DEBUG] [mixin/]: Mixing MixinTerrainParticle from mixins.iris.fantastic.json into net.minecraft.client.particle.TerrainParticle
[22May2025 19:33:31.234] [Render thread/DEBUG] [mixin/]: mixins.iris.fantastic.json:MixinTerrainParticle from mod iris: Class version 65 required is higher than the class version supported by the current version of Mixin (JAVA_8 supports class version 52)
[22May2025 19:33:31.236] [Render thread/DEBUG] [mixin/]: mixins.iris.fantastic.json:MixinTerrainParticle from mod iris->@Inject::iris$resolveTranslucency(Lnet/minecraft/client/multiplayer/ClientLevel;DDDDDDLnet/minecraft/world/level/block/state/BlockState;Lnet/minecraft/core/BlockPos;Lorg/spongepowered/asm/mixin/injection/callback/CallbackInfo;)V doesn't use it's CallbackInfo
[22May2025 19:33:31.236] [Render thread/DEBUG] [mixin/]: mixins.iris.fantastic.json:MixinTerrainParticle from mod iris->@Inject::iris$resolveTranslucency(Lnet/minecraft/client/multiplayer/ClientLevel;DDDDDDLnet/minecraft/world/level/block/state/BlockState;Lnet/minecraft/core/BlockPos;Lorg/spongepowered/asm/mixin/injection/callback/CallbackInfo;)V has 0 override(s) in child classes
[22May2025 19:33:31.236] [Render thread/DEBUG] [mixin/]: mixins.iris.fantastic.json:MixinTerrainParticle from mod iris->@Inject::iris$resolveTranslucency(Lnet/minecraft/client/multiplayer/ClientLevel;DDDDDDLnet/minecraft/world/level/block/state/BlockState;Lnet/minecraft/core/BlockPos;Lorg/spongepowered/asm/mixin/injection/callback/CallbackInfo;)V won't be passed a CallbackInfo as a result
[22May2025 19:33:31.236] [Render thread/DEBUG] [mixin/]: mixins.iris.fantastic.json:MixinTerrainParticle from mod iris->@Inject::iris$overrideParticleSheet(Lorg/spongepowered/asm/mixin/injection/callback/CallbackInfoReturnable;)V does use it's CallbackInfoReturnable
[22May2025 19:33:31.237] [Render thread/DEBUG] [mixin/]: Mixing features.textures.animations.tracking.TextureSheetParticleMixin from sodium-common.mixins.json into net.minecraft.client.particle.TextureSheetParticle
[22May2025 19:33:31.237] [Render thread/DEBUG] [mixin/]: sodium-common.mixins.json:features.textures.animations.tracking.TextureSheetParticleMixin from mod sodium: Class version 65 required is higher than the class version supported by the current version of Mixin (JAVA_17 supports class version 61)
[22May2025 19:33:31.238] [Render thread/DEBUG] [mixin/]: sodium-common.mixins.json:features.textures.animations.tracking.TextureSheetParticleMixin from mod sodium->@Inject::afterSetSprite(Lnet/minecraft/client/renderer/texture/TextureAtlasSprite;Lorg/spongepowered/asm/mixin/injection/callback/CallbackInfo;)V doesn't use it's CallbackInfo
[22May2025 19:33:31.238] [Render thread/DEBUG] [mixin/]: sodium-common.mixins.json:features.textures.animations.tracking.TextureSheetParticleMixin from mod sodium->@Inject::afterSetSprite(Lnet/minecraft/client/renderer/texture/TextureAtlasSprite;Lorg/spongepowered/asm/mixin/injection/callback/CallbackInfo;)V has 0 override(s) in child classes
[22May2025 19:33:31.238] [Render thread/DEBUG] [mixin/]: sodium-common.mixins.json:features.textures.animations.tracking.TextureSheetParticleMixin from mod sodium->@Inject::afterSetSprite(Lnet/minecraft/client/renderer/texture/TextureAtlasSprite;Lorg/spongepowered/asm/mixin/injection/callback/CallbackInfo;)V won't be passed a CallbackInfo as a result
[22May2025 19:33:31.239] [Render thread/DEBUG] [mixin/]: Mixing features.render.particle.SingleQuadParticleMixin from sodium-common.mixins.json into net.minecraft.client.particle.SingleQuadParticle
[22May2025 19:33:31.239] [Render thread/DEBUG] [mixin/]: sodium-common.mixins.json:features.render.particle.SingleQuadParticleMixin from mod sodium: Class version 65 required is higher than the class version supported by the current version of Mixin (JAVA_17 supports class version 61)
[22May2025 19:33:31.241] [Render thread/DEBUG] [mixin/]: sodium-common.mixins.json:features.render.particle.SingleQuadParticleMixin from mod sodium->@Inject::renderRotatedQuad(Lcom/mojang/blaze3d/vertex/VertexConsumer;Lorg/joml/Quaternionf;FFFFLorg/spongepowered/asm/mixin/injection/callback/CallbackInfo;)V does use it's CallbackInfo
[22May2025 19:33:31.246] [Render thread/DEBUG] [mixin/]: Mixing MixinStationaryItemParticle from mixins.iris.fantastic.json into net.minecraft.client.particle.BlockMarker
[22May2025 19:33:31.246] [Render thread/DEBUG] [mixin/]: mixins.iris.fantastic.json:MixinStationaryItemParticle from mod iris: Class version 65 required is higher than the class version supported by the current version of Mixin (JAVA_8 supports class version 52)
[22May2025 19:33:31.247] [Render thread/DEBUG] [mixin/]: mixins.iris.fantastic.json:MixinStationaryItemParticle from mod iris->@Inject::iris$resolveTranslucency(Lnet/minecraft/client/multiplayer/ClientLevel;DDDLnet/minecraft/world/level/block/state/BlockState;Lorg/spongepowered/asm/mixin/injection/callback/CallbackInfo;)V doesn't use it's CallbackInfo
[22May2025 19:33:31.247] [Render thread/DEBUG] [mixin/]: mixins.iris.fantastic.json:MixinStationaryItemParticle from mod iris->@Inject::iris$resolveTranslucency(Lnet/minecraft/client/multiplayer/ClientLevel;DDDLnet/minecraft/world/level/block/state/BlockState;Lorg/spongepowered/asm/mixin/injection/callback/CallbackInfo;)V has 0 override(s) in child classes
[22May2025 19:33:31.247] [Render thread/DEBUG] [mixin/]: mixins.iris.fantastic.json:MixinStationaryItemParticle from mod iris->@Inject::iris$resolveTranslucency(Lnet/minecraft/client/multiplayer/ClientLevel;DDDLnet/minecraft/world/level/block/state/BlockState;Lorg/spongepowered/asm/mixin/injection/callback/CallbackInfo;)V won't be passed a CallbackInfo as a result
[22May2025 19:33:31.247] [Render thread/DEBUG] [mixin/]: mixins.iris.fantastic.json:MixinStationaryItemParticle from mod iris->@Inject::iris$overrideParticleRenderType(Lorg/spongepowered/asm/mixin/injection/callback/CallbackInfoReturnable;)V does use it's CallbackInfoReturnable
[22May2025 19:33:31.264] [Render thread/DEBUG] [mixin/]: Mixing MixinFireworkSparkParticle from mixins.iris.fantastic.json into net.minecraft.client.particle.FireworkParticles$SparkParticle
[22May2025 19:33:31.264] [Render thread/DEBUG] [mixin/]: mixins.iris.fantastic.json:MixinFireworkSparkParticle from mod iris: Class version 65 required is higher than the class version supported by the current version of Mixin (JAVA_8 supports class version 52)
[22May2025 19:33:31.304] [Render thread/DEBUG] [mixin/]: Mixing LightTextureAccessor from mixins.iris.json into net.minecraft.client.renderer.LightTexture
[22May2025 19:33:31.305] [Render thread/DEBUG] [mixin/]: mixins.iris.json:LightTextureAccessor from mod iris: Class version 65 required is higher than the class version supported by the current version of Mixin (JAVA_8 supports class version 52)
[22May2025 19:33:31.305] [Render thread/DEBUG] [mixin/]: Mixing MixinLightTexture from mixins.iris.json into net.minecraft.client.renderer.LightTexture
[22May2025 19:33:31.305] [Render thread/DEBUG] [mixin/]: mixins.iris.json:MixinLightTexture from mod iris: Class version 65 required is higher than the class version supported by the current version of Mixin (JAVA_8 supports class version 52)
[22May2025 19:33:31.305] [Render thread/DEBUG] [mixin/]: Mixing LightTextureMixin from mixins.justdirethings.json into net.minecraft.client.renderer.LightTexture
[22May2025 19:33:31.305] [Render thread/DEBUG] [mixin/]: mixins.justdirethings.json:LightTextureMixin from mod justdirethings: Class version 65 required is higher than the class version supported by the current version of Mixin (JAVA_17 supports class version 61)
[22May2025 19:33:31.307] [Render thread/DEBUG] [mixin/]: mixins.iris.json:MixinLightTexture from mod iris->@Inject::resetDarknessValue(FLorg/spongepowered/asm/mixin/injection/callback/CallbackInfo;)V doesn't use it's CallbackInfo
[22May2025 19:33:31.307] [Render thread/DEBUG] [mixin/]: mixins.iris.json:MixinLightTexture from mod iris->@Inject::resetDarknessValue(FLorg/spongepowered/asm/mixin/injection/callback/CallbackInfo;)V has 0 override(s) in child classes
[22May2025 19:33:31.307] [Render thread/DEBUG] [mixin/]: mixins.iris.json:MixinLightTexture from mod iris->@Inject::resetDarknessValue(FLorg/spongepowered/asm/mixin/injection/callback/CallbackInfo;)V won't be passed a CallbackInfo as a result
[22May2025 19:33:31.307] [Render thread/DEBUG] [mixin/]: mixins.iris.json:MixinLightTexture from mod iris->@Inject::storeDarknessValue(Lnet/minecraft/world/entity/LivingEntity;FFLorg/spongepowered/asm/mixin/injection/callback/CallbackInfoReturnable;)V does use it's CallbackInfoReturnable
[22May2025 19:33:31.309] [Render thread/INFO] [Iris/]: Hardware information:
[22May2025 19:33:31.309] [Render thread/INFO] [Iris/]: CPU: 16x AMD Ryzen 7 5800X 8-Core Processor 
[22May2025 19:33:31.309] [Render thread/INFO] [Iris/]: GPU: AMD Radeon RX 6600 XT (Supports OpenGL 4.6.0 Core Profile Context 25.5.1.250417)
[22May2025 19:33:31.309] [Render thread/INFO] [Iris/]: OS: Windows 11 (10.0)
[22May2025 19:33:31.315] [Render thread/DEBUG] [mixin/]: Mixing block_rendering.MixinBufferBuilder_SeparateAo from mixins.iris.vertexformat.json into com.mojang.blaze3d.vertex.BufferBuilder
[22May2025 19:33:31.316] [Render thread/DEBUG] [mixin/]: mixins.iris.vertexformat.json:block_rendering.MixinBufferBuilder_SeparateAo from mod iris: Class version 65 required is higher than the class version supported by the current version of Mixin (JAVA_8 supports class version 52)
[22May2025 19:33:31.317] [Render thread/DEBUG] [mixin/]: Mixing MixinBufferBuilder from mixins.iris.vertexformat.json into com.mojang.blaze3d.vertex.BufferBuilder
[22May2025 19:33:31.317] [Render thread/DEBUG] [mixin/]: mixins.iris.vertexformat.json:MixinBufferBuilder from mod iris: Class version 65 required is higher than the class version supported by the current version of Mixin (JAVA_8 supports class version 52)
[22May2025 19:33:31.322] [Render thread/DEBUG] [mixin/]: Mixing core.render.immediate.consumer.BufferBuilderMixin from sodium-common.mixins.json into com.mojang.blaze3d.vertex.BufferBuilder
[22May2025 19:33:31.322] [Render thread/DEBUG] [mixin/]: sodium-common.mixins.json:core.render.immediate.consumer.BufferBuilderMixin from mod sodium: Class version 65 required is higher than the class version supported by the current version of Mixin (JAVA_17 supports class version 61)
[22May2025 19:33:31.322] [Render thread/DEBUG] [mixin/]: Mixing features.render.immediate.buffer_builder.intrinsics.BufferBuilderMixin from sodium-common.mixins.json into com.mojang.blaze3d.vertex.BufferBuilder
[22May2025 19:33:31.323] [Render thread/DEBUG] [mixin/]: sodium-common.mixins.json:features.render.immediate.buffer_builder.intrinsics.BufferBuilderMixin from mod sodium: Class version 65 required is higher than the class version supported by the current version of Mixin (JAVA_17 supports class version 61)
[22May2025 19:33:31.323] [Render thread/DEBUG] [mixin/]: Mixing MixinBufferBuilder_SegmentRendering from iris-batched-entity-rendering.mixins.json into com.mojang.blaze3d.vertex.BufferBuilder
[22May2025 19:33:31.323] [Render thread/DEBUG] [mixin/]: iris-batched-entity-rendering.mixins.json:MixinBufferBuilder_SegmentRendering from mod iris: Class version 65 required is higher than the class version supported by the current version of Mixin (JAVA_8 supports class version 52)
[22May2025 19:33:31.328] [Render thread/DEBUG] [mixin/]: mixins.iris.vertexformat.json:MixinBufferBuilder from mod iris->@Inject::injectMidBlock(FFFLorg/spongepowered/asm/mixin/injection/callback/CallbackInfoReturnable;)V doesn't use it's CallbackInfoReturnable
[22May2025 19:33:31.328] [Render thread/DEBUG] [mixin/]: mixins.iris.vertexformat.json:MixinBufferBuilder from mod iris->@Inject::injectMidBlock(FFFLorg/spongepowered/asm/mixin/injection/callback/CallbackInfoReturnable;)V has 0 override(s) in child classes
[22May2025 19:33:31.329] [Render thread/DEBUG] [mixin/]: mixins.iris.vertexformat.json:MixinBufferBuilder from mod iris->@Inject::injectMidBlock(FFFLorg/spongepowered/asm/mixin/injection/callback/CallbackInfoReturnable;)V won't be passed a CallbackInfoReturnable as a result
[22May2025 19:33:31.329] [Render thread/DEBUG] [mixin/]: mixins.iris.vertexformat.json:MixinBufferBuilder from mod iris->@Inject::iris$skipSodiumChange(Lorg/spongepowered/asm/mixin/injection/callback/CallbackInfo;)V doesn't use it's CallbackInfo
[22May2025 19:33:31.329] [Render thread/DEBUG] [mixin/]: mixins.iris.vertexformat.json:MixinBufferBuilder from mod iris->@Inject::iris$skipSodiumChange(Lorg/spongepowered/asm/mixin/injection/callback/CallbackInfo;)V has 0 override(s) in child classes
[22May2025 19:33:31.329] [Render thread/DEBUG] [mixin/]: mixins.iris.vertexformat.json:MixinBufferBuilder from mod iris->@Inject::iris$skipSodiumChange(Lorg/spongepowered/asm/mixin/injection/callback/CallbackInfo;)V won't be passed a CallbackInfo as a result
[22May2025 19:33:31.329] [Render thread/DEBUG] [mixin/]: mixins.iris.vertexformat.json:MixinBufferBuilder from mod iris->@Inject::iris$beforeNext(Lorg/spongepowered/asm/mixin/injection/callback/CallbackInfo;)V doesn't use it's CallbackInfo
[22May2025 19:33:31.329] [Render thread/DEBUG] [mixin/]: mixins.iris.vertexformat.json:MixinBufferBuilder from mod iris->@Inject::iris$beforeNext(Lorg/spongepowered/asm/mixin/injection/callback/CallbackInfo;)V has 0 override(s) in child classes
[22May2025 19:33:31.329] [Render thread/DEBUG] [mixin/]: mixins.iris.vertexformat.json:MixinBufferBuilder from mod iris->@Inject::iris$beforeNext(Lorg/spongepowered/asm/mixin/injection/callback/CallbackInfo;)V won't be passed a CallbackInfo as a result
[22May2025 19:33:31.329] [Render thread/DEBUG] [mixin/]: iris-batched-entity-rendering.mixins.json:MixinBufferBuilder_SegmentRendering from mod iris->@Inject::batchedentityrendering$onNext(Lorg/spongepowered/asm/mixin/injection/callback/CallbackInfo;)V doesn't use it's CallbackInfo
[22May2025 19:33:31.329] [Render thread/DEBUG] [mixin/]: iris-batched-entity-rendering.mixins.json:MixinBufferBuilder_SegmentRendering from mod iris->@Inject::batchedentityrendering$onNext(Lorg/spongepowered/asm/mixin/injection/callback/CallbackInfo;)V has 0 override(s) in child classes
[22May2025 19:33:31.329] [Render thread/DEBUG] [mixin/]: iris-batched-entity-rendering.mixins.json:MixinBufferBuilder_SegmentRendering from mod iris->@Inject::batchedentityrendering$onNext(Lorg/spongepowered/asm/mixin/injection/callback/CallbackInfo;)V won't be passed a CallbackInfo as a result
[22May2025 19:33:31.343] [Render thread/DEBUG] [mixin/]: Mixing features.render.immediate.buffer_builder.sorting.MeshDataMixin from sodium-common.mixins.json into com.mojang.blaze3d.vertex.MeshData
[22May2025 19:33:31.343] [Render thread/DEBUG] [mixin/]: sodium-common.mixins.json:features.render.immediate.buffer_builder.sorting.MeshDataMixin from mod sodium: Class version 65 required is higher than the class version supported by the current version of Mixin (JAVA_17 supports class version 61)
[22May2025 19:33:31.352] [Render thread/DEBUG] [mixin/]: Mixing MixinSodiumWorldRenderer from mixins.iris.compat.sodium.json into net.caffeinemc.mods.sodium.client.render.SodiumWorldRenderer
[22May2025 19:33:31.352] [Render thread/DEBUG] [mixin/]: mixins.iris.compat.sodium.json:MixinSodiumWorldRenderer from mod iris: Class version 65 required is higher than the class version supported by the current version of Mixin (JAVA_8 supports class version 52)
[22May2025 19:33:31.352] [Render thread/DEBUG] [mixin/]: Renaming synthetic method lambda$static$0(Lnet/irisshaders/iris/shadows/ShadowRenderer;Lnet/minecraft/client/renderer/RenderBuffers;Lcom/mojang/blaze3d/vertex/PoseStack;Lnet/minecraft/client/Camera;DDDFZZ)I to md60ac39$iris$lambda$static$0$0 in mixins.iris.compat.sodium.json:MixinSodiumWorldRenderer from mod iris
[22May2025 19:33:31.354] [Render thread/DEBUG] [mixin/]: mixins.iris.compat.sodium.json:MixinSodiumWorldRenderer from mod iris->@Inject::checkRenderShadow(Lcom/mojang/blaze3d/vertex/PoseStack;Lnet/minecraft/client/renderer/RenderBuffers;Lit/unimi/dsi/fastutil/longs/Long2ObjectMap;FLnet/minecraft/client/renderer/MultiBufferSource$BufferSource;DDDLnet/minecraft/client/renderer/blockentity/BlockEntityRenderDispatcher;Lnet/minecraft/world/level/block/entity/BlockEntity;Lnet/minecraft/client/player/LocalPlayer;Lcom/llamalad7/mixinextras/sugar/ref/LocalBooleanRef;Lorg/spongepowered/asm/mixin/injection/callback/CallbackInfo;)V does use it's CallbackInfo
[22May2025 19:33:31.360] [Render thread/DEBUG] [mixin/]: Mixing MixinShadowRenderer from mixins.iris.forge.json into net.irisshaders.iris.shadows.ShadowRenderer
[22May2025 19:33:31.360] [Render thread/DEBUG] [mixin/]: mixins.iris.forge.json:MixinShadowRenderer from mod iris: Class version 65 required is higher than the class version supported by the current version of Mixin (JAVA_8 supports class version 52)
[22May2025 19:33:31.362] [Render thread/DEBUG] [mixin/]: mixins.iris.forge.json:MixinShadowRenderer from mod iris->@Inject::init(Lorg/spongepowered/asm/mixin/injection/callback/CallbackInfo;)V doesn't use it's CallbackInfo
[22May2025 19:33:31.363] [Render thread/DEBUG] [mixin/]: mixins.iris.forge.json:MixinShadowRenderer from mod iris->@Inject::render(Lnet/irisshaders/iris/mixin/LevelRendererAccessor;Lnet/minecraft/client/Camera;Lorg/spongepowered/asm/mixin/injection/callback/CallbackInfo;)V doesn't use it's CallbackInfo
[22May2025 19:33:31.363] [Render thread/DEBUG] [mixin/]: mixins.iris.forge.json:MixinShadowRenderer from mod iris->@Inject::render(Lnet/irisshaders/iris/mixin/LevelRendererAccessor;Lnet/minecraft/client/Camera;Lorg/spongepowered/asm/mixin/injection/callback/CallbackInfo;)V has 0 override(s) in child classes
[22May2025 19:33:31.363] [Render thread/DEBUG] [mixin/]: mixins.iris.forge.json:MixinShadowRenderer from mod iris->@Inject::render(Lnet/irisshaders/iris/mixin/LevelRendererAccessor;Lnet/minecraft/client/Camera;Lorg/spongepowered/asm/mixin/injection/callback/CallbackInfo;)V won't be passed a CallbackInfo as a result
[22May2025 19:33:31.373] [Render thread/DEBUG] [mixin/]: Mixing core.MixinGui from sodium-extra.mixins.json into net.minecraft.client.gui.Gui
[22May2025 19:33:31.373] [Render thread/DEBUG] [mixin/]: sodium-extra.mixins.json:core.MixinGui from mod sodium_extra: Class version 65 required is higher than the class version supported by the current version of Mixin (JAVA_17 supports class version 61)
[22May2025 19:33:31.373] [Render thread/DEBUG] [mixin/]: Mixing client.compat120plus.InGameHudMixin from pehkui.mixins.json into net.minecraft.client.gui.Gui
[22May2025 19:33:31.373] [Render thread/DEBUG] [mixin/]: pehkui.mixins.json:client.compat120plus.InGameHudMixin from mod pehkui: Class version 65 required is higher than the class version supported by the current version of Mixin (JAVA_17 supports class version 61)
[22May2025 19:33:31.373] [Render thread/DEBUG] [mixin/]: Mixing gui.MixinGui from mixins.iris.json into net.minecraft.client.gui.Gui
[22May2025 19:33:31.374] [Render thread/DEBUG] [mixin/]: mixins.iris.json:gui.MixinGui from mod iris: Class version 65 required is higher than the class version supported by the current version of Mixin (JAVA_8 supports class version 52)
[22May2025 19:33:31.374] [Render thread/DEBUG] [mixin/]: Mixing features.options.overlays.GuiMixin from sodium-common.mixins.json into net.minecraft.client.gui.Gui
[22May2025 19:33:31.374] [Render thread/DEBUG] [mixin/]: sodium-common.mixins.json:features.options.overlays.GuiMixin from mod sodium: Class version 65 required is higher than the class version supported by the current version of Mixin (JAVA_17 supports class version 61)
[22May2025 19:33:31.376] [Render thread/DEBUG] [mixin/]: sodium-extra.mixins.json:core.MixinGui from mod sodium_extra->@Inject::onRender(Lnet/minecraft/client/gui/GuiGraphics;Lnet/minecraft/client/DeltaTracker;Lorg/spongepowered/asm/mixin/injection/callback/CallbackInfo;)V doesn't use it's CallbackInfo
[22May2025 19:33:31.376] [Render thread/DEBUG] [mixin/]: sodium-extra.mixins.json:core.MixinGui from mod sodium_extra->@Inject::onRender(Lnet/minecraft/client/gui/GuiGraphics;Lnet/minecraft/client/DeltaTracker;Lorg/spongepowered/asm/mixin/injection/callback/CallbackInfo;)V has 0 override(s) in child classes
[22May2025 19:33:31.376] [Render thread/DEBUG] [mixin/]: sodium-extra.mixins.json:core.MixinGui from mod sodium_extra->@Inject::onRender(Lnet/minecraft/client/gui/GuiGraphics;Lnet/minecraft/client/DeltaTracker;Lorg/spongepowered/asm/mixin/injection/callback/CallbackInfo;)V won't be passed a CallbackInfo as a result
[22May2025 19:33:31.378] [Render thread/DEBUG] [mixin/]: mixins.iris.json:gui.MixinGui from mod iris->@Inject::iris$disableVignetteRendering(Lnet/minecraft/client/gui/GuiGraphics;Lnet/minecraft/world/entity/Entity;Lorg/spongepowered/asm/mixin/injection/callback/CallbackInfo;)V does use it's CallbackInfo
[22May2025 19:33:31.387] [Render thread/DEBUG] [mixin/]: Mixing DebugHudMixin from fabric-renderer-api-v1.debughud.mixins.json into net.minecraft.client.gui.components.DebugScreenOverlay
[22May2025 19:33:31.387] [Render thread/DEBUG] [mixin/]: fabric-renderer-api-v1.debughud.mixins.json:DebugHudMixin from mod fabric_renderer_api_v1: Class version 65 required is higher than the class version supported by the current version of Mixin (JAVA_17 supports class version 61)
[22May2025 19:33:31.387] [Render thread/DEBUG] [mixin/]: Mixing steady_debug_hud.MixinDebugScreenOverlay from sodium-extra.mixins.json into net.minecraft.client.gui.components.DebugScreenOverlay
[22May2025 19:33:31.387] [Render thread/DEBUG] [mixin/]: sodium-extra.mixins.json:steady_debug_hud.MixinDebugScreenOverlay from mod sodium_extra: Class version 65 required is higher than the class version supported by the current version of Mixin (JAVA_17 supports class version 61)
[22May2025 19:33:31.403] [Render thread/DEBUG] [mixin/]: Mixing MixinDebugScreenOverlay from mixins.iris.json into net.minecraft.client.gui.components.DebugScreenOverlay
[22May2025 19:33:31.404] [Render thread/DEBUG] [mixin/]: mixins.iris.json:MixinDebugScreenOverlay from mod iris: Class version 65 required is higher than the class version supported by the current version of Mixin (JAVA_8 supports class version 52)
[22May2025 19:33:31.404] [Render thread/DEBUG] [mixin/]: Renaming synthetic method lambda$iris$appendShadowDebugText$1(Ljava/util/List;Lnet/irisshaders/iris/pipeline/WorldRenderingPipeline;)V to md60ac39$iris$lambda$iris$appendShadowDebugText$1$0 in mixins.iris.json:MixinDebugScreenOverlay from mod iris
[22May2025 19:33:31.404] [Render thread/DEBUG] [mixin/]: Renaming synthetic method lambda$iris$appendShaderPackText$0(Ljava/util/List;Lnet/irisshaders/iris/shaderpack/ShaderPack;)V to md60ac39$iris$lambda$iris$appendShaderPackText$0$1 in mixins.iris.json:MixinDebugScreenOverlay from mod iris
[22May2025 19:33:31.408] [Render thread/DEBUG] [mixin/]: Mixing features.gui.hooks.debug.DebugScreenOverlayMixin from sodium-common.mixins.json into net.minecraft.client.gui.components.DebugScreenOverlay
[22May2025 19:33:31.408] [Render thread/DEBUG] [mixin/]: sodium-common.mixins.json:features.gui.hooks.debug.DebugScreenOverlayMixin from mod sodium: Class version 65 required is higher than the class version supported by the current version of Mixin (JAVA_17 supports class version 61)
[22May2025 19:33:31.409] [Render thread/DEBUG] [mixin/]: Mixing MixinDebugScreenOverlay from iris-batched-entity-rendering.mixins.json into net.minecraft.client.gui.components.DebugScreenOverlay
[22May2025 19:33:31.409] [Render thread/DEBUG] [mixin/]: iris-batched-entity-rendering.mixins.json:MixinDebugScreenOverlay from mod iris: Class version 65 required is higher than the class version supported by the current version of Mixin (JAVA_8 supports class version 52)
[22May2025 19:33:31.417] [Render thread/DEBUG] [mixin/]: fabric-renderer-api-v1.debughud.mixins.json:DebugHudMixin from mod fabric_renderer_api_v1->@Inject::getLeftText(Lorg/spongepowered/asm/mixin/injection/callback/CallbackInfoReturnable;)V does use it's CallbackInfoReturnable
[22May2025 19:33:31.417] [Render thread/DEBUG] [mixin/]: fabric-renderer-api-v1.debughud.mixins.json:DebugHudMixin from mod fabric_renderer_api_v1->@Inject::getLeftText(Lorg/spongepowered/asm/mixin/injection/callback/CallbackInfoReturnable;)V does use it's CallbackInfoReturnable
[22May2025 19:33:31.417] [Render thread/DEBUG] [mixin/]: sodium-extra.mixins.json:steady_debug_hud.MixinDebugScreenOverlay from mod sodium_extra->@Inject::preRender(Lnet/minecraft/client/gui/GuiGraphics;Lorg/spongepowered/asm/mixin/injection/callback/CallbackInfo;)V doesn't use it's CallbackInfo
[22May2025 19:33:31.417] [Render thread/DEBUG] [mixin/]: sodium-extra.mixins.json:steady_debug_hud.MixinDebugScreenOverlay from mod sodium_extra->@Inject::preRender(Lnet/minecraft/client/gui/GuiGraphics;Lorg/spongepowered/asm/mixin/injection/callback/CallbackInfo;)V has 0 override(s) in child classes
[22May2025 19:33:31.417] [Render thread/DEBUG] [mixin/]: sodium-extra.mixins.json:steady_debug_hud.MixinDebugScreenOverlay from mod sodium_extra->@Inject::preRender(Lnet/minecraft/client/gui/GuiGraphics;Lorg/spongepowered/asm/mixin/injection/callback/CallbackInfo;)V won't be passed a CallbackInfo as a result
[22May2025 19:33:31.417] [Render thread/DEBUG] [mixin/]: mixins.iris.json:MixinDebugScreenOverlay from mod iris->@Inject::iris$appendShaderPackText(Lorg/spongepowered/asm/mixin/injection/callback/CallbackInfoReturnable;)V does use it's CallbackInfoReturnable
[22May2025 19:33:31.417] [Render thread/DEBUG] [mixin/]: mixins.iris.json:MixinDebugScreenOverlay from mod iris->@Inject::iris$appendShaderPackText(Lorg/spongepowered/asm/mixin/injection/callback/CallbackInfoReturnable;)V does use it's CallbackInfoReturnable
[22May2025 19:33:31.417] [Render thread/DEBUG] [mixin/]: mixins.iris.json:MixinDebugScreenOverlay from mod iris->@Inject::iris$appendShadowDebugText(Lorg/spongepowered/asm/mixin/injection/callback/CallbackInfoReturnable;)V does use it's CallbackInfoReturnable
[22May2025 19:33:31.417] [Render thread/DEBUG] [mixin/]: mixins.iris.json:MixinDebugScreenOverlay from mod iris->@Inject::iris$appendShadowDebugText(Lorg/spongepowered/asm/mixin/injection/callback/CallbackInfoReturnable;)V does use it's CallbackInfoReturnable
[22May2025 19:33:31.417] [Render thread/DEBUG] [mixin/]: iris-batched-entity-rendering.mixins.json:MixinDebugScreenOverlay from mod iris->@Inject::batchedentityrendering$appendStats(Lorg/spongepowered/asm/mixin/injection/callback/CallbackInfoReturnable;)V does use it's CallbackInfoReturnable
[22May2025 19:33:31.417] [Render thread/DEBUG] [mixin/]: iris-batched-entity-rendering.mixins.json:MixinDebugScreenOverlay from mod iris->@Inject::batchedentityrendering$appendStats(Lorg/spongepowered/asm/mixin/injection/callback/CallbackInfoReturnable;)V does use it's CallbackInfoReturnable
[22May2025 19:33:31.444] [Render thread/DEBUG] [mixin/]: Mixing MixinChunkBorderRenderer from mixins.iris.json into net.minecraft.client.renderer.debug.ChunkBorderRenderer
[22May2025 19:33:31.444] [Render thread/DEBUG] [mixin/]: mixins.iris.json:MixinChunkBorderRenderer from mod iris: Class version 65 required is higher than the class version supported by the current version of Mixin (JAVA_8 supports class version 52)
[22May2025 19:33:31.457] [Render thread/DEBUG] [mixin/]: Generating mapped inner class net/minecraft/client/renderer/debug/ChunkBorderRenderer$Anonymous$208ddb6e49574c1d80ecb79ecd3a24fc (originally net/irisshaders/iris/mixin/MixinChunkBorderRenderer$1)
[22May2025 19:33:31.499] [Render thread/DEBUG] [mixin/]: Mixing BipedEntityModelMixin from playerAnimator-common.mixins.json into net.minecraft.client.model.HumanoidModel
[22May2025 19:33:31.499] [Render thread/DEBUG] [mixin/]: Renaming synthetic method lambda$renderToBuffer$3(Lcom/mojang/blaze3d/vertex/PoseStack;Lcom/mojang/blaze3d/vertex/VertexConsumer;IIILnet/minecraft/client/model/geom/ModelPart;)V to md60ac39$playeranimator$lambda$renderToBuffer$3$0 in playerAnimator-common.mixins.json:BipedEntityModelMixin from mod playeranimator
[22May2025 19:33:31.500] [Render thread/DEBUG] [mixin/]: Renaming synthetic method lambda$renderToBuffer$2(Lcom/mojang/blaze3d/vertex/PoseStack;Lcom/mojang/blaze3d/vertex/VertexConsumer;IIILnet/minecraft/client/model/geom/ModelPart;)V to md60ac39$playeranimator$lambda$renderToBuffer$2$1 in playerAnimator-common.mixins.json:BipedEntityModelMixin from mod playeranimator
[22May2025 19:33:31.500] [Render thread/DEBUG] [mixin/]: Renaming synthetic method lambda$renderToBuffer$1(Lcom/mojang/blaze3d/vertex/PoseStack;Lcom/mojang/blaze3d/vertex/VertexConsumer;IIILnet/minecraft/client/model/geom/ModelPart;)V to md60ac39$playeranimator$lambda$renderToBuffer$1$2 in playerAnimator-common.mixins.json:BipedEntityModelMixin from mod playeranimator
[22May2025 19:33:31.500] [Render thread/DEBUG] [mixin/]: Renaming synthetic method lambda$renderToBuffer$0(Lcom/mojang/blaze3d/vertex/PoseStack;Lcom/mojang/blaze3d/vertex/VertexConsumer;IIILnet/minecraft/client/model/geom/ModelPart;)V to md60ac39$playeranimator$lambda$renderToBuffer$0$3 in playerAnimator-common.mixins.json:BipedEntityModelMixin from mod playeranimator
[22May2025 19:33:31.504] [Render thread/DEBUG] [mixin/]: playerAnimator-common.mixins.json:BipedEntityModelMixin from mod playeranimator->@Inject::initBend(Lnet/minecraft/client/model/geom/ModelPart;Ljava/util/function/Function;Lorg/spongepowered/asm/mixin/injection/callback/CallbackInfo;)V doesn't use it's CallbackInfo
[22May2025 19:33:31.504] [Render thread/DEBUG] [mixin/]: playerAnimator-common.mixins.json:BipedEntityModelMixin from mod playeranimator->@Inject::initBend(Lnet/minecraft/client/model/geom/ModelPart;Ljava/util/function/Function;Lorg/spongepowered/asm/mixin/injection/callback/CallbackInfo;)V has 0 override(s) in child classes
[22May2025 19:33:31.504] [Render thread/DEBUG] [mixin/]: playerAnimator-common.mixins.json:BipedEntityModelMixin from mod playeranimator->@Inject::initBend(Lnet/minecraft/client/model/geom/ModelPart;Ljava/util/function/Function;Lorg/spongepowered/asm/mixin/injection/callback/CallbackInfo;)V won't be passed a CallbackInfo as a result
[22May2025 19:33:31.504] [Render thread/DEBUG] [mixin/]: playerAnimator-common.mixins.json:BipedEntityModelMixin from mod playeranimator->@Inject::copyMutatedAttributes(Lnet/minecraft/client/model/HumanoidModel;Lorg/spongepowered/asm/mixin/injection/callback/CallbackInfo;)V doesn't use it's CallbackInfo
[22May2025 19:33:31.504] [Render thread/DEBUG] [mixin/]: playerAnimator-common.mixins.json:BipedEntityModelMixin from mod playeranimator->@Inject::copyMutatedAttributes(Lnet/minecraft/client/model/HumanoidModel;Lorg/spongepowered/asm/mixin/injection/callback/CallbackInfo;)V has 0 override(s) in child classes
[22May2025 19:33:31.504] [Render thread/DEBUG] [mixin/]: playerAnimator-common.mixins.json:BipedEntityModelMixin from mod playeranimator->@Inject::copyMutatedAttributes(Lnet/minecraft/client/model/HumanoidModel;Lorg/spongepowered/asm/mixin/injection/callback/CallbackInfo;)V won't be passed a CallbackInfo as a result
[22May2025 19:33:31.518] [Render thread/DEBUG] [mixin/]: Mixing MixinRenderMekasuit from mixins.iris.forge.json into mekanism.client.render.armor.MekaSuitArmor
[22May2025 19:33:31.519] [Render thread/DEBUG] [mixin/]: mixins.iris.forge.json:MixinRenderMekasuit from mod iris: Class version 65 required is higher than the class version supported by the current version of Mixin (JAVA_8 supports class version 52)
[22May2025 19:33:31.550] [Render thread/INFO] [net.neoforged.neoforge.gametest.GameTestHooks/]: Enabled Gametest Namespaces: []
[22May2025 19:33:31.708] [Render thread/DEBUG] [mixin/]: Mixing render.block.entity.MixinPistonBlockEntityRenderer from sodium-extra.mixins.json into net.minecraft.client.renderer.blockentity.PistonHeadRenderer
[22May2025 19:33:31.709] [Render thread/DEBUG] [mixin/]: sodium-extra.mixins.json:render.block.entity.MixinPistonBlockEntityRenderer from mod sodium_extra: Class version 65 required is higher than the class version supported by the current version of Mixin (JAVA_17 supports class version 61)
[22May2025 19:33:31.709] [Render thread/DEBUG] [mixin/]: sodium-extra.mixins.json:render.block.entity.MixinPistonBlockEntityRenderer from mod sodium_extra->@Inject::render(Lnet/minecraft/world/level/block/piston/PistonMovingBlockEntity;FLcom/mojang/blaze3d/vertex/PoseStack;Lnet/minecraft/client/renderer/MultiBufferSource;IILorg/spongepowered/asm/mixin/injection/callback/CallbackInfo;)V does use it's CallbackInfo
[22May2025 19:33:31.711] [Render thread/DEBUG] [mixin/]: Mixing render.block.entity.MixinEnchantingTableBlockEntityRenderer from sodium-extra.mixins.json into net.minecraft.client.renderer.blockentity.EnchantTableRenderer
[22May2025 19:33:31.712] [Render thread/DEBUG] [mixin/]: sodium-extra.mixins.json:render.block.entity.MixinEnchantingTableBlockEntityRenderer from mod sodium_extra: Class version 65 required is higher than the class version supported by the current version of Mixin (JAVA_17 supports class version 61)
[22May2025 19:33:31.712] [Render thread/DEBUG] [mixin/]: sodium-extra.mixins.json:render.block.entity.MixinEnchantingTableBlockEntityRenderer from mod sodium_extra->@Inject::render(Lnet/minecraft/world/level/block/entity/EnchantingTableBlockEntity;FLcom/mojang/blaze3d/vertex/PoseStack;Lnet/minecraft/client/renderer/MultiBufferSource;IILorg/spongepowered/asm/mixin/injection/callback/CallbackInfo;)V does use it's CallbackInfo
[22May2025 19:33:31.714] [Render thread/DEBUG] [mixin/]: Mixing render.block.entity.MixinBeaconRenderer from sodium-extra.mixins.json into net.minecraft.client.renderer.blockentity.BeaconRenderer
[22May2025 19:33:31.714] [Render thread/DEBUG] [mixin/]: sodium-extra.mixins.json:render.block.entity.MixinBeaconRenderer from mod sodium_extra: Class version 65 required is higher than the class version supported by the current version of Mixin (JAVA_17 supports class version 61)
[22May2025 19:33:31.714] [Render thread/DEBUG] [mixin/]: Mixing shadows.MixinBeaconRenderer from mixins.iris.json into net.minecraft.client.renderer.blockentity.BeaconRenderer
[22May2025 19:33:31.714] [Render thread/DEBUG] [mixin/]: mixins.iris.json:shadows.MixinBeaconRenderer from mod iris: Class version 65 required is higher than the class version supported by the current version of Mixin (JAVA_8 supports class version 52)
[22May2025 19:33:31.714] [Render thread/DEBUG] [mixin/]: Mixing optimizations.beacon_beam_rendering.MixinBeaconRenderer from sodium-extra.mixins.json into net.minecraft.client.renderer.blockentity.BeaconRenderer
[22May2025 19:33:31.714] [Render thread/DEBUG] [mixin/]: sodium-extra.mixins.json:optimizations.beacon_beam_rendering.MixinBeaconRenderer from mod sodium_extra: Class version 65 required is higher than the class version supported by the current version of Mixin (JAVA_17 supports class version 61)
[22May2025 19:33:31.719] [Render thread/DEBUG] [mixin/]: sodium-extra.mixins.json:render.block.entity.MixinBeaconRenderer from mod sodium_extra->@Inject::render(Lnet/minecraft/world/level/block/entity/BeaconBlockEntity;FLcom/mojang/blaze3d/vertex/PoseStack;Lnet/minecraft/client/renderer/MultiBufferSource;IILorg/spongepowered/asm/mixin/injection/callback/CallbackInfo;)V does use it's CallbackInfo
[22May2025 19:33:31.720] [Render thread/DEBUG] [mixin/]: mixins.iris.json:shadows.MixinBeaconRenderer from mod iris->@Inject::iris$noLightBeamInShadowPass(Lcom/mojang/blaze3d/vertex/PoseStack;Lnet/minecraft/client/renderer/MultiBufferSource;Lnet/minecraft/resources/ResourceLocation;FFJIIIFFLorg/spongepowered/asm/mixin/injection/callback/CallbackInfo;)V does use it's CallbackInfo
[22May2025 19:33:31.720] [Render thread/DEBUG] [mixin/]: sodium-extra.mixins.json:optimizations.beacon_beam_rendering.MixinBeaconRenderer from mod sodium_extra->@Inject::optimizeRenderBeam(Lcom/mojang/blaze3d/vertex/PoseStack;Lnet/minecraft/client/renderer/MultiBufferSource;Lnet/minecraft/resources/ResourceLocation;FFJIIIFFLorg/spongepowered/asm/mixin/injection/callback/CallbackInfo;)V does use it's CallbackInfo
[22May2025 19:33:31.720] [Render thread/DEBUG] [mixin/]: sodium-extra.mixins.json:optimizations.beacon_beam_rendering.MixinBeaconRenderer from mod sodium_extra->@Inject::render(Lnet/minecraft/world/level/block/entity/BeaconBlockEntity;FLcom/mojang/blaze3d/vertex/PoseStack;Lnet/minecraft/client/renderer/MultiBufferSource;IILorg/spongepowered/asm/mixin/injection/callback/CallbackInfo;)V does use it's CallbackInfo
[22May2025 19:33:31.723] [Render thread/DEBUG] [mixin/]: Mixing MixinBannerRenderer from iris-batched-entity-rendering.mixins.json into net.minecraft.client.renderer.blockentity.BannerRenderer
[22May2025 19:33:31.723] [Render thread/DEBUG] [mixin/]: iris-batched-entity-rendering.mixins.json:MixinBannerRenderer from mod iris: Class version 65 required is higher than the class version supported by the current version of Mixin (JAVA_8 supports class version 52)
[22May2025 19:33:31.723] [Render thread/DEBUG] [mixin/]: Renaming synthetic method lambda$iris$wrapBufferSource$0(Lnet/minecraft/client/renderer/RenderType;)Lnet/minecraft/client/renderer/RenderType; to md60ac39$iris$lambda$iris$wrapBufferSource$0$0 in iris-batched-entity-rendering.mixins.json:MixinBannerRenderer from mod iris
[22May2025 19:33:31.725] [Render thread/DEBUG] [mixin/]: iris-batched-entity-rendering.mixins.json:MixinBannerRenderer from mod iris->@Inject::iris$endRenderingCanvas(Lcom/mojang/blaze3d/vertex/PoseStack;Lnet/minecraft/client/renderer/MultiBufferSource;IILnet/minecraft/client/model/geom/ModelPart;Lnet/minecraft/client/resources/model/Material;ZLnet/minecraft/world/item/DyeColor;Lnet/minecraft/world/level/block/entity/BannerPatternLayers;ZLorg/spongepowered/asm/mixin/injection/callback/CallbackInfo;)V doesn't use it's CallbackInfo
[22May2025 19:33:31.739] [Render thread/DEBUG] [mixin/]: Mixing HeldItemMixin from playerAnimator-common.mixins.json into net.minecraft.client.renderer.entity.layers.ItemInHandLayer
[22May2025 19:33:31.742] [Render thread/DEBUG] [mixin/]: playerAnimator-common.mixins.json:HeldItemMixin from mod playeranimator->@Inject::renderMixin(Lnet/minecraft/world/entity/LivingEntity;Lnet/minecraft/world/item/ItemStack;Lnet/minecraft/world/item/ItemDisplayContext;Lnet/minecraft/world/entity/HumanoidArm;Lcom/mojang/blaze3d/vertex/PoseStack;Lnet/minecraft/client/renderer/MultiBufferSource;ILorg/spongepowered/asm/mixin/injection/callback/CallbackInfo;)V doesn't use it's CallbackInfo
[22May2025 19:33:31.742] [Render thread/DEBUG] [mixin/]: playerAnimator-common.mixins.json:HeldItemMixin from mod playeranimator->@Inject::renderMixin(Lnet/minecraft/world/entity/LivingEntity;Lnet/minecraft/world/item/ItemStack;Lnet/minecraft/world/item/ItemDisplayContext;Lnet/minecraft/world/entity/HumanoidArm;Lcom/mojang/blaze3d/vertex/PoseStack;Lnet/minecraft/client/renderer/MultiBufferSource;ILorg/spongepowered/asm/mixin/injection/callback/CallbackInfo;)V has 0 override(s) in child classes
[22May2025 19:33:31.742] [Render thread/DEBUG] [mixin/]: playerAnimator-common.mixins.json:HeldItemMixin from mod playeranimator->@Inject::renderMixin(Lnet/minecraft/world/entity/LivingEntity;Lnet/minecraft/world/item/ItemStack;Lnet/minecraft/world/item/ItemDisplayContext;Lnet/minecraft/world/entity/HumanoidArm;Lcom/mojang/blaze3d/vertex/PoseStack;Lnet/minecraft/client/renderer/MultiBufferSource;ILorg/spongepowered/asm/mixin/injection/callback/CallbackInfo;)V won't be passed a CallbackInfo as a result
[22May2025 19:33:31.742] [Render thread/DEBUG] [mixin/]: playerAnimator-common.mixins.json:HeldItemMixin from mod playeranimator->@Inject::changeItemLocation(Lnet/minecraft/world/entity/LivingEntity;Lnet/minecraft/world/item/ItemStack;Lnet/minecraft/world/item/ItemDisplayContext;Lnet/minecraft/world/entity/HumanoidArm;Lcom/mojang/blaze3d/vertex/PoseStack;Lnet/minecraft/client/renderer/MultiBufferSource;ILorg/spongepowered/asm/mixin/injection/callback/CallbackInfo;)V doesn't use it's CallbackInfo
[22May2025 19:33:31.742] [Render thread/DEBUG] [mixin/]: playerAnimator-common.mixins.json:HeldItemMixin from mod playeranimator->@Inject::changeItemLocation(Lnet/minecraft/world/entity/LivingEntity;Lnet/minecraft/world/item/ItemStack;Lnet/minecraft/world/item/ItemDisplayContext;Lnet/minecraft/world/entity/HumanoidArm;Lcom/mojang/blaze3d/vertex/PoseStack;Lnet/minecraft/client/renderer/MultiBufferSource;ILorg/spongepowered/asm/mixin/injection/callback/CallbackInfo;)V has 0 override(s) in child classes
[22May2025 19:33:31.742] [Render thread/DEBUG] [mixin/]: playerAnimator-common.mixins.json:HeldItemMixin from mod playeranimator->@Inject::changeItemLocation(Lnet/minecraft/world/entity/LivingEntity;Lnet/minecraft/world/item/ItemStack;Lnet/minecraft/world/item/ItemDisplayContext;Lnet/minecraft/world/entity/HumanoidArm;Lcom/mojang/blaze3d/vertex/PoseStack;Lnet/minecraft/client/renderer/MultiBufferSource;ILorg/spongepowered/asm/mixin/injection/callback/CallbackInfo;)V won't be passed a CallbackInfo as a result
[22May2025 19:33:31.746] [Render thread/DEBUG] [mixin/]: Mixing client.HumanoidArmorLayerMixin from geckolib.mixins.json into net.minecraft.client.renderer.entity.layers.HumanoidArmorLayer
[22May2025 19:33:31.746] [Render thread/DEBUG] [mixin/]: geckolib.mixins.json:client.HumanoidArmorLayerMixin from mod geckolib: Class version 65 required is higher than the class version supported by the current version of Mixin (JAVA_17 supports class version 61)
[22May2025 19:33:31.746] [Render thread/DEBUG] [mixin/]: Mixing ArmorFeatureRendererMixin from playerAnimator-common.mixins.json into net.minecraft.client.renderer.entity.layers.HumanoidArmorLayer
[22May2025 19:33:31.746] [Render thread/DEBUG] [mixin/]: Mixing entity_render_context.MixinHumanoidArmorLayer from mixins.iris.json into net.minecraft.client.renderer.entity.layers.HumanoidArmorLayer
[22May2025 19:33:31.747] [Render thread/DEBUG] [mixin/]: mixins.iris.json:entity_render_context.MixinHumanoidArmorLayer from mod iris: Class version 65 required is higher than the class version supported by the current version of Mixin (JAVA_8 supports class version 52)
[22May2025 19:33:31.747] [Render thread/DEBUG] [mixin/]: Mixing MixinHumanoidArmorLayer from mixins.iris.forge.json into net.minecraft.client.renderer.entity.layers.HumanoidArmorLayer
[22May2025 19:33:31.747] [Render thread/DEBUG] [mixin/]: mixins.iris.forge.json:MixinHumanoidArmorLayer from mod iris: Class version 65 required is higher than the class version supported by the current version of Mixin (JAVA_8 supports class version 52)
[22May2025 19:33:31.751] [Render thread/DEBUG] [mixin/]: playerAnimator-common.mixins.json:ArmorFeatureRendererMixin from mod playeranimator->@Inject::initInject(Lnet/minecraft/client/renderer/entity/RenderLayerParent;Lnet/minecraft/client/model/HumanoidModel;Lnet/minecraft/client/model/HumanoidModel;Lnet/minecraft/client/resources/model/ModelManager;Lorg/spongepowered/asm/mixin/injection/callback/CallbackInfo;)V doesn't use it's CallbackInfo
[22May2025 19:33:31.751] [Render thread/DEBUG] [mixin/]: playerAnimator-common.mixins.json:ArmorFeatureRendererMixin from mod playeranimator->@Inject::initInject(Lnet/minecraft/client/renderer/entity/RenderLayerParent;Lnet/minecraft/client/model/HumanoidModel;Lnet/minecraft/client/model/HumanoidModel;Lnet/minecraft/client/resources/model/ModelManager;Lorg/spongepowered/asm/mixin/injection/callback/CallbackInfo;)V has 0 override(s) in child classes
[22May2025 19:33:31.751] [Render thread/DEBUG] [mixin/]: playerAnimator-common.mixins.json:ArmorFeatureRendererMixin from mod playeranimator->@Inject::initInject(Lnet/minecraft/client/renderer/entity/RenderLayerParent;Lnet/minecraft/client/model/HumanoidModel;Lnet/minecraft/client/model/HumanoidModel;Lnet/minecraft/client/resources/model/ModelManager;Lorg/spongepowered/asm/mixin/injection/callback/CallbackInfo;)V won't be passed a CallbackInfo as a result
[22May2025 19:33:31.751] [Render thread/DEBUG] [mixin/]: mixins.iris.json:entity_render_context.MixinHumanoidArmorLayer from mod iris->@Inject::changeTrimTemp(Lnet/minecraft/core/Holder;Lcom/mojang/blaze3d/vertex/PoseStack;Lnet/minecraft/client/renderer/MultiBufferSource;ILnet/minecraft/world/item/armortrim/ArmorTrim;Lnet/minecraft/client/model/HumanoidModel;ZLorg/spongepowered/asm/mixin/injection/callback/CallbackInfo;)V doesn't use it's CallbackInfo
[22May2025 19:33:31.751] [Render thread/DEBUG] [mixin/]: mixins.iris.json:entity_render_context.MixinHumanoidArmorLayer from mod iris->@Inject::changeTrimTemp(Lnet/minecraft/core/Holder;Lcom/mojang/blaze3d/vertex/PoseStack;Lnet/minecraft/client/renderer/MultiBufferSource;ILnet/minecraft/world/item/armortrim/ArmorTrim;Lnet/minecraft/client/model/HumanoidModel;ZLorg/spongepowered/asm/mixin/injection/callback/CallbackInfo;)V has 0 override(s) in child classes
[22May2025 19:33:31.751] [Render thread/DEBUG] [mixin/]: mixins.iris.json:entity_render_context.MixinHumanoidArmorLayer from mod iris->@Inject::changeTrimTemp(Lnet/minecraft/core/Holder;Lcom/mojang/blaze3d/vertex/PoseStack;Lnet/minecraft/client/renderer/MultiBufferSource;ILnet/minecraft/world/item/armortrim/ArmorTrim;Lnet/minecraft/client/model/HumanoidModel;ZLorg/spongepowered/asm/mixin/injection/callback/CallbackInfo;)V won't be passed a CallbackInfo as a result
[22May2025 19:33:31.751] [Render thread/DEBUG] [mixin/]: mixins.iris.json:entity_render_context.MixinHumanoidArmorLayer from mod iris->@Inject::changeTrimTemp2(Lnet/minecraft/core/Holder;Lcom/mojang/blaze3d/vertex/PoseStack;Lnet/minecraft/client/renderer/MultiBufferSource;ILnet/minecraft/world/item/armortrim/ArmorTrim;Lnet/minecraft/client/model/HumanoidModel;ZLorg/spongepowered/asm/mixin/injection/callback/CallbackInfo;)V doesn't use it's CallbackInfo
[22May2025 19:33:31.752] [Render thread/DEBUG] [mixin/]: mixins.iris.json:entity_render_context.MixinHumanoidArmorLayer from mod iris->@Inject::changeTrimTemp2(Lnet/minecraft/core/Holder;Lcom/mojang/blaze3d/vertex/PoseStack;Lnet/minecraft/client/renderer/MultiBufferSource;ILnet/minecraft/world/item/armortrim/ArmorTrim;Lnet/minecraft/client/model/HumanoidModel;ZLorg/spongepowered/asm/mixin/injection/callback/CallbackInfo;)V has 0 override(s) in child classes
[22May2025 19:33:31.752] [Render thread/DEBUG] [mixin/]: mixins.iris.json:entity_render_context.MixinHumanoidArmorLayer from mod iris->@Inject::changeTrimTemp2(Lnet/minecraft/core/Holder;Lcom/mojang/blaze3d/vertex/PoseStack;Lnet/minecraft/client/renderer/MultiBufferSource;ILnet/minecraft/world/item/armortrim/ArmorTrim;Lnet/minecraft/client/model/HumanoidModel;ZLorg/spongepowered/asm/mixin/injection/callback/CallbackInfo;)V won't be passed a CallbackInfo as a result
[22May2025 19:33:31.752] [Render thread/DEBUG] [mixin/]: mixins.iris.json:entity_render_context.MixinHumanoidArmorLayer from mod iris->@Inject::changeId2(Lorg/spongepowered/asm/mixin/injection/callback/CallbackInfo;)V doesn't use it's CallbackInfo
[22May2025 19:33:31.752] [Render thread/DEBUG] [mixin/]: mixins.iris.json:entity_render_context.MixinHumanoidArmorLayer from mod iris->@Inject::changeId2(Lorg/spongepowered/asm/mixin/injection/callback/CallbackInfo;)V has 0 override(s) in child classes
[22May2025 19:33:31.752] [Render thread/DEBUG] [mixin/]: mixins.iris.json:entity_render_context.MixinHumanoidArmorLayer from mod iris->@Inject::changeId2(Lorg/spongepowered/asm/mixin/injection/callback/CallbackInfo;)V won't be passed a CallbackInfo as a result
[22May2025 19:33:31.752] [Render thread/DEBUG] [mixin/]: mixins.iris.forge.json:MixinHumanoidArmorLayer from mod iris->@Inject::changeTrimTempForge(Lnet/minecraft/core/Holder;Lcom/mojang/blaze3d/vertex/PoseStack;Lnet/minecraft/client/renderer/MultiBufferSource;ILnet/minecraft/world/item/armortrim/ArmorTrim;Lnet/minecraft/client/model/Model;ZLorg/spongepowered/asm/mixin/injection/callback/CallbackInfo;)V doesn't use it's CallbackInfo
[22May2025 19:33:31.752] [Render thread/DEBUG] [mixin/]: mixins.iris.forge.json:MixinHumanoidArmorLayer from mod iris->@Inject::changeTrimTempForge(Lnet/minecraft/core/Holder;Lcom/mojang/blaze3d/vertex/PoseStack;Lnet/minecraft/client/renderer/MultiBufferSource;ILnet/minecraft/world/item/armortrim/ArmorTrim;Lnet/minecraft/client/model/Model;ZLorg/spongepowered/asm/mixin/injection/callback/CallbackInfo;)V has 0 override(s) in child classes
[22May2025 19:33:31.752] [Render thread/DEBUG] [mixin/]: mixins.iris.forge.json:MixinHumanoidArmorLayer from mod iris->@Inject::changeTrimTempForge(Lnet/minecraft/core/Holder;Lcom/mojang/blaze3d/vertex/PoseStack;Lnet/minecraft/client/renderer/MultiBufferSource;ILnet/minecraft/world/item/armortrim/ArmorTrim;Lnet/minecraft/client/model/Model;ZLorg/spongepowered/asm/mixin/injection/callback/CallbackInfo;)V won't be passed a CallbackInfo as a result
[22May2025 19:33:31.752] [Render thread/DEBUG] [mixin/]: mixins.iris.forge.json:MixinHumanoidArmorLayer from mod iris->@Inject::changeIdF(Lcom/mojang/blaze3d/vertex/PoseStack;Lnet/minecraft/client/renderer/MultiBufferSource;Lnet/minecraft/world/entity/LivingEntity;Lnet/minecraft/world/entity/EquipmentSlot;ILnet/minecraft/client/model/HumanoidModel;FFFFFFLorg/spongepowered/asm/mixin/injection/callback/CallbackInfo;)V doesn't use it's CallbackInfo
[22May2025 19:33:31.752] [Render thread/DEBUG] [mixin/]: mixins.iris.forge.json:MixinHumanoidArmorLayer from mod iris->@Inject::changeIdF(Lcom/mojang/blaze3d/vertex/PoseStack;Lnet/minecraft/client/renderer/MultiBufferSource;Lnet/minecraft/world/entity/LivingEntity;Lnet/minecraft/world/entity/EquipmentSlot;ILnet/minecraft/client/model/HumanoidModel;FFFFFFLorg/spongepowered/asm/mixin/injection/callback/CallbackInfo;)V has 0 override(s) in child classes
[22May2025 19:33:31.752] [Render thread/DEBUG] [mixin/]: mixins.iris.forge.json:MixinHumanoidArmorLayer from mod iris->@Inject::changeIdF(Lcom/mojang/blaze3d/vertex/PoseStack;Lnet/minecraft/client/renderer/MultiBufferSource;Lnet/minecraft/world/entity/LivingEntity;Lnet/minecraft/world/entity/EquipmentSlot;ILnet/minecraft/client/model/HumanoidModel;FFFFFFLorg/spongepowered/asm/mixin/injection/callback/CallbackInfo;)V won't be passed a CallbackInfo as a result
[22May2025 19:33:31.752] [Render thread/DEBUG] [mixin/]: mixins.iris.forge.json:MixinHumanoidArmorLayer from mod iris->@Inject::changeTrimTemp2Forge(Lnet/minecraft/core/Holder;Lcom/mojang/blaze3d/vertex/PoseStack;Lnet/minecraft/client/renderer/MultiBufferSource;ILnet/minecraft/world/item/armortrim/ArmorTrim;Lnet/minecraft/client/model/Model;ZLorg/spongepowered/asm/mixin/injection/callback/CallbackInfo;)V doesn't use it's CallbackInfo
[22May2025 19:33:31.752] [Render thread/DEBUG] [mixin/]: mixins.iris.forge.json:MixinHumanoidArmorLayer from mod iris->@Inject::changeTrimTemp2Forge(Lnet/minecraft/core/Holder;Lcom/mojang/blaze3d/vertex/PoseStack;Lnet/minecraft/client/renderer/MultiBufferSource;ILnet/minecraft/world/item/armortrim/ArmorTrim;Lnet/minecraft/client/model/Model;ZLorg/spongepowered/asm/mixin/injection/callback/CallbackInfo;)V has 0 override(s) in child classes
[22May2025 19:33:31.752] [Render thread/DEBUG] [mixin/]: mixins.iris.forge.json:MixinHumanoidArmorLayer from mod iris->@Inject::changeTrimTemp2Forge(Lnet/minecraft/core/Holder;Lcom/mojang/blaze3d/vertex/PoseStack;Lnet/minecraft/client/renderer/MultiBufferSource;ILnet/minecraft/world/item/armortrim/ArmorTrim;Lnet/minecraft/client/model/Model;ZLorg/spongepowered/asm/mixin/injection/callback/CallbackInfo;)V won't be passed a CallbackInfo as a result
[22May2025 19:33:31.753] [Render thread/DEBUG] [mixin/]: Mixing ElytraLayerMixin from playerAnimator-common.mixins.json into net.minecraft.client.renderer.entity.layers.ElytraLayer
[22May2025 19:33:31.754] [Render thread/DEBUG] [mixin/]: Mixing entity_render_context.MixinElytraLayer from mixins.iris.json into net.minecraft.client.renderer.entity.layers.ElytraLayer
[22May2025 19:33:31.754] [Render thread/DEBUG] [mixin/]: mixins.iris.json:entity_render_context.MixinElytraLayer from mod iris: Class version 65 required is higher than the class version supported by the current version of Mixin (JAVA_8 supports class version 52)
[22May2025 19:33:31.757] [Render thread/DEBUG] [mixin/]: playerAnimator-common.mixins.json:ElytraLayerMixin from mod playeranimator->@Inject::inject(Lcom/mojang/blaze3d/vertex/PoseStack;Lnet/minecraft/client/renderer/MultiBufferSource;ILnet/minecraft/world/entity/LivingEntity;FFFFFFLorg/spongepowered/asm/mixin/injection/callback/CallbackInfo;)V doesn't use it's CallbackInfo
[22May2025 19:33:31.757] [Render thread/DEBUG] [mixin/]: playerAnimator-common.mixins.json:ElytraLayerMixin from mod playeranimator->@Inject::inject(Lcom/mojang/blaze3d/vertex/PoseStack;Lnet/minecraft/client/renderer/MultiBufferSource;ILnet/minecraft/world/entity/LivingEntity;FFFFFFLorg/spongepowered/asm/mixin/injection/callback/CallbackInfo;)V has 0 override(s) in child classes
[22May2025 19:33:31.757] [Render thread/DEBUG] [mixin/]: playerAnimator-common.mixins.json:ElytraLayerMixin from mod playeranimator->@Inject::inject(Lcom/mojang/blaze3d/vertex/PoseStack;Lnet/minecraft/client/renderer/MultiBufferSource;ILnet/minecraft/world/entity/LivingEntity;FFFFFFLorg/spongepowered/asm/mixin/injection/callback/CallbackInfo;)V won't be passed a CallbackInfo as a result
[22May2025 19:33:31.757] [Render thread/DEBUG] [mixin/]: mixins.iris.json:entity_render_context.MixinElytraLayer from mod iris->@Inject::changeId(Lcom/mojang/blaze3d/vertex/PoseStack;Lnet/minecraft/client/renderer/MultiBufferSource;ILnet/minecraft/world/entity/LivingEntity;FFFFFFLorg/spongepowered/asm/mixin/injection/callback/CallbackInfo;)V doesn't use it's CallbackInfo
[22May2025 19:33:31.757] [Render thread/DEBUG] [mixin/]: mixins.iris.json:entity_render_context.MixinElytraLayer from mod iris->@Inject::changeId(Lcom/mojang/blaze3d/vertex/PoseStack;Lnet/minecraft/client/renderer/MultiBufferSource;ILnet/minecraft/world/entity/LivingEntity;FFFFFFLorg/spongepowered/asm/mixin/injection/callback/CallbackInfo;)V has 0 override(s) in child classes
[22May2025 19:33:31.757] [Render thread/DEBUG] [mixin/]: mixins.iris.json:entity_render_context.MixinElytraLayer from mod iris->@Inject::changeId(Lcom/mojang/blaze3d/vertex/PoseStack;Lnet/minecraft/client/renderer/MultiBufferSource;ILnet/minecraft/world/entity/LivingEntity;FFFFFFLorg/spongepowered/asm/mixin/injection/callback/CallbackInfo;)V won't be passed a CallbackInfo as a result
[22May2025 19:33:31.757] [Render thread/DEBUG] [mixin/]: mixins.iris.json:entity_render_context.MixinElytraLayer from mod iris->@Inject::changeId2(Lorg/spongepowered/asm/mixin/injection/callback/CallbackInfo;)V doesn't use it's CallbackInfo
[22May2025 19:33:31.757] [Render thread/DEBUG] [mixin/]: mixins.iris.json:entity_render_context.MixinElytraLayer from mod iris->@Inject::changeId2(Lorg/spongepowered/asm/mixin/injection/callback/CallbackInfo;)V has 0 override(s) in child classes
[22May2025 19:33:31.757] [Render thread/DEBUG] [mixin/]: mixins.iris.json:entity_render_context.MixinElytraLayer from mod iris->@Inject::changeId2(Lorg/spongepowered/asm/mixin/injection/callback/CallbackInfo;)V won't be passed a CallbackInfo as a result
[22May2025 19:33:31.776] [Render thread/DEBUG] [mixin/]: Mixing entity_render_context.MixinEnderDragonRenderer from mixins.iris.json into net.minecraft.client.renderer.entity.EnderDragonRenderer
[22May2025 19:33:31.776] [Render thread/DEBUG] [mixin/]: mixins.iris.json:entity_render_context.MixinEnderDragonRenderer from mod iris: Class version 65 required is higher than the class version supported by the current version of Mixin (JAVA_8 supports class version 52)
[22May2025 19:33:31.777] [Render thread/DEBUG] [mixin/]: mixins.iris.json:entity_render_context.MixinEnderDragonRenderer from mod iris->@Inject::changeId(FFFFILcom/mojang/blaze3d/vertex/PoseStack;Lnet/minecraft/client/renderer/MultiBufferSource;ILorg/spongepowered/asm/mixin/injection/callback/CallbackInfo;)V doesn't use it's CallbackInfo
[22May2025 19:33:31.777] [Render thread/DEBUG] [mixin/]: mixins.iris.json:entity_render_context.MixinEnderDragonRenderer from mod iris->@Inject::changeId2(Lorg/spongepowered/asm/mixin/injection/callback/CallbackInfo;)V doesn't use it's CallbackInfo
[22May2025 19:33:31.781] [Render thread/DEBUG] [mixin/]: Mixing MixinFishingHookRenderer from iris-batched-entity-rendering.mixins.json into net.minecraft.client.renderer.entity.FishingHookRenderer
[22May2025 19:33:31.781] [Render thread/DEBUG] [mixin/]: iris-batched-entity-rendering.mixins.json:MixinFishingHookRenderer from mod iris: Class version 65 required is higher than the class version supported by the current version of Mixin (JAVA_8 supports class version 52)
[22May2025 19:33:31.782] [Render thread/DEBUG] [mixin/]: iris-batched-entity-rendering.mixins.json:MixinFishingHookRenderer from mod iris->@Inject::capture(Lnet/minecraft/world/entity/projectile/FishingHook;FFLcom/mojang/blaze3d/vertex/PoseStack;Lnet/minecraft/client/renderer/MultiBufferSource;ILorg/spongepowered/asm/mixin/injection/callback/CallbackInfo;)V doesn't use it's CallbackInfo
[22May2025 19:33:31.782] [Render thread/DEBUG] [mixin/]: iris-batched-entity-rendering.mixins.json:MixinFishingHookRenderer from mod iris->@Inject::capture(Lnet/minecraft/world/entity/projectile/FishingHook;FFLcom/mojang/blaze3d/vertex/PoseStack;Lnet/minecraft/client/renderer/MultiBufferSource;ILorg/spongepowered/asm/mixin/injection/callback/CallbackInfo;)V has 0 override(s) in child classes
[22May2025 19:33:31.782] [Render thread/DEBUG] [mixin/]: iris-batched-entity-rendering.mixins.json:MixinFishingHookRenderer from mod iris->@Inject::capture(Lnet/minecraft/world/entity/projectile/FishingHook;FFLcom/mojang/blaze3d/vertex/PoseStack;Lnet/minecraft/client/renderer/MultiBufferSource;ILorg/spongepowered/asm/mixin/injection/callback/CallbackInfo;)V won't be passed a CallbackInfo as a result
[22May2025 19:33:31.785] [Render thread/DEBUG] [mixin/]: Mixing render.entity.MixinItemFrameEntityRenderer from sodium-extra.mixins.json into net.minecraft.client.renderer.entity.ItemFrameRenderer
[22May2025 19:33:31.785] [Render thread/DEBUG] [mixin/]: sodium-extra.mixins.json:render.entity.MixinItemFrameEntityRenderer from mod sodium_extra: Class version 65 required is higher than the class version supported by the current version of Mixin (JAVA_17 supports class version 61)
[22May2025 19:33:31.786] [Render thread/DEBUG] [mixin/]: Mixing client.compat115plus.ItemFrameEntityRendererMixin from pehkui.mixins.json into net.minecraft.client.renderer.entity.ItemFrameRenderer
[22May2025 19:33:31.786] [Render thread/DEBUG] [mixin/]: pehkui.mixins.json:client.compat115plus.ItemFrameEntityRendererMixin from mod pehkui: Class version 65 required is higher than the class version supported by the current version of Mixin (JAVA_17 supports class version 61)
[22May2025 19:33:31.788] [Render thread/DEBUG] [mixin/]: sodium-extra.mixins.json:render.entity.MixinItemFrameEntityRenderer from mod sodium_extra->@Inject::render(Lnet/minecraft/world/entity/decoration/ItemFrame;FFLcom/mojang/blaze3d/vertex/PoseStack;Lnet/minecraft/client/renderer/MultiBufferSource;ILorg/spongepowered/asm/mixin/injection/callback/CallbackInfo;)V does use it's CallbackInfo
[22May2025 19:33:31.788] [Render thread/DEBUG] [mixin/]: sodium-extra.mixins.json:render.entity.MixinItemFrameEntityRenderer from mod sodium_extra->@Inject::hasLabel(Lnet/minecraft/world/entity/decoration/ItemFrame;Lorg/spongepowered/asm/mixin/injection/callback/CallbackInfoReturnable;)V does use it's CallbackInfoReturnable
[22May2025 19:33:31.793] [Render thread/DEBUG] [mixin/]: Mixing entity_render_context.MixinHorseArmorLayer from mixins.iris.json into net.minecraft.client.renderer.entity.layers.HorseArmorLayer
[22May2025 19:33:31.793] [Render thread/DEBUG] [mixin/]: mixins.iris.json:entity_render_context.MixinHorseArmorLayer from mod iris: Class version 65 required is higher than the class version supported by the current version of Mixin (JAVA_8 supports class version 52)
[22May2025 19:33:31.796] [Render thread/DEBUG] [mixin/]: mixins.iris.json:entity_render_context.MixinHorseArmorLayer from mod iris->@Inject::changeId(Lcom/mojang/blaze3d/vertex/PoseStack;Lnet/minecraft/client/renderer/MultiBufferSource;ILnet/minecraft/world/entity/animal/horse/Horse;FFFFFFLorg/spongepowered/asm/mixin/injection/callback/CallbackInfo;)V doesn't use it's CallbackInfo
[22May2025 19:33:31.796] [Render thread/DEBUG] [mixin/]: mixins.iris.json:entity_render_context.MixinHorseArmorLayer from mod iris->@Inject::changeId(Lcom/mojang/blaze3d/vertex/PoseStack;Lnet/minecraft/client/renderer/MultiBufferSource;ILnet/minecraft/world/entity/animal/horse/Horse;FFFFFFLorg/spongepowered/asm/mixin/injection/callback/CallbackInfo;)V has 0 override(s) in child classes
[22May2025 19:33:31.796] [Render thread/DEBUG] [mixin/]: mixins.iris.json:entity_render_context.MixinHorseArmorLayer from mod iris->@Inject::changeId(Lcom/mojang/blaze3d/vertex/PoseStack;Lnet/minecraft/client/renderer/MultiBufferSource;ILnet/minecraft/world/entity/animal/horse/Horse;FFFFFFLorg/spongepowered/asm/mixin/injection/callback/CallbackInfo;)V won't be passed a CallbackInfo as a result
[22May2025 19:33:31.796] [Render thread/DEBUG] [mixin/]: mixins.iris.json:entity_render_context.MixinHorseArmorLayer from mod iris->@Inject::changeId2(Lorg/spongepowered/asm/mixin/injection/callback/CallbackInfo;)V doesn't use it's CallbackInfo
[22May2025 19:33:31.796] [Render thread/DEBUG] [mixin/]: mixins.iris.json:entity_render_context.MixinHorseArmorLayer from mod iris->@Inject::changeId2(Lorg/spongepowered/asm/mixin/injection/callback/CallbackInfo;)V has 0 override(s) in child classes
[22May2025 19:33:31.796] [Render thread/DEBUG] [mixin/]: mixins.iris.json:entity_render_context.MixinHorseArmorLayer from mod iris->@Inject::changeId2(Lorg/spongepowered/asm/mixin/injection/callback/CallbackInfo;)V won't be passed a CallbackInfo as a result
[22May2025 19:33:31.801] [Render thread/DEBUG] [mixin/]: Mixing MixinLightningBoltRenderer from mixins.iris.json into net.minecraft.client.renderer.entity.LightningBoltRenderer
[22May2025 19:33:31.801] [Render thread/DEBUG] [mixin/]: mixins.iris.json:MixinLightningBoltRenderer from mod iris: Class version 65 required is higher than the class version supported by the current version of Mixin (JAVA_8 supports class version 52)
[22May2025 19:33:31.805] [Render thread/DEBUG] [mixin/]: Mixing render.entity.MixinPaintingEntityRenderer from sodium-extra.mixins.json into net.minecraft.client.renderer.entity.PaintingRenderer
[22May2025 19:33:31.805] [Render thread/DEBUG] [mixin/]: sodium-extra.mixins.json:render.entity.MixinPaintingEntityRenderer from mod sodium_extra: Class version 65 required is higher than the class version supported by the current version of Mixin (JAVA_17 supports class version 61)
[22May2025 19:33:31.805] [Render thread/DEBUG] [mixin/]: sodium-extra.mixins.json:render.entity.MixinPaintingEntityRenderer from mod sodium_extra->@Inject::render(Lnet/minecraft/world/entity/decoration/Painting;FFLcom/mojang/blaze3d/vertex/PoseStack;Lnet/minecraft/client/renderer/MultiBufferSource;ILorg/spongepowered/asm/mixin/injection/callback/CallbackInfo;)V does use it's CallbackInfo
[22May2025 19:33:31.814] [Render thread/DEBUG] [mixin/]: Mixing client.compat1205plus.ShulkerEntityRendererMixin from pehkui.mixins.json into net.minecraft.client.renderer.entity.ShulkerRenderer
[22May2025 19:33:31.815] [Render thread/DEBUG] [mixin/]: pehkui.mixins.json:client.compat1205plus.ShulkerEntityRendererMixin from mod pehkui: Class version 65 required is higher than the class version supported by the current version of Mixin (JAVA_17 supports class version 61)
[22May2025 19:33:31.816] [Render thread/DEBUG] [mixin/]: pehkui.mixins.json:client.compat1205plus.ShulkerEntityRendererMixin from mod pehkui->@Inject::pehkui$setupTransforms(Lnet/minecraft/world/entity/monster/Shulker;Lcom/mojang/blaze3d/vertex/PoseStack;FFFFLorg/spongepowered/asm/mixin/injection/callback/CallbackInfo;)V doesn't use it's CallbackInfo
[22May2025 19:33:31.816] [Render thread/DEBUG] [mixin/]: pehkui.mixins.json:client.compat1205plus.ShulkerEntityRendererMixin from mod pehkui->@Inject::pehkui$setupTransforms(Lnet/minecraft/world/entity/monster/Shulker;Lcom/mojang/blaze3d/vertex/PoseStack;FFFFLorg/spongepowered/asm/mixin/injection/callback/CallbackInfo;)V has 0 override(s) in child classes
[22May2025 19:33:31.816] [Render thread/DEBUG] [mixin/]: pehkui.mixins.json:client.compat1205plus.ShulkerEntityRendererMixin from mod pehkui->@Inject::pehkui$setupTransforms(Lnet/minecraft/world/entity/monster/Shulker;Lcom/mojang/blaze3d/vertex/PoseStack;FFFFLorg/spongepowered/asm/mixin/injection/callback/CallbackInfo;)V won't be passed a CallbackInfo as a result
[22May2025 19:33:31.839] [Render thread/DEBUG] [mixin/]: Mixing MixinRenderFlame from mixins.iris.forge.json into mekanism.client.render.entity.RenderFlame
[22May2025 19:33:31.840] [Render thread/DEBUG] [mixin/]: mixins.iris.forge.json:MixinRenderFlame from mod iris: Class version 65 required is higher than the class version supported by the current version of Mixin (JAVA_8 supports class version 52)
[22May2025 19:33:31.863] [Render thread/DEBUG] [mixin/]: Mixing PlayerModelAccessor from playerAnimator-common.mixins.json into net.minecraft.client.model.PlayerModel
[22May2025 19:33:31.863] [Render thread/DEBUG] [mixin/]: Mixing PlayerModelMixin from playerAnimator-common.mixins.json into net.minecraft.client.model.PlayerModel
[22May2025 19:33:31.867] [Render thread/DEBUG] [mixin/]: playerAnimator-common.mixins.json:PlayerModelMixin from mod playeranimator->@Inject::initBendableStuff(Lnet/minecraft/client/model/geom/ModelPart;ZLorg/spongepowered/asm/mixin/injection/callback/CallbackInfo;)V doesn't use it's CallbackInfo
[22May2025 19:33:31.867] [Render thread/DEBUG] [mixin/]: playerAnimator-common.mixins.json:PlayerModelMixin from mod playeranimator->@Inject::initBendableStuff(Lnet/minecraft/client/model/geom/ModelPart;ZLorg/spongepowered/asm/mixin/injection/callback/CallbackInfo;)V has 0 override(s) in child classes
[22May2025 19:33:31.867] [Render thread/DEBUG] [mixin/]: playerAnimator-common.mixins.json:PlayerModelMixin from mod playeranimator->@Inject::initBendableStuff(Lnet/minecraft/client/model/geom/ModelPart;ZLorg/spongepowered/asm/mixin/injection/callback/CallbackInfo;)V won't be passed a CallbackInfo as a result
[22May2025 19:33:31.867] [Render thread/DEBUG] [mixin/]: playerAnimator-common.mixins.json:PlayerModelMixin from mod playeranimator->@Inject::setDefaultBeforeRender(Lnet/minecraft/world/entity/LivingEntity;FFFFFLorg/spongepowered/asm/mixin/injection/callback/CallbackInfo;)V doesn't use it's CallbackInfo
[22May2025 19:33:31.867] [Render thread/DEBUG] [mixin/]: playerAnimator-common.mixins.json:PlayerModelMixin from mod playeranimator->@Inject::setDefaultBeforeRender(Lnet/minecraft/world/entity/LivingEntity;FFFFFLorg/spongepowered/asm/mixin/injection/callback/CallbackInfo;)V has 0 override(s) in child classes
[22May2025 19:33:31.867] [Render thread/DEBUG] [mixin/]: playerAnimator-common.mixins.json:PlayerModelMixin from mod playeranimator->@Inject::setDefaultBeforeRender(Lnet/minecraft/world/entity/LivingEntity;FFFFFLorg/spongepowered/asm/mixin/injection/callback/CallbackInfo;)V won't be passed a CallbackInfo as a result
[22May2025 19:33:31.867] [Render thread/DEBUG] [mixin/]: playerAnimator-common.mixins.json:PlayerModelMixin from mod playeranimator->@Inject::setEmote(Lnet/minecraft/world/entity/LivingEntity;FFFFFLorg/spongepowered/asm/mixin/injection/callback/CallbackInfo;)V doesn't use it's CallbackInfo
[22May2025 19:33:31.867] [Render thread/DEBUG] [mixin/]: playerAnimator-common.mixins.json:PlayerModelMixin from mod playeranimator->@Inject::setEmote(Lnet/minecraft/world/entity/LivingEntity;FFFFFLorg/spongepowered/asm/mixin/injection/callback/CallbackInfo;)V has 0 override(s) in child classes
[22May2025 19:33:31.867] [Render thread/DEBUG] [mixin/]: playerAnimator-common.mixins.json:PlayerModelMixin from mod playeranimator->@Inject::setEmote(Lnet/minecraft/world/entity/LivingEntity;FFFFFLorg/spongepowered/asm/mixin/injection/callback/CallbackInfo;)V won't be passed a CallbackInfo as a result
[22May2025 19:33:31.874] [Render thread/DEBUG] [com.direwolf20.justdirethings.client.KeyBindings/]: Registering 2 keybinding for justdirethings
[22May2025 19:33:31.881] [Render thread/DEBUG] [mixin/]: Mixing sky.MixinDimensionSpecialEffects from mixins.iris.json into net.minecraft.client.renderer.DimensionSpecialEffects
[22May2025 19:33:31.881] [Render thread/DEBUG] [mixin/]: mixins.iris.json:sky.MixinDimensionSpecialEffects from mod iris: Class version 65 required is higher than the class version supported by the current version of Mixin (JAVA_8 supports class version 52)
[22May2025 19:33:31.882] [Render thread/DEBUG] [mixin/]: mixins.iris.json:sky.MixinDimensionSpecialEffects from mod iris->@Inject::iris$getSunriseColor(FFLorg/spongepowered/asm/mixin/injection/callback/CallbackInfoReturnable;)V does use it's CallbackInfoReturnable
[22May2025 19:33:31.882] [Render thread/DEBUG] [mixin/]: Mixing cloud.MixinDimensionEffectsOverworld from sodium-extra.mixins.json into net.minecraft.client.renderer.DimensionSpecialEffects$OverworldEffects
[22May2025 19:33:31.882] [Render thread/DEBUG] [mixin/]: sodium-extra.mixins.json:cloud.MixinDimensionEffectsOverworld from mod sodium_extra: Class version 65 required is higher than the class version supported by the current version of Mixin (JAVA_17 supports class version 61)
[22May2025 19:33:31.899] [Render thread/DEBUG] [mixin/]: Mixing ModelPartMixin from playerAnimator-common.mixins.json into net.minecraft.client.model.geom.ModelPart
[22May2025 19:33:31.899] [Render thread/DEBUG] [mixin/]: Mixing features.render.entity.ModelPartMixin from sodium-common.mixins.json into net.minecraft.client.model.geom.ModelPart
[22May2025 19:33:31.899] [Render thread/DEBUG] [mixin/]: sodium-common.mixins.json:features.render.entity.ModelPartMixin from mod sodium: Class version 65 required is higher than the class version supported by the current version of Mixin (JAVA_17 supports class version 61)
[22May2025 19:33:31.918] [Render thread/DEBUG] [mixin/]: Mixing MixinChainedJsonException from mixins.iris.json into net.minecraft.server.ChainedJsonException
[22May2025 19:33:31.918] [Render thread/DEBUG] [mixin/]: mixins.iris.json:MixinChainedJsonException from mod iris: Class version 65 required is higher than the class version supported by the current version of Mixin (JAVA_8 supports class version 52)
[22May2025 19:33:31.919] [Render thread/DEBUG] [mixin/]: mixins.iris.json:MixinChainedJsonException from mod iris->@Inject::iris$changeShaderParseException(Ljava/lang/Exception;Lorg/spongepowered/asm/mixin/injection/callback/CallbackInfoReturnable;)V does use it's CallbackInfoReturnable
[22May2025 19:33:31.920] [Render thread/DEBUG] [mixin/]: Mixing MixinUniform from mixins.iris.json into com.mojang.blaze3d.shaders.Uniform
[22May2025 19:33:31.920] [Render thread/DEBUG] [mixin/]: mixins.iris.json:MixinUniform from mod iris: Class version 65 required is higher than the class version supported by the current version of Mixin (JAVA_8 supports class version 52)
[22May2025 19:33:31.921] [Render thread/DEBUG] [mixin/]: mixins.iris.json:MixinUniform from mod iris->@Inject::iris$glGetUniformLocation(ILjava/lang/CharSequence;Lorg/spongepowered/asm/mixin/injection/callback/CallbackInfoReturnable;)V does use it's CallbackInfoReturnable
[22May2025 19:33:31.924] [Render thread/DEBUG] [mixin/]: Mixing MixinProgramType from mixins.iris.json into com.mojang.blaze3d.shaders.Program$Type
[22May2025 19:33:31.924] [Render thread/DEBUG] [mixin/]: mixins.iris.json:MixinProgramType from mod iris: Class version 65 required is higher than the class version supported by the current version of Mixin (JAVA_8 supports class version 52)
[22May2025 19:33:31.925] [Render thread/DEBUG] [mixin/]: Mixing ProgramTypeAccessor from mixins.iris.json into com.mojang.blaze3d.shaders.Program$Type
[22May2025 19:33:31.925] [Render thread/DEBUG] [mixin/]: mixins.iris.json:ProgramTypeAccessor from mod iris: Class version 65 required is higher than the class version supported by the current version of Mixin (JAVA_8 supports class version 52)
[22May2025 19:33:31.925] [Render thread/DEBUG] [mixin/]: Renaming @Invoker method createProgramType(Ljava/lang/String;ILjava/lang/String;Ljava/lang/String;I)Lcom/mojang/blaze3d/shaders/Program$Type; to createProgramType$iris_$md$60ac39$0 in mixins.iris.json:ProgramTypeAccessor from mod iris
[22May2025 19:33:31.928] [Render thread/DEBUG] [mixin/]: Mixing MixinProgram from mixins.iris.json into com.mojang.blaze3d.shaders.Program
[22May2025 19:33:31.928] [Render thread/DEBUG] [mixin/]: mixins.iris.json:MixinProgram from mod iris: Class version 65 required is higher than the class version supported by the current version of Mixin (JAVA_8 supports class version 52)
[22May2025 19:33:31.929] [Render thread/DEBUG] [mixin/]: mixins.iris.json:MixinProgram from mod iris->@Inject::iris$causeException(Lcom/mojang/blaze3d/shaders/Program$Type;Ljava/lang/String;Ljava/io/InputStream;Ljava/lang/String;Lcom/mojang/blaze3d/preprocessor/GlslPreprocessor;Lorg/spongepowered/asm/mixin/injection/callback/CallbackInfoReturnable;)V does use it's CallbackInfoReturnable
[22May2025 19:33:31.933] [Render thread/DEBUG] [mixin/]: Mixing MixinProgramManager from mixins.iris.json into com.mojang.blaze3d.shaders.ProgramManager
[22May2025 19:33:31.933] [Render thread/DEBUG] [mixin/]: mixins.iris.json:MixinProgramManager from mod iris: Class version 65 required is higher than the class version supported by the current version of Mixin (JAVA_8 supports class version 52)
[22May2025 19:33:31.934] [Render thread/DEBUG] [mixin/]: mixins.iris.json:MixinProgramManager from mod iris->@Inject::iris$releaseGeometry(Lcom/mojang/blaze3d/shaders/Shader;Lorg/spongepowered/asm/mixin/injection/callback/CallbackInfo;)V doesn't use it's CallbackInfo
[22May2025 19:33:31.999] [Render thread/INFO] [net.minecraft.server.packs.resources.ReloadableResourceManager/]: Reloading ResourceManager: vanilla, mod_resources, mod/sodium, mod/industrialforegoing, mod/fabric_api_base, mod/fabric_renderer_api_v1, mod/enderio_conduits, mod/titanium, mod/sodium_extra, mod/jade, mod/geckolib, mod/playeranimator, mod/jei, mod/enderio_armory, mod/pehkui, mod/enderio_base, mod/mekanism, mod/enderio, mod/endercore, mod/neoforge, mod/kleiders_custom_renderer, mod/fabric_block_view_api_v2, mod/iris, mod/enderio_conduits_modded, mod/mekanismgenerators, mod/fabric_rendering_data_attachment_v1, mod/justdirethings, mod/enderio_machines, mod/simple_incubator, mod/betteradvancements, file/Leon's Spawneggs Backport.zip
[22May2025 19:33:32.014] [Render thread/DEBUG] [mixin/]: Mixing features.gui.hooks.settings.OptionsScreenMixin from sodium-common.mixins.json into net.minecraft.client.gui.screens.options.OptionsScreen
[22May2025 19:33:32.014] [Render thread/DEBUG] [mixin/]: sodium-common.mixins.json:features.gui.hooks.settings.OptionsScreenMixin from mod sodium: Class version 65 required is higher than the class version supported by the current version of Mixin (JAVA_17 supports class version 61)
[22May2025 19:33:32.015] [Render thread/DEBUG] [mixin/]: sodium-common.mixins.json:features.gui.hooks.settings.OptionsScreenMixin from mod sodium->@Inject::open(Lorg/spongepowered/asm/mixin/injection/callback/CallbackInfoReturnable;)V does use it's CallbackInfoReturnable
[22May2025 19:33:32.019] [Worker-Main-6/INFO] [mekanism.common.Mekanism/]: Version 10.7.7 initializing...
[22May2025 19:33:32.034] [Worker-Main-6/INFO] [mekanism.common.Mekanism/]: Initialized HolidayManager.
[22May2025 19:33:32.071] [Render thread/DEBUG] [mixin/]: Mixing platform.neoforge.SimpleBakedModelAccessor from sodium-neoforge.mixins.json into net.minecraft.client.resources.model.SimpleBakedModel
[22May2025 19:33:32.071] [Render thread/DEBUG] [mixin/]: sodium-neoforge.mixins.json:platform.neoforge.SimpleBakedModelAccessor from mod sodium: Class version 65 required is higher than the class version supported by the current version of Mixin (JAVA_17 supports class version 61)
[22May2025 19:33:32.079] [Render thread/DEBUG] [mixin/]: Mixing texture.MixinSpriteContents from mixins.iris.json into net.minecraft.client.renderer.texture.SpriteContents
[22May2025 19:33:32.079] [Render thread/DEBUG] [mixin/]: mixins.iris.json:texture.MixinSpriteContents from mod iris: Class version 65 required is higher than the class version supported by the current version of Mixin (JAVA_8 supports class version 52)
[22May2025 19:33:32.080] [Render thread/DEBUG] [mixin/]: Mixing texture.SpriteContentsAccessor from mixins.iris.json into net.minecraft.client.renderer.texture.SpriteContents
[22May2025 19:33:32.080] [Render thread/DEBUG] [mixin/]: mixins.iris.json:texture.SpriteContentsAccessor from mod iris: Class version 65 required is higher than the class version supported by the current version of Mixin (JAVA_8 supports class version 52)
[22May2025 19:33:32.080] [Render thread/DEBUG] [mixin/]: Mixing texture.pbr.MixinSpriteContents from mixins.iris.json into net.minecraft.client.renderer.texture.SpriteContents
[22May2025 19:33:32.080] [Render thread/DEBUG] [mixin/]: mixins.iris.json:texture.pbr.MixinSpriteContents from mod iris: Class version 65 required is higher than the class version supported by the current version of Mixin (JAVA_8 supports class version 52)
[22May2025 19:33:32.080] [Render thread/DEBUG] [mixin/]: Mixing features.textures.SpriteContentsInvoker from sodium-common.mixins.json into net.minecraft.client.renderer.texture.SpriteContents
[22May2025 19:33:32.080] [Render thread/DEBUG] [mixin/]: sodium-common.mixins.json:features.textures.SpriteContentsInvoker from mod sodium: Class version 65 required is higher than the class version supported by the current version of Mixin (JAVA_17 supports class version 61)
[22May2025 19:33:32.081] [Render thread/DEBUG] [mixin/]: Mixing features.textures.animations.tracking.SpriteContentsMixin from sodium-common.mixins.json into net.minecraft.client.renderer.texture.SpriteContents
[22May2025 19:33:32.081] [Render thread/DEBUG] [mixin/]: sodium-common.mixins.json:features.textures.animations.tracking.SpriteContentsMixin from mod sodium: Class version 65 required is higher than the class version supported by the current version of Mixin (JAVA_17 supports class version 61)
[22May2025 19:33:32.081] [Render thread/DEBUG] [mixin/]: Mixing features.textures.animations.upload.SpriteContentsAccessor from sodium-common.mixins.json into net.minecraft.client.renderer.texture.SpriteContents
[22May2025 19:33:32.081] [Render thread/DEBUG] [mixin/]: sodium-common.mixins.json:features.textures.animations.upload.SpriteContentsAccessor from mod sodium: Class version 65 required is higher than the class version supported by the current version of Mixin (JAVA_17 supports class version 61)
[22May2025 19:33:32.081] [Render thread/DEBUG] [mixin/]: Mixing features.textures.mipmaps.SpriteContentsMixin from sodium-common.mixins.json into net.minecraft.client.renderer.texture.SpriteContents
[22May2025 19:33:32.081] [Render thread/DEBUG] [mixin/]: sodium-common.mixins.json:features.textures.mipmaps.SpriteContentsMixin from mod sodium: Class version 65 required is higher than the class version supported by the current version of Mixin (JAVA_17 supports class version 61)
[22May2025 19:33:32.082] [Render thread/DEBUG] [mixin/]: Mixing features.textures.scan.SpriteContentsMixin from sodium-common.mixins.json into net.minecraft.client.renderer.texture.SpriteContents
[22May2025 19:33:32.082] [Render thread/DEBUG] [mixin/]: sodium-common.mixins.json:features.textures.scan.SpriteContentsMixin from mod sodium: Class version 65 required is higher than the class version supported by the current version of Mixin (JAVA_17 supports class version 61)
[22May2025 19:33:32.086] [Render thread/DEBUG] [mixin/]: mixins.iris.json:texture.MixinSpriteContents from mod iris->@Inject::onReturnCreateTicker(Lorg/spongepowered/asm/mixin/injection/callback/CallbackInfoReturnable;)V does use it's CallbackInfoReturnable
[22May2025 19:33:32.086] [Render thread/DEBUG] [mixin/]: mixins.iris.json:texture.pbr.MixinSpriteContents from mod iris->@Inject::iris$onTailClose(Lorg/spongepowered/asm/mixin/injection/callback/CallbackInfo;)V doesn't use it's CallbackInfo
[22May2025 19:33:32.086] [Render thread/DEBUG] [mixin/]: mixins.iris.json:texture.pbr.MixinSpriteContents from mod iris->@Inject::iris$onTailClose(Lorg/spongepowered/asm/mixin/injection/callback/CallbackInfo;)V has 0 override(s) in child classes
[22May2025 19:33:32.086] [Render thread/DEBUG] [mixin/]: mixins.iris.json:texture.pbr.MixinSpriteContents from mod iris->@Inject::iris$onTailClose(Lorg/spongepowered/asm/mixin/injection/callback/CallbackInfo;)V won't be passed a CallbackInfo as a result
[22May2025 19:33:32.086] [Render thread/DEBUG] [mixin/]: mixins.iris.json:texture.pbr.MixinSpriteContents from mod iris->@Inject::iris$onTailMarkActive(Lorg/spongepowered/asm/mixin/injection/callback/CallbackInfo;)V doesn't use it's CallbackInfo
[22May2025 19:33:32.086] [Render thread/DEBUG] [mixin/]: mixins.iris.json:texture.pbr.MixinSpriteContents from mod iris->@Inject::iris$onTailMarkActive(Lorg/spongepowered/asm/mixin/injection/callback/CallbackInfo;)V has 0 override(s) in child classes
[22May2025 19:33:32.086] [Render thread/DEBUG] [mixin/]: mixins.iris.json:texture.pbr.MixinSpriteContents from mod iris->@Inject::iris$onTailMarkActive(Lorg/spongepowered/asm/mixin/injection/callback/CallbackInfo;)V won't be passed a CallbackInfo as a result
[22May2025 19:33:32.103] [Render thread/DEBUG] [mixin/]: Mixing texture.SpriteContentsFrameInfoAccessor from mixins.iris.json into net.minecraft.client.renderer.texture.SpriteContents$FrameInfo
[22May2025 19:33:32.103] [Render thread/DEBUG] [mixin/]: mixins.iris.json:texture.SpriteContentsFrameInfoAccessor from mod iris: Class version 65 required is higher than the class version supported by the current version of Mixin (JAVA_8 supports class version 52)
[22May2025 19:33:32.103] [Render thread/DEBUG] [mixin/]: Mixing features.textures.animations.tracking.SpriteContentsFrameInfoAccessor from sodium-common.mixins.json into net.minecraft.client.renderer.texture.SpriteContents$FrameInfo
[22May2025 19:33:32.104] [Render thread/DEBUG] [mixin/]: sodium-common.mixins.json:features.textures.animations.tracking.SpriteContentsFrameInfoAccessor from mod sodium: Class version 65 required is higher than the class version supported by the current version of Mixin (JAVA_17 supports class version 61)
[22May2025 19:33:32.104] [Render thread/DEBUG] [mixin/]: Mixing features.textures.animations.upload.SpriteContentsFrameInfoAccessor from sodium-common.mixins.json into net.minecraft.client.renderer.texture.SpriteContents$FrameInfo
[22May2025 19:33:32.104] [Render thread/DEBUG] [mixin/]: sodium-common.mixins.json:features.textures.animations.upload.SpriteContentsFrameInfoAccessor from mod sodium: Class version 65 required is higher than the class version supported by the current version of Mixin (JAVA_17 supports class version 61)
[22May2025 19:33:32.104] [Render thread/DEBUG] [mixin/]: Unexpected: Registered method getIndex()I in net.minecraft.client.renderer.texture.SpriteContents$FrameInfo was not merged
[22May2025 19:33:32.104] [Render thread/DEBUG] [mixin/]: Unexpected: Registered method getTime()I in net.minecraft.client.renderer.texture.SpriteContents$FrameInfo was not merged
[22May2025 19:33:32.104] [Render thread/DEBUG] [mixin/]: Unexpected: Registered method getTime()I in net.minecraft.client.renderer.texture.SpriteContents$FrameInfo was not merged
[22May2025 19:33:32.113] [Worker-Main-6/INFO] [mekanism.common.Mekanism/]: Fake player readout: UUID = 46e82cd0-d480-3d48-800a-77431ede078e, name = [Mekanism]
[22May2025 19:33:32.113] [Worker-Main-6/INFO] [mekanism.common.Mekanism/]: Mod loaded.
[22May2025 19:33:32.114] [Worker-Main-6/INFO] [mekanism.common.Mekanism/]: Loaded 'Mekanism: Generators' module.
[22May2025 19:33:32.161] [Worker-Main-13/DEBUG] [mixin/]: Mixing texture.pbr.MixinDirectoryLister from mixins.iris.json into net.minecraft.client.renderer.texture.atlas.sources.DirectoryLister
[22May2025 19:33:32.161] [Worker-Main-13/DEBUG] [mixin/]: mixins.iris.json:texture.pbr.MixinDirectoryLister from mod iris: Class version 65 required is higher than the class version supported by the current version of Mixin (JAVA_8 supports class version 52)
[22May2025 19:33:32.161] [Worker-Main-13/DEBUG] [mixin/]: Renaming synthetic method lambda$iris$modifyForEachAction$0(Lnet/minecraft/server/packs/resources/ResourceManager;Ljava/util/function/BiConsumer;Lnet/minecraft/resources/ResourceLocation;Lnet/minecraft/server/packs/resources/Resource;)V to md60ac39$iris$lambda$iris$modifyForEachAction$0$0 in mixins.iris.json:texture.pbr.MixinDirectoryLister from mod iris
[22May2025 19:33:32.164] [Worker-Main-13/DEBUG] [mixin/]: ArgsClassGenerator assigning org.spongepowered.asm.synthetic.args.Args$1 for descriptor (Ljava/util/function/BiConsumer;)V
[22May2025 19:33:32.175] [Worker-Main-10/INFO] [net.minecraft.client.gui.font.providers.UnihexProvider/]: Found unifont_jp_patch-15.1.05.hex, loading
[22May2025 19:33:32.175] [Worker-Main-4/INFO] [net.minecraft.client.gui.font.providers.UnihexProvider/]: Found unifont_all_no_pua-15.1.05.hex, loading
[22May2025 19:33:32.220] [Worker-Main-6/ERROR] [net.minecraft.client.resources.model.ModelManager/]: Failed to load model enderio:models/block/athena/advanced_capacitor_bank_part.json
com.google.gson.JsonParseException: Model loader 'athena:athena' not found. Registered loaders: mekanism:transmitter, mekanism:energy_cube, endercore:modloaded, neoforge:empty, enderio:conduit_item, enderio:conduit, enderio:facades_item, neoforge:item_layers, enderio:painted_block, neoforge:separate_transforms, enderio:io_overlay, mekanism:data_based, mekanism:robit, neoforge:elements, neoforge:obj, neoforge:fluid_container, neoforge:composite
	at TRANSFORMER/neoforge@21.1.172/net.neoforged.neoforge.client.model.ExtendedBlockModelDeserializer.deserializeGeometry(ExtendedBlockModelDeserializer.java:102) ~[neoforge-21.1.172-minecraft.jar%23206!/:?]
	at TRANSFORMER/neoforge@21.1.172/net.neoforged.neoforge.client.model.ExtendedBlockModelDeserializer.deserialize(ExtendedBlockModelDeserializer.java:53) ~[neoforge-21.1.172-minecraft.jar%23206!/:?]
	at TRANSFORMER/neoforge@21.1.172/net.neoforged.neoforge.client.model.ExtendedBlockModelDeserializer.deserialize(ExtendedBlockModelDeserializer.java:37) ~[neoforge-21.1.172-minecraft.jar%23206!/:?]
	at MC-BOOTSTRAP/com.google.gson@2.10.1/com.google.gson.internal.bind.TreeTypeAdapter.read(TreeTypeAdapter.java:76) ~[gson-2.10.1.jar%23110!/:?]
	at TRANSFORMER/minecraft@1.21.1/net.minecraft.util.GsonHelper.fromNullableJson(GsonHelper.java:432) ~[neoforge-21.1.172-minecraft.jar%23205!/:?]
	at TRANSFORMER/minecraft@1.21.1/net.minecraft.util.GsonHelper.fromJson(GsonHelper.java:439) ~[neoforge-21.1.172-minecraft.jar%23205!/:?]
	at TRANSFORMER/minecraft@1.21.1/net.minecraft.util.GsonHelper.fromJson(GsonHelper.java:491) ~[neoforge-21.1.172-minecraft.jar%23205!/:?]
	at TRANSFORMER/minecraft@1.21.1/net.minecraft.client.renderer.block.model.BlockModel.fromStream(BlockModel.java:83) ~[neoforge-21.1.172-minecraft.jar%23205!/:?]
	at TRANSFORMER/minecraft@1.21.1/net.minecraft.client.resources.model.ModelManager.lambda$loadBlockModels$8(ModelManager.java:144) ~[neoforge-21.1.172-minecraft.jar%23205!/:?]
	at java.base/java.util.concurrent.CompletableFuture$AsyncSupply.run(CompletableFuture.java:1768) [?:?]
	at java.base/java.util.concurrent.CompletableFuture$AsyncSupply.exec(CompletableFuture.java:1760) [?:?]
	at java.base/java.util.concurrent.ForkJoinTask.doExec(ForkJoinTask.java:387) [?:?]
	at java.base/java.util.concurrent.ForkJoinPool$WorkQueue.topLevelExec(ForkJoinPool.java:1312) [?:?]
	at java.base/java.util.concurrent.ForkJoinPool.scan(ForkJoinPool.java:1843) [?:?]
	at java.base/java.util.concurrent.ForkJoinPool.runWorker(ForkJoinPool.java:1808) [?:?]
	at java.base/java.util.concurrent.ForkJoinWorkerThread.run(ForkJoinWorkerThread.java:188) [?:?]
[22May2025 19:33:32.223] [Worker-Main-6/ERROR] [net.minecraft.client.resources.model.ModelManager/]: Failed to load model enderio:models/block/athena/basic_capacitor_bank_part.json
com.google.gson.JsonParseException: Model loader 'athena:athena' not found. Registered loaders: mekanism:transmitter, mekanism:energy_cube, endercore:modloaded, neoforge:empty, enderio:conduit_item, enderio:conduit, enderio:facades_item, neoforge:item_layers, enderio:painted_block, neoforge:separate_transforms, enderio:io_overlay, mekanism:data_based, mekanism:robit, neoforge:elements, neoforge:obj, neoforge:fluid_container, neoforge:composite
	at TRANSFORMER/neoforge@21.1.172/net.neoforged.neoforge.client.model.ExtendedBlockModelDeserializer.deserializeGeometry(ExtendedBlockModelDeserializer.java:102) ~[neoforge-21.1.172-minecraft.jar%23206!/:?]
	at TRANSFORMER/neoforge@21.1.172/net.neoforged.neoforge.client.model.ExtendedBlockModelDeserializer.deserialize(ExtendedBlockModelDeserializer.java:53) ~[neoforge-21.1.172-minecraft.jar%23206!/:?]
	at TRANSFORMER/neoforge@21.1.172/net.neoforged.neoforge.client.model.ExtendedBlockModelDeserializer.deserialize(ExtendedBlockModelDeserializer.java:37) ~[neoforge-21.1.172-minecraft.jar%23206!/:?]
	at MC-BOOTSTRAP/com.google.gson@2.10.1/com.google.gson.internal.bind.TreeTypeAdapter.read(TreeTypeAdapter.java:76) ~[gson-2.10.1.jar%23110!/:?]
	at TRANSFORMER/minecraft@1.21.1/net.minecraft.util.GsonHelper.fromNullableJson(GsonHelper.java:432) ~[neoforge-21.1.172-minecraft.jar%23205!/:?]
	at TRANSFORMER/minecraft@1.21.1/net.minecraft.util.GsonHelper.fromJson(GsonHelper.java:439) ~[neoforge-21.1.172-minecraft.jar%23205!/:?]
	at TRANSFORMER/minecraft@1.21.1/net.minecraft.util.GsonHelper.fromJson(GsonHelper.java:491) ~[neoforge-21.1.172-minecraft.jar%23205!/:?]
	at TRANSFORMER/minecraft@1.21.1/net.minecraft.client.renderer.block.model.BlockModel.fromStream(BlockModel.java:83) ~[neoforge-21.1.172-minecraft.jar%23205!/:?]
	at TRANSFORMER/minecraft@1.21.1/net.minecraft.client.resources.model.ModelManager.lambda$loadBlockModels$8(ModelManager.java:144) ~[neoforge-21.1.172-minecraft.jar%23205!/:?]
	at java.base/java.util.concurrent.CompletableFuture$AsyncSupply.run(CompletableFuture.java:1768) [?:?]
	at java.base/java.util.concurrent.CompletableFuture$AsyncSupply.exec(CompletableFuture.java:1760) [?:?]
	at java.base/java.util.concurrent.ForkJoinTask.doExec(ForkJoinTask.java:387) [?:?]
	at java.base/java.util.concurrent.ForkJoinPool$WorkQueue.topLevelExec(ForkJoinPool.java:1312) [?:?]
	at java.base/java.util.concurrent.ForkJoinPool.scan(ForkJoinPool.java:1843) [?:?]
	at java.base/java.util.concurrent.ForkJoinPool.runWorker(ForkJoinPool.java:1808) [?:?]
	at java.base/java.util.concurrent.ForkJoinWorkerThread.run(ForkJoinWorkerThread.java:188) [?:?]
[22May2025 19:33:32.225] [Worker-Main-6/ERROR] [net.minecraft.client.resources.model.ModelManager/]: Failed to load model enderio:models/block/athena/vibrant_capacitor_bank_part.json
com.google.gson.JsonParseException: Model loader 'athena:athena' not found. Registered loaders: mekanism:transmitter, mekanism:energy_cube, endercore:modloaded, neoforge:empty, enderio:conduit_item, enderio:conduit, enderio:facades_item, neoforge:item_layers, enderio:painted_block, neoforge:separate_transforms, enderio:io_overlay, mekanism:data_based, mekanism:robit, neoforge:elements, neoforge:obj, neoforge:fluid_container, neoforge:composite
	at TRANSFORMER/neoforge@21.1.172/net.neoforged.neoforge.client.model.ExtendedBlockModelDeserializer.deserializeGeometry(ExtendedBlockModelDeserializer.java:102) ~[neoforge-21.1.172-minecraft.jar%23206!/:?]
	at TRANSFORMER/neoforge@21.1.172/net.neoforged.neoforge.client.model.ExtendedBlockModelDeserializer.deserialize(ExtendedBlockModelDeserializer.java:53) ~[neoforge-21.1.172-minecraft.jar%23206!/:?]
	at TRANSFORMER/neoforge@21.1.172/net.neoforged.neoforge.client.model.ExtendedBlockModelDeserializer.deserialize(ExtendedBlockModelDeserializer.java:37) ~[neoforge-21.1.172-minecraft.jar%23206!/:?]
	at MC-BOOTSTRAP/com.google.gson@2.10.1/com.google.gson.internal.bind.TreeTypeAdapter.read(TreeTypeAdapter.java:76) ~[gson-2.10.1.jar%23110!/:?]
	at TRANSFORMER/minecraft@1.21.1/net.minecraft.util.GsonHelper.fromNullableJson(GsonHelper.java:432) ~[neoforge-21.1.172-minecraft.jar%23205!/:?]
	at TRANSFORMER/minecraft@1.21.1/net.minecraft.util.GsonHelper.fromJson(GsonHelper.java:439) ~[neoforge-21.1.172-minecraft.jar%23205!/:?]
	at TRANSFORMER/minecraft@1.21.1/net.minecraft.util.GsonHelper.fromJson(GsonHelper.java:491) ~[neoforge-21.1.172-minecraft.jar%23205!/:?]
	at TRANSFORMER/minecraft@1.21.1/net.minecraft.client.renderer.block.model.BlockModel.fromStream(BlockModel.java:83) ~[neoforge-21.1.172-minecraft.jar%23205!/:?]
	at TRANSFORMER/minecraft@1.21.1/net.minecraft.client.resources.model.ModelManager.lambda$loadBlockModels$8(ModelManager.java:144) ~[neoforge-21.1.172-minecraft.jar%23205!/:?]
	at java.base/java.util.concurrent.CompletableFuture$AsyncSupply.run(CompletableFuture.java:1768) [?:?]
	at java.base/java.util.concurrent.CompletableFuture$AsyncSupply.exec(CompletableFuture.java:1760) [?:?]
	at java.base/java.util.concurrent.ForkJoinTask.doExec(ForkJoinTask.java:387) [?:?]
	at java.base/java.util.concurrent.ForkJoinPool$WorkQueue.topLevelExec(ForkJoinPool.java:1312) [?:?]
	at java.base/java.util.concurrent.ForkJoinPool.scan(ForkJoinPool.java:1843) [?:?]
	at java.base/java.util.concurrent.ForkJoinPool.runWorker(ForkJoinPool.java:1808) [?:?]
	at java.base/java.util.concurrent.ForkJoinWorkerThread.run(ForkJoinWorkerThread.java:188) [?:?]
[22May2025 19:33:32.268] [Worker-Main-5/DEBUG] [mixin/]: Mixing features.textures.mipmaps.MipmapGeneratorMixin from sodium-common.mixins.json into net.minecraft.client.renderer.texture.MipmapGenerator
[22May2025 19:33:32.268] [Worker-Main-5/DEBUG] [mixin/]: sodium-common.mixins.json:features.textures.mipmaps.MipmapGeneratorMixin from mod sodium: Class version 65 required is higher than the class version supported by the current version of Mixin (JAVA_17 supports class version 61)
[22May2025 19:33:32.273] [Worker-Main-13/DEBUG] [mixin/]: Mixing texture.SpriteContentsAnimatedTextureAccessor from mixins.iris.json into net.minecraft.client.renderer.texture.SpriteContents$AnimatedTexture
[22May2025 19:33:32.273] [Worker-Main-13/DEBUG] [mixin/]: mixins.iris.json:texture.SpriteContentsAnimatedTextureAccessor from mod iris: Class version 65 required is higher than the class version supported by the current version of Mixin (JAVA_8 supports class version 52)
[22May2025 19:33:32.274] [Worker-Main-13/DEBUG] [mixin/]: Mixing features.textures.animations.tracking.AnimatedTextureAccessor from sodium-common.mixins.json into net.minecraft.client.renderer.texture.SpriteContents$AnimatedTexture
[22May2025 19:33:32.274] [Worker-Main-13/DEBUG] [mixin/]: sodium-common.mixins.json:features.textures.animations.tracking.AnimatedTextureAccessor from mod sodium: Class version 65 required is higher than the class version supported by the current version of Mixin (JAVA_17 supports class version 61)
[22May2025 19:33:32.274] [Worker-Main-13/DEBUG] [mixin/]: Mixing features.textures.animations.upload.SpriteContentsAnimatedTextureAccessor from sodium-common.mixins.json into net.minecraft.client.renderer.texture.SpriteContents$AnimatedTexture
[22May2025 19:33:32.274] [Worker-Main-13/DEBUG] [mixin/]: sodium-common.mixins.json:features.textures.animations.upload.SpriteContentsAnimatedTextureAccessor from mod sodium: Class version 65 required is higher than the class version supported by the current version of Mixin (JAVA_17 supports class version 61)
[22May2025 19:33:32.274] [Worker-Main-13/DEBUG] [mixin/]: Unexpected: Registered method getFrames()Ljava/util/List; in net.minecraft.client.renderer.texture.SpriteContents$AnimatedTexture was not merged
[22May2025 19:33:32.274] [Worker-Main-13/DEBUG] [mixin/]: Unexpected: Registered method getFrames()Ljava/util/List; in net.minecraft.client.renderer.texture.SpriteContents$AnimatedTexture was not merged
[22May2025 19:33:32.287] [Render thread/DEBUG] [net.neoforged.fml.DeferredWorkQueue/LOADING]: Dispatching synchronous work for work queue Common setup: 4 jobs
[22May2025 19:33:32.448] [Worker-Main-13/WARN] [net.minecraft.client.renderer.texture.SpriteContents/]: Unused frames in sprite enderio:block/primitive_alloy_smelter_front_active: [4, 5]
[22May2025 19:33:32.576] [Worker-Main-5/WARN] [net.minecraft.client.renderer.texture.SpriteContents/]: Unused frames in sprite enderio:block/alloy_smelter_front_active: [4, 5]
[22May2025 19:33:32.611] [Render thread/DEBUG] [net.neoforged.fml.DeferredWorkQueue/LOADING]: Synchronous work queue completed in 323.6 ms
[22May2025 19:33:32.619] [Render thread/DEBUG] [mixin/]: Mixing fog.MixinFogRenderer from sodium-extra.mixins.json into net.minecraft.client.renderer.FogRenderer
[22May2025 19:33:32.620] [Render thread/DEBUG] [mixin/]: sodium-extra.mixins.json:fog.MixinFogRenderer from mod sodium_extra: Class version 65 required is higher than the class version supported by the current version of Mixin (JAVA_17 supports class version 61)
[22May2025 19:33:32.622] [Render thread/DEBUG] [mixin/]: Mixing fog_falloff.MixinFogRenderer from sodium-extra.mixins.json into net.minecraft.client.renderer.FogRenderer
[22May2025 19:33:32.622] [Render thread/DEBUG] [mixin/]: sodium-extra.mixins.json:fog_falloff.MixinFogRenderer from mod sodium_extra: Class version 65 required is higher than the class version supported by the current version of Mixin (JAVA_17 supports class version 61)
[22May2025 19:33:32.622] [Render thread/DEBUG] [mixin/]: Mixing MixinFogRenderer from mixins.iris.json into net.minecraft.client.renderer.FogRenderer
[22May2025 19:33:32.622] [Render thread/DEBUG] [mixin/]: mixins.iris.json:MixinFogRenderer from mod iris: Class version 65 required is higher than the class version supported by the current version of Mixin (JAVA_8 supports class version 52)
[22May2025 19:33:32.626] [Render thread/DEBUG] [mixin/]: sodium-extra.mixins.json:fog.MixinFogRenderer from mod sodium_extra->@Inject::applyFog(Lnet/minecraft/client/Camera;Lnet/minecraft/client/renderer/FogRenderer$FogMode;FZFLorg/spongepowered/asm/mixin/injection/callback/CallbackInfo;)V doesn't use it's CallbackInfo
[22May2025 19:33:32.627] [Render thread/DEBUG] [mixin/]: mixins.iris.json:MixinFogRenderer from mod iris->@Inject::iris$setupLegacyWaterFog(Lnet/minecraft/client/Camera;Lnet/minecraft/client/renderer/FogRenderer$FogMode;FZFLorg/spongepowered/asm/mixin/injection/callback/CallbackInfo;)V doesn't use it's CallbackInfo
[22May2025 19:33:32.627] [Render thread/DEBUG] [mixin/]: mixins.iris.json:MixinFogRenderer from mod iris->@Inject::render(Lnet/minecraft/client/Camera;FLnet/minecraft/client/multiplayer/ClientLevel;IFLorg/spongepowered/asm/mixin/injection/callback/CallbackInfo;)V doesn't use it's CallbackInfo
[22May2025 19:33:32.634] [Worker-Main-3/WARN] [net.minecraft.client.renderer.texture.SpriteContents/]: Unused frames in sprite justdirethings:item/creaturecatcher_side_animation: [8]
[22May2025 19:33:32.658] [Worker-Main-14/WARN] [net.minecraft.client.renderer.texture.SpriteContents/]: Unused frames in sprite justdirethings:item/creaturecatcher_top_animation: [8]
[22May2025 19:33:32.671] [Worker-Main-3/DEBUG] [mixin/]: Mixing MixinItemBlockRenderTypes from mixins.iris.json into net.minecraft.client.renderer.ItemBlockRenderTypes
[22May2025 19:33:32.672] [Worker-Main-3/DEBUG] [mixin/]: mixins.iris.json:MixinItemBlockRenderTypes from mod iris: Class version 65 required is higher than the class version supported by the current version of Mixin (JAVA_8 supports class version 52)
[22May2025 19:33:32.673] [Worker-Main-3/DEBUG] [mixin/]: Mixing MixinItemBlockRenderTypes from mixins.iris.forge.json into net.minecraft.client.renderer.ItemBlockRenderTypes
[22May2025 19:33:32.673] [Worker-Main-3/DEBUG] [mixin/]: mixins.iris.forge.json:MixinItemBlockRenderTypes from mod iris: Class version 65 required is higher than the class version supported by the current version of Mixin (JAVA_8 supports class version 52)
[22May2025 19:33:32.674] [Worker-Main-3/DEBUG] [mixin/]: Mixing features.options.render_layers.ItemBlockRenderTypesMixin from sodium-common.mixins.json into net.minecraft.client.renderer.ItemBlockRenderTypes
[22May2025 19:33:32.674] [Worker-Main-3/DEBUG] [mixin/]: sodium-common.mixins.json:features.options.render_layers.ItemBlockRenderTypesMixin from mod sodium: Class version 65 required is higher than the class version supported by the current version of Mixin (JAVA_17 supports class version 61)
[22May2025 19:33:32.674] [Worker-Main-3/DEBUG] [mixin/]: Mixing features.render.model.ItemBlockRenderTypesMixin from sodium-common.mixins.json into net.minecraft.client.renderer.ItemBlockRenderTypes
[22May2025 19:33:32.674] [Worker-Main-3/DEBUG] [mixin/]: sodium-common.mixins.json:features.render.model.ItemBlockRenderTypesMixin from mod sodium: Class version 65 required is higher than the class version supported by the current version of Mixin (JAVA_17 supports class version 61)
[22May2025 19:33:32.677] [Worker-Main-3/DEBUG] [mixin/]: mixins.iris.json:MixinItemBlockRenderTypes from mod iris->@Inject::iris$setCustomRenderType(Lnet/minecraft/world/level/block/state/BlockState;Lorg/spongepowered/asm/mixin/injection/callback/CallbackInfoReturnable;)V does use it's CallbackInfoReturnable
[22May2025 19:33:32.677] [Worker-Main-3/DEBUG] [mixin/]: mixins.iris.forge.json:MixinItemBlockRenderTypes from mod iris->@Inject::iris$setCustomRenderType(Lnet/minecraft/world/level/block/state/BlockState;Lorg/spongepowered/asm/mixin/injection/callback/CallbackInfoReturnable;)V does use it's CallbackInfoReturnable
[22May2025 19:33:32.677] [Worker-Main-3/DEBUG] [mixin/]: sodium-common.mixins.json:features.options.render_layers.ItemBlockRenderTypesMixin from mod sodium->@Inject::onSetFancyGraphicsOrBetter(ZLorg/spongepowered/asm/mixin/injection/callback/CallbackInfo;)V doesn't use it's CallbackInfo
[22May2025 19:33:32.696] [Worker-Main-3/DEBUG] [mixin/]: Mixing platform.neoforge.ChunkRenderTypeSetAccessor from sodium-neoforge.mixins.json into net.neoforged.neoforge.client.ChunkRenderTypeSet
[22May2025 19:33:32.696] [Worker-Main-3/DEBUG] [mixin/]: sodium-neoforge.mixins.json:platform.neoforge.ChunkRenderTypeSetAccessor from mod sodium: Class version 65 required is higher than the class version supported by the current version of Mixin (JAVA_17 supports class version 61)
[22May2025 19:33:32.697] [Worker-Main-3/DEBUG] [mixin/]: Renaming @Invoker method create(Ljava/util/BitSet;)Lnet/neoforged/neoforge/client/ChunkRenderTypeSet; to create$sodium_$md$60ac39$0 in sodium-neoforge.mixins.json:platform.neoforge.ChunkRenderTypeSetAccessor from mod sodium
[22May2025 19:33:32.800] [Render thread/DEBUG] [net.neoforged.fml.DeferredWorkQueue/LOADING]: Dispatching synchronous work for work queue Sided setup: 6 jobs
[22May2025 19:33:32.814] [Render thread/DEBUG] [net.neoforged.fml.DeferredWorkQueue/LOADING]: Synchronous work queue completed in 12.43 ms
[22May2025 19:33:33.090] [Worker-Main-6/WARN] [net.minecraft.client.resources.model.BlockStateModelLoader/]: Exception loading blockstate definition: 'industrialforegoing:blockstates/latex.json' missing model for variant: 'industrialforegoing:latex#level=12'
[22May2025 19:33:33.090] [Worker-Main-6/WARN] [net.minecraft.client.resources.model.BlockStateModelLoader/]: Exception loading blockstate definition: 'industrialforegoing:blockstates/latex.json' missing model for variant: 'industrialforegoing:latex#level=11'
[22May2025 19:33:33.090] [Worker-Main-6/WARN] [net.minecraft.client.resources.model.BlockStateModelLoader/]: Exception loading blockstate definition: 'industrialforegoing:blockstates/latex.json' missing model for variant: 'industrialforegoing:latex#level=14'
[22May2025 19:33:33.090] [Worker-Main-6/WARN] [net.minecraft.client.resources.model.BlockStateModelLoader/]: Exception loading blockstate definition: 'industrialforegoing:blockstates/latex.json' missing model for variant: 'industrialforegoing:latex#level=13'
[22May2025 19:33:33.090] [Worker-Main-6/WARN] [net.minecraft.client.resources.model.BlockStateModelLoader/]: Exception loading blockstate definition: 'industrialforegoing:blockstates/latex.json' missing model for variant: 'industrialforegoing:latex#level=6'
[22May2025 19:33:33.090] [Worker-Main-6/WARN] [net.minecraft.client.resources.model.BlockStateModelLoader/]: Exception loading blockstate definition: 'industrialforegoing:blockstates/latex.json' missing model for variant: 'industrialforegoing:latex#level=7'
[22May2025 19:33:33.090] [Worker-Main-6/WARN] [net.minecraft.client.resources.model.BlockStateModelLoader/]: Exception loading blockstate definition: 'industrialforegoing:blockstates/latex.json' missing model for variant: 'industrialforegoing:latex#level=8'
[22May2025 19:33:33.090] [Worker-Main-6/WARN] [net.minecraft.client.resources.model.BlockStateModelLoader/]: Exception loading blockstate definition: 'industrialforegoing:blockstates/latex.json' missing model for variant: 'industrialforegoing:latex#level=10'
[22May2025 19:33:33.090] [Worker-Main-6/WARN] [net.minecraft.client.resources.model.BlockStateModelLoader/]: Exception loading blockstate definition: 'industrialforegoing:blockstates/latex.json' missing model for variant: 'industrialforegoing:latex#level=9'
[22May2025 19:33:33.090] [Worker-Main-6/WARN] [net.minecraft.client.resources.model.BlockStateModelLoader/]: Exception loading blockstate definition: 'industrialforegoing:blockstates/latex.json' missing model for variant: 'industrialforegoing:latex#level=2'
[22May2025 19:33:33.090] [Worker-Main-6/WARN] [net.minecraft.client.resources.model.BlockStateModelLoader/]: Exception loading blockstate definition: 'industrialforegoing:blockstates/latex.json' missing model for variant: 'industrialforegoing:latex#level=3'
[22May2025 19:33:33.091] [Worker-Main-6/WARN] [net.minecraft.client.resources.model.BlockStateModelLoader/]: Exception loading blockstate definition: 'industrialforegoing:blockstates/latex.json' missing model for variant: 'industrialforegoing:latex#level=4'
[22May2025 19:33:33.091] [Worker-Main-6/WARN] [net.minecraft.client.resources.model.BlockStateModelLoader/]: Exception loading blockstate definition: 'industrialforegoing:blockstates/latex.json' missing model for variant: 'industrialforegoing:latex#level=5'
[22May2025 19:33:33.091] [Worker-Main-6/WARN] [net.minecraft.client.resources.model.BlockStateModelLoader/]: Exception loading blockstate definition: 'industrialforegoing:blockstates/latex.json' missing model for variant: 'industrialforegoing:latex#level=15'
[22May2025 19:33:33.091] [Worker-Main-6/WARN] [net.minecraft.client.resources.model.BlockStateModelLoader/]: Exception loading blockstate definition: 'industrialforegoing:blockstates/latex.json' missing model for variant: 'industrialforegoing:latex#level=0'
[22May2025 19:33:33.091] [Worker-Main-6/WARN] [net.minecraft.client.resources.model.BlockStateModelLoader/]: Exception loading blockstate definition: 'industrialforegoing:blockstates/latex.json' missing model for variant: 'industrialforegoing:latex#level=1'
[22May2025 19:33:33.091] [Worker-Main-6/WARN] [net.minecraft.client.resources.model.BlockStateModelLoader/]: Exception loading blockstate definition: 'industrialforegoing:blockstates/meat.json' missing model for variant: 'industrialforegoing:meat#level=2'
[22May2025 19:33:33.091] [Worker-Main-6/WARN] [net.minecraft.client.resources.model.BlockStateModelLoader/]: Exception loading blockstate definition: 'industrialforegoing:blockstates/meat.json' missing model for variant: 'industrialforegoing:meat#level=1'
[22May2025 19:33:33.091] [Worker-Main-6/WARN] [net.minecraft.client.resources.model.BlockStateModelLoader/]: Exception loading blockstate definition: 'industrialforegoing:blockstates/meat.json' missing model for variant: 'industrialforegoing:meat#level=0'
[22May2025 19:33:33.091] [Worker-Main-6/WARN] [net.minecraft.client.resources.model.BlockStateModelLoader/]: Exception loading blockstate definition: 'industrialforegoing:blockstates/meat.json' missing model for variant: 'industrialforegoing:meat#level=6'
[22May2025 19:33:33.091] [Worker-Main-6/WARN] [net.minecraft.client.resources.model.BlockStateModelLoader/]: Exception loading blockstate definition: 'industrialforegoing:blockstates/meat.json' missing model for variant: 'industrialforegoing:meat#level=5'
[22May2025 19:33:33.091] [Worker-Main-6/WARN] [net.minecraft.client.resources.model.BlockStateModelLoader/]: Exception loading blockstate definition: 'industrialforegoing:blockstates/meat.json' missing model for variant: 'industrialforegoing:meat#level=4'
[22May2025 19:33:33.091] [Worker-Main-6/WARN] [net.minecraft.client.resources.model.BlockStateModelLoader/]: Exception loading blockstate definition: 'industrialforegoing:blockstates/meat.json' missing model for variant: 'industrialforegoing:meat#level=3'
[22May2025 19:33:33.091] [Worker-Main-6/WARN] [net.minecraft.client.resources.model.BlockStateModelLoader/]: Exception loading blockstate definition: 'industrialforegoing:blockstates/meat.json' missing model for variant: 'industrialforegoing:meat#level=12'
[22May2025 19:33:33.091] [Worker-Main-6/WARN] [net.minecraft.client.resources.model.BlockStateModelLoader/]: Exception loading blockstate definition: 'industrialforegoing:blockstates/meat.json' missing model for variant: 'industrialforegoing:meat#level=9'
[22May2025 19:33:33.091] [Worker-Main-6/WARN] [net.minecraft.client.resources.model.BlockStateModelLoader/]: Exception loading blockstate definition: 'industrialforegoing:blockstates/meat.json' missing model for variant: 'industrialforegoing:meat#level=13'
[22May2025 19:33:33.091] [Worker-Main-6/WARN] [net.minecraft.client.resources.model.BlockStateModelLoader/]: Exception loading blockstate definition: 'industrialforegoing:blockstates/meat.json' missing model for variant: 'industrialforegoing:meat#level=8'
[22May2025 19:33:33.091] [Worker-Main-6/WARN] [net.minecraft.client.resources.model.BlockStateModelLoader/]: Exception loading blockstate definition: 'industrialforegoing:blockstates/meat.json' missing model for variant: 'industrialforegoing:meat#level=14'
[22May2025 19:33:33.091] [Worker-Main-6/WARN] [net.minecraft.client.resources.model.BlockStateModelLoader/]: Exception loading blockstate definition: 'industrialforegoing:blockstates/meat.json' missing model for variant: 'industrialforegoing:meat#level=7'
[22May2025 19:33:33.091] [Worker-Main-6/WARN] [net.minecraft.client.resources.model.BlockStateModelLoader/]: Exception loading blockstate definition: 'industrialforegoing:blockstates/meat.json' missing model for variant: 'industrialforegoing:meat#level=15'
[22May2025 19:33:33.091] [Worker-Main-6/WARN] [net.minecraft.client.resources.model.BlockStateModelLoader/]: Exception loading blockstate definition: 'industrialforegoing:blockstates/meat.json' missing model for variant: 'industrialforegoing:meat#level=10'
[22May2025 19:33:33.091] [Worker-Main-6/WARN] [net.minecraft.client.resources.model.BlockStateModelLoader/]: Exception loading blockstate definition: 'industrialforegoing:blockstates/meat.json' missing model for variant: 'industrialforegoing:meat#level=11'
[22May2025 19:33:33.091] [Worker-Main-6/WARN] [net.minecraft.client.resources.model.BlockStateModelLoader/]: Exception loading blockstate definition: 'industrialforegoing:blockstates/sewage.json' missing model for variant: 'industrialforegoing:sewage#level=2'
[22May2025 19:33:33.091] [Worker-Main-6/WARN] [net.minecraft.client.resources.model.BlockStateModelLoader/]: Exception loading blockstate definition: 'industrialforegoing:blockstates/sewage.json' missing model for variant: 'industrialforegoing:sewage#level=3'
[22May2025 19:33:33.091] [Worker-Main-6/WARN] [net.minecraft.client.resources.model.BlockStateModelLoader/]: Exception loading blockstate definition: 'industrialforegoing:blockstates/sewage.json' missing model for variant: 'industrialforegoing:sewage#level=4'
[22May2025 19:33:33.091] [Worker-Main-6/WARN] [net.minecraft.client.resources.model.BlockStateModelLoader/]: Exception loading blockstate definition: 'industrialforegoing:blockstates/sewage.json' missing model for variant: 'industrialforegoing:sewage#level=5'
[22May2025 19:33:33.091] [Worker-Main-6/WARN] [net.minecraft.client.resources.model.BlockStateModelLoader/]: Exception loading blockstate definition: 'industrialforegoing:blockstates/sewage.json' missing model for variant: 'industrialforegoing:sewage#level=15'
[22May2025 19:33:33.091] [Worker-Main-6/WARN] [net.minecraft.client.resources.model.BlockStateModelLoader/]: Exception loading blockstate definition: 'industrialforegoing:blockstates/sewage.json' missing model for variant: 'industrialforegoing:sewage#level=0'
[22May2025 19:33:33.091] [Worker-Main-6/WARN] [net.minecraft.client.resources.model.BlockStateModelLoader/]: Exception loading blockstate definition: 'industrialforegoing:blockstates/sewage.json' missing model for variant: 'industrialforegoing:sewage#level=1'
[22May2025 19:33:33.091] [Worker-Main-6/WARN] [net.minecraft.client.resources.model.BlockStateModelLoader/]: Exception loading blockstate definition: 'industrialforegoing:blockstates/sewage.json' missing model for variant: 'industrialforegoing:sewage#level=12'
[22May2025 19:33:33.091] [Worker-Main-6/WARN] [net.minecraft.client.resources.model.BlockStateModelLoader/]: Exception loading blockstate definition: 'industrialforegoing:blockstates/sewage.json' missing model for variant: 'industrialforegoing:sewage#level=11'
[22May2025 19:33:33.092] [Worker-Main-6/WARN] [net.minecraft.client.resources.model.BlockStateModelLoader/]: Exception loading blockstate definition: 'industrialforegoing:blockstates/sewage.json' missing model for variant: 'industrialforegoing:sewage#level=14'
[22May2025 19:33:33.092] [Worker-Main-6/WARN] [net.minecraft.client.resources.model.BlockStateModelLoader/]: Exception loading blockstate definition: 'industrialforegoing:blockstates/sewage.json' missing model for variant: 'industrialforegoing:sewage#level=13'
[22May2025 19:33:33.092] [Worker-Main-6/WARN] [net.minecraft.client.resources.model.BlockStateModelLoader/]: Exception loading blockstate definition: 'industrialforegoing:blockstates/sewage.json' missing model for variant: 'industrialforegoing:sewage#level=6'
[22May2025 19:33:33.092] [Worker-Main-6/WARN] [net.minecraft.client.resources.model.BlockStateModelLoader/]: Exception loading blockstate definition: 'industrialforegoing:blockstates/sewage.json' missing model for variant: 'industrialforegoing:sewage#level=7'
[22May2025 19:33:33.092] [Worker-Main-6/WARN] [net.minecraft.client.resources.model.BlockStateModelLoader/]: Exception loading blockstate definition: 'industrialforegoing:blockstates/sewage.json' missing model for variant: 'industrialforegoing:sewage#level=8'
[22May2025 19:33:33.092] [Worker-Main-6/WARN] [net.minecraft.client.resources.model.BlockStateModelLoader/]: Exception loading blockstate definition: 'industrialforegoing:blockstates/sewage.json' missing model for variant: 'industrialforegoing:sewage#level=10'
[22May2025 19:33:33.092] [Worker-Main-6/WARN] [net.minecraft.client.resources.model.BlockStateModelLoader/]: Exception loading blockstate definition: 'industrialforegoing:blockstates/sewage.json' missing model for variant: 'industrialforegoing:sewage#level=9'
[22May2025 19:33:33.092] [Worker-Main-6/WARN] [net.minecraft.client.resources.model.BlockStateModelLoader/]: Exception loading blockstate definition: 'industrialforegoing:blockstates/essence.json' missing model for variant: 'industrialforegoing:essence#level=13'
[22May2025 19:33:33.092] [Worker-Main-6/WARN] [net.minecraft.client.resources.model.BlockStateModelLoader/]: Exception loading blockstate definition: 'industrialforegoing:blockstates/essence.json' missing model for variant: 'industrialforegoing:essence#level=14'
[22May2025 19:33:33.092] [Worker-Main-6/WARN] [net.minecraft.client.resources.model.BlockStateModelLoader/]: Exception loading blockstate definition: 'industrialforegoing:blockstates/essence.json' missing model for variant: 'industrialforegoing:essence#level=15'
[22May2025 19:33:33.092] [Worker-Main-6/WARN] [net.minecraft.client.resources.model.BlockStateModelLoader/]: Exception loading blockstate definition: 'industrialforegoing:blockstates/essence.json' missing model for variant: 'industrialforegoing:essence#level=3'
[22May2025 19:33:33.092] [Worker-Main-6/WARN] [net.minecraft.client.resources.model.BlockStateModelLoader/]: Exception loading blockstate definition: 'industrialforegoing:blockstates/essence.json' missing model for variant: 'industrialforegoing:essence#level=2'
[22May2025 19:33:33.092] [Worker-Main-6/WARN] [net.minecraft.client.resources.model.BlockStateModelLoader/]: Exception loading blockstate definition: 'industrialforegoing:blockstates/essence.json' missing model for variant: 'industrialforegoing:essence#level=1'
[22May2025 19:33:33.092] [Worker-Main-6/WARN] [net.minecraft.client.resources.model.BlockStateModelLoader/]: Exception loading blockstate definition: 'industrialforegoing:blockstates/essence.json' missing model for variant: 'industrialforegoing:essence#level=0'
[22May2025 19:33:33.092] [Worker-Main-6/WARN] [net.minecraft.client.resources.model.BlockStateModelLoader/]: Exception loading blockstate definition: 'industrialforegoing:blockstates/essence.json' missing model for variant: 'industrialforegoing:essence#level=9'
[22May2025 19:33:33.092] [Worker-Main-6/WARN] [net.minecraft.client.resources.model.BlockStateModelLoader/]: Exception loading blockstate definition: 'industrialforegoing:blockstates/essence.json' missing model for variant: 'industrialforegoing:essence#level=8'
[22May2025 19:33:33.092] [Worker-Main-6/WARN] [net.minecraft.client.resources.model.BlockStateModelLoader/]: Exception loading blockstate definition: 'industrialforegoing:blockstates/essence.json' missing model for variant: 'industrialforegoing:essence#level=7'
[22May2025 19:33:33.092] [Worker-Main-6/WARN] [net.minecraft.client.resources.model.BlockStateModelLoader/]: Exception loading blockstate definition: 'industrialforegoing:blockstates/essence.json' missing model for variant: 'industrialforegoing:essence#level=6'
[22May2025 19:33:33.092] [Worker-Main-6/WARN] [net.minecraft.client.resources.model.BlockStateModelLoader/]: Exception loading blockstate definition: 'industrialforegoing:blockstates/essence.json' missing model for variant: 'industrialforegoing:essence#level=5'
[22May2025 19:33:33.092] [Worker-Main-6/WARN] [net.minecraft.client.resources.model.BlockStateModelLoader/]: Exception loading blockstate definition: 'industrialforegoing:blockstates/essence.json' missing model for variant: 'industrialforegoing:essence#level=4'
[22May2025 19:33:33.092] [Worker-Main-6/WARN] [net.minecraft.client.resources.model.BlockStateModelLoader/]: Exception loading blockstate definition: 'industrialforegoing:blockstates/essence.json' missing model for variant: 'industrialforegoing:essence#level=10'
[22May2025 19:33:33.092] [Worker-Main-6/WARN] [net.minecraft.client.resources.model.BlockStateModelLoader/]: Exception loading blockstate definition: 'industrialforegoing:blockstates/essence.json' missing model for variant: 'industrialforegoing:essence#level=11'
[22May2025 19:33:33.092] [Worker-Main-6/WARN] [net.minecraft.client.resources.model.BlockStateModelLoader/]: Exception loading blockstate definition: 'industrialforegoing:blockstates/essence.json' missing model for variant: 'industrialforegoing:essence#level=12'
[22May2025 19:33:33.092] [Worker-Main-6/WARN] [net.minecraft.client.resources.model.BlockStateModelLoader/]: Exception loading blockstate definition: 'industrialforegoing:blockstates/sludge.json' missing model for variant: 'industrialforegoing:sludge#level=5'
[22May2025 19:33:33.092] [Worker-Main-6/WARN] [net.minecraft.client.resources.model.BlockStateModelLoader/]: Exception loading blockstate definition: 'industrialforegoing:blockstates/sludge.json' missing model for variant: 'industrialforegoing:sludge#level=4'
[22May2025 19:33:33.092] [Worker-Main-6/WARN] [net.minecraft.client.resources.model.BlockStateModelLoader/]: Exception loading blockstate definition: 'industrialforegoing:blockstates/sludge.json' missing model for variant: 'industrialforegoing:sludge#level=3'
[22May2025 19:33:33.092] [Worker-Main-6/WARN] [net.minecraft.client.resources.model.BlockStateModelLoader/]: Exception loading blockstate definition: 'industrialforegoing:blockstates/sludge.json' missing model for variant: 'industrialforegoing:sludge#level=2'
[22May2025 19:33:33.092] [Worker-Main-6/WARN] [net.minecraft.client.resources.model.BlockStateModelLoader/]: Exception loading blockstate definition: 'industrialforegoing:blockstates/sludge.json' missing model for variant: 'industrialforegoing:sludge#level=9'
[22May2025 19:33:33.092] [Worker-Main-6/WARN] [net.minecraft.client.resources.model.BlockStateModelLoader/]: Exception loading blockstate definition: 'industrialforegoing:blockstates/sludge.json' missing model for variant: 'industrialforegoing:sludge#level=8'
[22May2025 19:33:33.093] [Worker-Main-6/WARN] [net.minecraft.client.resources.model.BlockStateModelLoader/]: Exception loading blockstate definition: 'industrialforegoing:blockstates/sludge.json' missing model for variant: 'industrialforegoing:sludge#level=7'
[22May2025 19:33:33.093] [Worker-Main-6/WARN] [net.minecraft.client.resources.model.BlockStateModelLoader/]: Exception loading blockstate definition: 'industrialforegoing:blockstates/sludge.json' missing model for variant: 'industrialforegoing:sludge#level=6'
[22May2025 19:33:33.093] [Worker-Main-6/WARN] [net.minecraft.client.resources.model.BlockStateModelLoader/]: Exception loading blockstate definition: 'industrialforegoing:blockstates/sludge.json' missing model for variant: 'industrialforegoing:sludge#level=1'
[22May2025 19:33:33.093] [Worker-Main-6/WARN] [net.minecraft.client.resources.model.BlockStateModelLoader/]: Exception loading blockstate definition: 'industrialforegoing:blockstates/sludge.json' missing model for variant: 'industrialforegoing:sludge#level=0'
[22May2025 19:33:33.093] [Worker-Main-6/WARN] [net.minecraft.client.resources.model.BlockStateModelLoader/]: Exception loading blockstate definition: 'industrialforegoing:blockstates/sludge.json' missing model for variant: 'industrialforegoing:sludge#level=10'
[22May2025 19:33:33.093] [Worker-Main-6/WARN] [net.minecraft.client.resources.model.BlockStateModelLoader/]: Exception loading blockstate definition: 'industrialforegoing:blockstates/sludge.json' missing model for variant: 'industrialforegoing:sludge#level=15'
[22May2025 19:33:33.093] [Worker-Main-6/WARN] [net.minecraft.client.resources.model.BlockStateModelLoader/]: Exception loading blockstate definition: 'industrialforegoing:blockstates/sludge.json' missing model for variant: 'industrialforegoing:sludge#level=11'
[22May2025 19:33:33.093] [Worker-Main-6/WARN] [net.minecraft.client.resources.model.BlockStateModelLoader/]: Exception loading blockstate definition: 'industrialforegoing:blockstates/sludge.json' missing model for variant: 'industrialforegoing:sludge#level=12'
[22May2025 19:33:33.093] [Worker-Main-6/WARN] [net.minecraft.client.resources.model.BlockStateModelLoader/]: Exception loading blockstate definition: 'industrialforegoing:blockstates/sludge.json' missing model for variant: 'industrialforegoing:sludge#level=13'
[22May2025 19:33:33.093] [Worker-Main-6/WARN] [net.minecraft.client.resources.model.BlockStateModelLoader/]: Exception loading blockstate definition: 'industrialforegoing:blockstates/sludge.json' missing model for variant: 'industrialforegoing:sludge#level=14'
[22May2025 19:33:33.093] [Worker-Main-6/WARN] [net.minecraft.client.resources.model.BlockStateModelLoader/]: Exception loading blockstate definition: 'industrialforegoing:blockstates/pink_slime.json' missing model for variant: 'industrialforegoing:pink_slime#level=9'
[22May2025 19:33:33.093] [Worker-Main-6/WARN] [net.minecraft.client.resources.model.BlockStateModelLoader/]: Exception loading blockstate definition: 'industrialforegoing:blockstates/pink_slime.json' missing model for variant: 'industrialforegoing:pink_slime#level=8'
[22May2025 19:33:33.093] [Worker-Main-6/WARN] [net.minecraft.client.resources.model.BlockStateModelLoader/]: Exception loading blockstate definition: 'industrialforegoing:blockstates/pink_slime.json' missing model for variant: 'industrialforegoing:pink_slime#level=7'
[22May2025 19:33:33.093] [Worker-Main-6/WARN] [net.minecraft.client.resources.model.BlockStateModelLoader/]: Exception loading blockstate definition: 'industrialforegoing:blockstates/pink_slime.json' missing model for variant: 'industrialforegoing:pink_slime#level=6'
[22May2025 19:33:33.093] [Worker-Main-6/WARN] [net.minecraft.client.resources.model.BlockStateModelLoader/]: Exception loading blockstate definition: 'industrialforegoing:blockstates/pink_slime.json' missing model for variant: 'industrialforegoing:pink_slime#level=5'
[22May2025 19:33:33.093] [Worker-Main-6/WARN] [net.minecraft.client.resources.model.BlockStateModelLoader/]: Exception loading blockstate definition: 'industrialforegoing:blockstates/pink_slime.json' missing model for variant: 'industrialforegoing:pink_slime#level=4'
[22May2025 19:33:33.093] [Worker-Main-6/WARN] [net.minecraft.client.resources.model.BlockStateModelLoader/]: Exception loading blockstate definition: 'industrialforegoing:blockstates/pink_slime.json' missing model for variant: 'industrialforegoing:pink_slime#level=3'
[22May2025 19:33:33.093] [Worker-Main-6/WARN] [net.minecraft.client.resources.model.BlockStateModelLoader/]: Exception loading blockstate definition: 'industrialforegoing:blockstates/pink_slime.json' missing model for variant: 'industrialforegoing:pink_slime#level=10'
[22May2025 19:33:33.093] [Worker-Main-6/WARN] [net.minecraft.client.resources.model.BlockStateModelLoader/]: Exception loading blockstate definition: 'industrialforegoing:blockstates/pink_slime.json' missing model for variant: 'industrialforegoing:pink_slime#level=11'
[22May2025 19:33:33.093] [Worker-Main-6/WARN] [net.minecraft.client.resources.model.BlockStateModelLoader/]: Exception loading blockstate definition: 'industrialforegoing:blockstates/pink_slime.json' missing model for variant: 'industrialforegoing:pink_slime#level=12'
[22May2025 19:33:33.093] [Worker-Main-6/WARN] [net.minecraft.client.resources.model.BlockStateModelLoader/]: Exception loading blockstate definition: 'industrialforegoing:blockstates/pink_slime.json' missing model for variant: 'industrialforegoing:pink_slime#level=13'
[22May2025 19:33:33.093] [Worker-Main-6/WARN] [net.minecraft.client.resources.model.BlockStateModelLoader/]: Exception loading blockstate definition: 'industrialforegoing:blockstates/pink_slime.json' missing model for variant: 'industrialforegoing:pink_slime#level=14'
[22May2025 19:33:33.093] [Worker-Main-6/WARN] [net.minecraft.client.resources.model.BlockStateModelLoader/]: Exception loading blockstate definition: 'industrialforegoing:blockstates/pink_slime.json' missing model for variant: 'industrialforegoing:pink_slime#level=15'
[22May2025 19:33:33.093] [Worker-Main-6/WARN] [net.minecraft.client.resources.model.BlockStateModelLoader/]: Exception loading blockstate definition: 'industrialforegoing:blockstates/pink_slime.json' missing model for variant: 'industrialforegoing:pink_slime#level=2'
[22May2025 19:33:33.093] [Worker-Main-6/WARN] [net.minecraft.client.resources.model.BlockStateModelLoader/]: Exception loading blockstate definition: 'industrialforegoing:blockstates/pink_slime.json' missing model for variant: 'industrialforegoing:pink_slime#level=1'
[22May2025 19:33:33.093] [Worker-Main-6/WARN] [net.minecraft.client.resources.model.BlockStateModelLoader/]: Exception loading blockstate definition: 'industrialforegoing:blockstates/pink_slime.json' missing model for variant: 'industrialforegoing:pink_slime#level=0'
[22May2025 19:33:33.093] [Worker-Main-6/WARN] [net.minecraft.client.resources.model.BlockStateModelLoader/]: Exception loading blockstate definition: 'industrialforegoing:blockstates/biofuel.json' missing model for variant: 'industrialforegoing:biofuel#level=5'
[22May2025 19:33:33.093] [Worker-Main-6/WARN] [net.minecraft.client.resources.model.BlockStateModelLoader/]: Exception loading blockstate definition: 'industrialforegoing:blockstates/biofuel.json' missing model for variant: 'industrialforegoing:biofuel#level=4'
[22May2025 19:33:33.093] [Worker-Main-6/WARN] [net.minecraft.client.resources.model.BlockStateModelLoader/]: Exception loading blockstate definition: 'industrialforegoing:blockstates/biofuel.json' missing model for variant: 'industrialforegoing:biofuel#level=3'
[22May2025 19:33:33.093] [Worker-Main-6/WARN] [net.minecraft.client.resources.model.BlockStateModelLoader/]: Exception loading blockstate definition: 'industrialforegoing:blockstates/biofuel.json' missing model for variant: 'industrialforegoing:biofuel#level=2'
[22May2025 19:33:33.093] [Worker-Main-6/WARN] [net.minecraft.client.resources.model.BlockStateModelLoader/]: Exception loading blockstate definition: 'industrialforegoing:blockstates/biofuel.json' missing model for variant: 'industrialforegoing:biofuel#level=9'
[22May2025 19:33:33.093] [Worker-Main-6/WARN] [net.minecraft.client.resources.model.BlockStateModelLoader/]: Exception loading blockstate definition: 'industrialforegoing:blockstates/biofuel.json' missing model for variant: 'industrialforegoing:biofuel#level=8'
[22May2025 19:33:33.093] [Worker-Main-6/WARN] [net.minecraft.client.resources.model.BlockStateModelLoader/]: Exception loading blockstate definition: 'industrialforegoing:blockstates/biofuel.json' missing model for variant: 'industrialforegoing:biofuel#level=7'
[22May2025 19:33:33.093] [Worker-Main-6/WARN] [net.minecraft.client.resources.model.BlockStateModelLoader/]: Exception loading blockstate definition: 'industrialforegoing:blockstates/biofuel.json' missing model for variant: 'industrialforegoing:biofuel#level=6'
[22May2025 19:33:33.093] [Worker-Main-6/WARN] [net.minecraft.client.resources.model.BlockStateModelLoader/]: Exception loading blockstate definition: 'industrialforegoing:blockstates/biofuel.json' missing model for variant: 'industrialforegoing:biofuel#level=15'
[22May2025 19:33:33.093] [Worker-Main-6/WARN] [net.minecraft.client.resources.model.BlockStateModelLoader/]: Exception loading blockstate definition: 'industrialforegoing:blockstates/biofuel.json' missing model for variant: 'industrialforegoing:biofuel#level=11'
[22May2025 19:33:33.094] [Worker-Main-6/WARN] [net.minecraft.client.resources.model.BlockStateModelLoader/]: Exception loading blockstate definition: 'industrialforegoing:blockstates/biofuel.json' missing model for variant: 'industrialforegoing:biofuel#level=12'
[22May2025 19:33:33.094] [Worker-Main-6/WARN] [net.minecraft.client.resources.model.BlockStateModelLoader/]: Exception loading blockstate definition: 'industrialforegoing:blockstates/biofuel.json' missing model for variant: 'industrialforegoing:biofuel#level=13'
[22May2025 19:33:33.094] [Worker-Main-6/WARN] [net.minecraft.client.resources.model.BlockStateModelLoader/]: Exception loading blockstate definition: 'industrialforegoing:blockstates/biofuel.json' missing model for variant: 'industrialforegoing:biofuel#level=14'
[22May2025 19:33:33.094] [Worker-Main-6/WARN] [net.minecraft.client.resources.model.BlockStateModelLoader/]: Exception loading blockstate definition: 'industrialforegoing:blockstates/biofuel.json' missing model for variant: 'industrialforegoing:biofuel#level=10'
[22May2025 19:33:33.094] [Worker-Main-6/WARN] [net.minecraft.client.resources.model.BlockStateModelLoader/]: Exception loading blockstate definition: 'industrialforegoing:blockstates/biofuel.json' missing model for variant: 'industrialforegoing:biofuel#level=1'
[22May2025 19:33:33.094] [Worker-Main-6/WARN] [net.minecraft.client.resources.model.BlockStateModelLoader/]: Exception loading blockstate definition: 'industrialforegoing:blockstates/biofuel.json' missing model for variant: 'industrialforegoing:biofuel#level=0'
[22May2025 19:33:33.094] [Worker-Main-6/WARN] [net.minecraft.client.resources.model.BlockStateModelLoader/]: Exception loading blockstate definition: 'industrialforegoing:blockstates/ether_gas.json' missing model for variant: 'industrialforegoing:ether_gas#level=7'
[22May2025 19:33:33.094] [Worker-Main-6/WARN] [net.minecraft.client.resources.model.BlockStateModelLoader/]: Exception loading blockstate definition: 'industrialforegoing:blockstates/ether_gas.json' missing model for variant: 'industrialforegoing:ether_gas#level=6'
[22May2025 19:33:33.094] [Worker-Main-6/WARN] [net.minecraft.client.resources.model.BlockStateModelLoader/]: Exception loading blockstate definition: 'industrialforegoing:blockstates/ether_gas.json' missing model for variant: 'industrialforegoing:ether_gas#level=5'
[22May2025 19:33:33.094] [Worker-Main-6/WARN] [net.minecraft.client.resources.model.BlockStateModelLoader/]: Exception loading blockstate definition: 'industrialforegoing:blockstates/ether_gas.json' missing model for variant: 'industrialforegoing:ether_gas#level=4'
[22May2025 19:33:33.094] [Worker-Main-6/WARN] [net.minecraft.client.resources.model.BlockStateModelLoader/]: Exception loading blockstate definition: 'industrialforegoing:blockstates/ether_gas.json' missing model for variant: 'industrialforegoing:ether_gas#level=9'
[22May2025 19:33:33.094] [Worker-Main-6/WARN] [net.minecraft.client.resources.model.BlockStateModelLoader/]: Exception loading blockstate definition: 'industrialforegoing:blockstates/ether_gas.json' missing model for variant: 'industrialforegoing:ether_gas#level=8'
[22May2025 19:33:33.094] [Worker-Main-6/WARN] [net.minecraft.client.resources.model.BlockStateModelLoader/]: Exception loading blockstate definition: 'industrialforegoing:blockstates/ether_gas.json' missing model for variant: 'industrialforegoing:ether_gas#level=15'
[22May2025 19:33:33.094] [Worker-Main-6/WARN] [net.minecraft.client.resources.model.BlockStateModelLoader/]: Exception loading blockstate definition: 'industrialforegoing:blockstates/ether_gas.json' missing model for variant: 'industrialforegoing:ether_gas#level=14'
[22May2025 19:33:33.094] [Worker-Main-6/WARN] [net.minecraft.client.resources.model.BlockStateModelLoader/]: Exception loading blockstate definition: 'industrialforegoing:blockstates/ether_gas.json' missing model for variant: 'industrialforegoing:ether_gas#level=13'
[22May2025 19:33:33.094] [Worker-Main-6/WARN] [net.minecraft.client.resources.model.BlockStateModelLoader/]: Exception loading blockstate definition: 'industrialforegoing:blockstates/ether_gas.json' missing model for variant: 'industrialforegoing:ether_gas#level=12'
[22May2025 19:33:33.094] [Worker-Main-6/WARN] [net.minecraft.client.resources.model.BlockStateModelLoader/]: Exception loading blockstate definition: 'industrialforegoing:blockstates/ether_gas.json' missing model for variant: 'industrialforegoing:ether_gas#level=11'
[22May2025 19:33:33.094] [Worker-Main-6/WARN] [net.minecraft.client.resources.model.BlockStateModelLoader/]: Exception loading blockstate definition: 'industrialforegoing:blockstates/ether_gas.json' missing model for variant: 'industrialforegoing:ether_gas#level=10'
[22May2025 19:33:33.094] [Worker-Main-6/WARN] [net.minecraft.client.resources.model.BlockStateModelLoader/]: Exception loading blockstate definition: 'industrialforegoing:blockstates/ether_gas.json' missing model for variant: 'industrialforegoing:ether_gas#level=3'
[22May2025 19:33:33.094] [Worker-Main-6/WARN] [net.minecraft.client.resources.model.BlockStateModelLoader/]: Exception loading blockstate definition: 'industrialforegoing:blockstates/ether_gas.json' missing model for variant: 'industrialforegoing:ether_gas#level=2'
[22May2025 19:33:33.094] [Worker-Main-6/WARN] [net.minecraft.client.resources.model.BlockStateModelLoader/]: Exception loading blockstate definition: 'industrialforegoing:blockstates/ether_gas.json' missing model for variant: 'industrialforegoing:ether_gas#level=1'
[22May2025 19:33:33.094] [Worker-Main-6/WARN] [net.minecraft.client.resources.model.BlockStateModelLoader/]: Exception loading blockstate definition: 'industrialforegoing:blockstates/ether_gas.json' missing model for variant: 'industrialforegoing:ether_gas#level=0'
[22May2025 19:33:33.094] [Worker-Main-6/WARN] [net.minecraft.client.resources.model.BlockStateModelLoader/]: Exception loading blockstate definition: 'industrialforegoing:blockstates/raw_ore_meat.json' missing model for variant: 'industrialforegoing:raw_ore_meat#level=10'
[22May2025 19:33:33.094] [Worker-Main-6/WARN] [net.minecraft.client.resources.model.BlockStateModelLoader/]: Exception loading blockstate definition: 'industrialforegoing:blockstates/raw_ore_meat.json' missing model for variant: 'industrialforegoing:raw_ore_meat#level=11'
[22May2025 19:33:33.094] [Worker-Main-6/WARN] [net.minecraft.client.resources.model.BlockStateModelLoader/]: Exception loading blockstate definition: 'industrialforegoing:blockstates/raw_ore_meat.json' missing model for variant: 'industrialforegoing:raw_ore_meat#level=9'
[22May2025 19:33:33.094] [Worker-Main-6/WARN] [net.minecraft.client.resources.model.BlockStateModelLoader/]: Exception loading blockstate definition: 'industrialforegoing:blockstates/raw_ore_meat.json' missing model for variant: 'industrialforegoing:raw_ore_meat#level=8'
[22May2025 19:33:33.094] [Worker-Main-6/WARN] [net.minecraft.client.resources.model.BlockStateModelLoader/]: Exception loading blockstate definition: 'industrialforegoing:blockstates/raw_ore_meat.json' missing model for variant: 'industrialforegoing:raw_ore_meat#level=7'
[22May2025 19:33:33.094] [Worker-Main-6/WARN] [net.minecraft.client.resources.model.BlockStateModelLoader/]: Exception loading blockstate definition: 'industrialforegoing:blockstates/raw_ore_meat.json' missing model for variant: 'industrialforegoing:raw_ore_meat#level=6'
[22May2025 19:33:33.094] [Worker-Main-6/WARN] [net.minecraft.client.resources.model.BlockStateModelLoader/]: Exception loading blockstate definition: 'industrialforegoing:blockstates/raw_ore_meat.json' missing model for variant: 'industrialforegoing:raw_ore_meat#level=5'
[22May2025 19:33:33.094] [Worker-Main-6/WARN] [net.minecraft.client.resources.model.BlockStateModelLoader/]: Exception loading blockstate definition: 'industrialforegoing:blockstates/raw_ore_meat.json' missing model for variant: 'industrialforegoing:raw_ore_meat#level=4'
[22May2025 19:33:33.094] [Worker-Main-6/WARN] [net.minecraft.client.resources.model.BlockStateModelLoader/]: Exception loading blockstate definition: 'industrialforegoing:blockstates/raw_ore_meat.json' missing model for variant: 'industrialforegoing:raw_ore_meat#level=3'
[22May2025 19:33:33.094] [Worker-Main-6/WARN] [net.minecraft.client.resources.model.BlockStateModelLoader/]: Exception loading blockstate definition: 'industrialforegoing:blockstates/raw_ore_meat.json' missing model for variant: 'industrialforegoing:raw_ore_meat#level=2'
[22May2025 19:33:33.094] [Worker-Main-6/WARN] [net.minecraft.client.resources.model.BlockStateModelLoader/]: Exception loading blockstate definition: 'industrialforegoing:blockstates/raw_ore_meat.json' missing model for variant: 'industrialforegoing:raw_ore_meat#level=1'
[22May2025 19:33:33.094] [Worker-Main-6/WARN] [net.minecraft.client.resources.model.BlockStateModelLoader/]: Exception loading blockstate definition: 'industrialforegoing:blockstates/raw_ore_meat.json' missing model for variant: 'industrialforegoing:raw_ore_meat#level=0'
[22May2025 19:33:33.094] [Worker-Main-6/WARN] [net.minecraft.client.resources.model.BlockStateModelLoader/]: Exception loading blockstate definition: 'industrialforegoing:blockstates/raw_ore_meat.json' missing model for variant: 'industrialforegoing:raw_ore_meat#level=12'
[22May2025 19:33:33.094] [Worker-Main-6/WARN] [net.minecraft.client.resources.model.BlockStateModelLoader/]: Exception loading blockstate definition: 'industrialforegoing:blockstates/raw_ore_meat.json' missing model for variant: 'industrialforegoing:raw_ore_meat#level=13'
[22May2025 19:33:33.094] [Worker-Main-6/WARN] [net.minecraft.client.resources.model.BlockStateModelLoader/]: Exception loading blockstate definition: 'industrialforegoing:blockstates/raw_ore_meat.json' missing model for variant: 'industrialforegoing:raw_ore_meat#level=14'
[22May2025 19:33:33.094] [Worker-Main-6/WARN] [net.minecraft.client.resources.model.BlockStateModelLoader/]: Exception loading blockstate definition: 'industrialforegoing:blockstates/raw_ore_meat.json' missing model for variant: 'industrialforegoing:raw_ore_meat#level=15'
[22May2025 19:33:33.094] [Worker-Main-6/WARN] [net.minecraft.client.resources.model.BlockStateModelLoader/]: Exception loading blockstate definition: 'industrialforegoing:blockstates/fermented_ore_meat.json' missing model for variant: 'industrialforegoing:fermented_ore_meat#level=14'
[22May2025 19:33:33.094] [Worker-Main-6/WARN] [net.minecraft.client.resources.model.BlockStateModelLoader/]: Exception loading blockstate definition: 'industrialforegoing:blockstates/fermented_ore_meat.json' missing model for variant: 'industrialforegoing:fermented_ore_meat#level=15'
[22May2025 19:33:33.095] [Worker-Main-6/WARN] [net.minecraft.client.resources.model.BlockStateModelLoader/]: Exception loading blockstate definition: 'industrialforegoing:blockstates/fermented_ore_meat.json' missing model for variant: 'industrialforegoing:fermented_ore_meat#level=12'
[22May2025 19:33:33.095] [Worker-Main-6/WARN] [net.minecraft.client.resources.model.BlockStateModelLoader/]: Exception loading blockstate definition: 'industrialforegoing:blockstates/fermented_ore_meat.json' missing model for variant: 'industrialforegoing:fermented_ore_meat#level=13'
[22May2025 19:33:33.095] [Worker-Main-6/WARN] [net.minecraft.client.resources.model.BlockStateModelLoader/]: Exception loading blockstate definition: 'industrialforegoing:blockstates/fermented_ore_meat.json' missing model for variant: 'industrialforegoing:fermented_ore_meat#level=1'
[22May2025 19:33:33.095] [Worker-Main-6/WARN] [net.minecraft.client.resources.model.BlockStateModelLoader/]: Exception loading blockstate definition: 'industrialforegoing:blockstates/fermented_ore_meat.json' missing model for variant: 'industrialforegoing:fermented_ore_meat#level=2'
[22May2025 19:33:33.095] [Worker-Main-6/WARN] [net.minecraft.client.resources.model.BlockStateModelLoader/]: Exception loading blockstate definition: 'industrialforegoing:blockstates/fermented_ore_meat.json' missing model for variant: 'industrialforegoing:fermented_ore_meat#level=0'
[22May2025 19:33:33.095] [Worker-Main-6/WARN] [net.minecraft.client.resources.model.BlockStateModelLoader/]: Exception loading blockstate definition: 'industrialforegoing:blockstates/fermented_ore_meat.json' missing model for variant: 'industrialforegoing:fermented_ore_meat#level=5'
[22May2025 19:33:33.095] [Worker-Main-6/WARN] [net.minecraft.client.resources.model.BlockStateModelLoader/]: Exception loading blockstate definition: 'industrialforegoing:blockstates/fermented_ore_meat.json' missing model for variant: 'industrialforegoing:fermented_ore_meat#level=6'
[22May2025 19:33:33.095] [Worker-Main-6/WARN] [net.minecraft.client.resources.model.BlockStateModelLoader/]: Exception loading blockstate definition: 'industrialforegoing:blockstates/fermented_ore_meat.json' missing model for variant: 'industrialforegoing:fermented_ore_meat#level=3'
[22May2025 19:33:33.095] [Worker-Main-6/WARN] [net.minecraft.client.resources.model.BlockStateModelLoader/]: Exception loading blockstate definition: 'industrialforegoing:blockstates/fermented_ore_meat.json' missing model for variant: 'industrialforegoing:fermented_ore_meat#level=4'
[22May2025 19:33:33.095] [Worker-Main-6/WARN] [net.minecraft.client.resources.model.BlockStateModelLoader/]: Exception loading blockstate definition: 'industrialforegoing:blockstates/fermented_ore_meat.json' missing model for variant: 'industrialforegoing:fermented_ore_meat#level=9'
[22May2025 19:33:33.095] [Worker-Main-6/WARN] [net.minecraft.client.resources.model.BlockStateModelLoader/]: Exception loading blockstate definition: 'industrialforegoing:blockstates/fermented_ore_meat.json' missing model for variant: 'industrialforegoing:fermented_ore_meat#level=10'
[22May2025 19:33:33.095] [Worker-Main-6/WARN] [net.minecraft.client.resources.model.BlockStateModelLoader/]: Exception loading blockstate definition: 'industrialforegoing:blockstates/fermented_ore_meat.json' missing model for variant: 'industrialforegoing:fermented_ore_meat#level=11'
[22May2025 19:33:33.095] [Worker-Main-6/WARN] [net.minecraft.client.resources.model.BlockStateModelLoader/]: Exception loading blockstate definition: 'industrialforegoing:blockstates/fermented_ore_meat.json' missing model for variant: 'industrialforegoing:fermented_ore_meat#level=7'
[22May2025 19:33:33.095] [Worker-Main-6/WARN] [net.minecraft.client.resources.model.BlockStateModelLoader/]: Exception loading blockstate definition: 'industrialforegoing:blockstates/fermented_ore_meat.json' missing model for variant: 'industrialforegoing:fermented_ore_meat#level=8'
[22May2025 19:33:33.097] [Worker-Main-6/WARN] [net.minecraft.client.resources.model.BlockStateModelLoader/]: Exception loading blockstate definition: 'titanium:blockstates/block_test.json' missing model for variant: 'titanium:block_test#subfacing=west'
[22May2025 19:33:33.097] [Worker-Main-6/WARN] [net.minecraft.client.resources.model.BlockStateModelLoader/]: Exception loading blockstate definition: 'titanium:blockstates/block_test.json' missing model for variant: 'titanium:block_test#subfacing=east'
[22May2025 19:33:33.097] [Worker-Main-6/WARN] [net.minecraft.client.resources.model.BlockStateModelLoader/]: Exception loading blockstate definition: 'titanium:blockstates/block_test.json' missing model for variant: 'titanium:block_test#subfacing=north'
[22May2025 19:33:33.097] [Worker-Main-6/WARN] [net.minecraft.client.resources.model.BlockStateModelLoader/]: Exception loading blockstate definition: 'titanium:blockstates/block_test.json' missing model for variant: 'titanium:block_test#subfacing=south'
[22May2025 19:33:33.097] [Worker-Main-6/WARN] [net.minecraft.client.resources.model.BlockStateModelLoader/]: Exception loading blockstate definition: 'titanium:blockstates/block_twenty_four_test.json' missing model for variant: 'titanium:block_twenty_four_test#facing=down,subfacing=west'
[22May2025 19:33:33.097] [Worker-Main-6/WARN] [net.minecraft.client.resources.model.BlockStateModelLoader/]: Exception loading blockstate definition: 'titanium:blockstates/block_twenty_four_test.json' missing model for variant: 'titanium:block_twenty_four_test#facing=east,subfacing=south'
[22May2025 19:33:33.097] [Worker-Main-6/WARN] [net.minecraft.client.resources.model.BlockStateModelLoader/]: Exception loading blockstate definition: 'titanium:blockstates/block_twenty_four_test.json' missing model for variant: 'titanium:block_twenty_four_test#facing=up,subfacing=south'
[22May2025 19:33:33.097] [Worker-Main-6/WARN] [net.minecraft.client.resources.model.BlockStateModelLoader/]: Exception loading blockstate definition: 'titanium:blockstates/block_twenty_four_test.json' missing model for variant: 'titanium:block_twenty_four_test#facing=south,subfacing=north'
[22May2025 19:33:33.097] [Worker-Main-6/WARN] [net.minecraft.client.resources.model.BlockStateModelLoader/]: Exception loading blockstate definition: 'titanium:blockstates/block_twenty_four_test.json' missing model for variant: 'titanium:block_twenty_four_test#facing=up,subfacing=north'
[22May2025 19:33:33.097] [Worker-Main-6/WARN] [net.minecraft.client.resources.model.BlockStateModelLoader/]: Exception loading blockstate definition: 'titanium:blockstates/block_twenty_four_test.json' missing model for variant: 'titanium:block_twenty_four_test#facing=east,subfacing=north'
[22May2025 19:33:33.097] [Worker-Main-6/WARN] [net.minecraft.client.resources.model.BlockStateModelLoader/]: Exception loading blockstate definition: 'titanium:blockstates/block_twenty_four_test.json' missing model for variant: 'titanium:block_twenty_four_test#facing=south,subfacing=south'
[22May2025 19:33:33.097] [Worker-Main-6/WARN] [net.minecraft.client.resources.model.BlockStateModelLoader/]: Exception loading blockstate definition: 'titanium:blockstates/block_twenty_four_test.json' missing model for variant: 'titanium:block_twenty_four_test#facing=west,subfacing=south'
[22May2025 19:33:33.097] [Worker-Main-6/WARN] [net.minecraft.client.resources.model.BlockStateModelLoader/]: Exception loading blockstate definition: 'titanium:blockstates/block_twenty_four_test.json' missing model for variant: 'titanium:block_twenty_four_test#facing=west,subfacing=north'
[22May2025 19:33:33.097] [Worker-Main-6/WARN] [net.minecraft.client.resources.model.BlockStateModelLoader/]: Exception loading blockstate definition: 'titanium:blockstates/block_twenty_four_test.json' missing model for variant: 'titanium:block_twenty_four_test#facing=west,subfacing=west'
[22May2025 19:33:33.097] [Worker-Main-6/WARN] [net.minecraft.client.resources.model.BlockStateModelLoader/]: Exception loading blockstate definition: 'titanium:blockstates/block_twenty_four_test.json' missing model for variant: 'titanium:block_twenty_four_test#facing=down,subfacing=south'
[22May2025 19:33:33.097] [Worker-Main-6/WARN] [net.minecraft.client.resources.model.BlockStateModelLoader/]: Exception loading blockstate definition: 'titanium:blockstates/block_twenty_four_test.json' missing model for variant: 'titanium:block_twenty_four_test#facing=north,subfacing=south'
[22May2025 19:33:33.098] [Worker-Main-6/WARN] [net.minecraft.client.resources.model.BlockStateModelLoader/]: Exception loading blockstate definition: 'titanium:blockstates/block_twenty_four_test.json' missing model for variant: 'titanium:block_twenty_four_test#facing=north,subfacing=west'
[22May2025 19:33:33.098] [Worker-Main-6/WARN] [net.minecraft.client.resources.model.BlockStateModelLoader/]: Exception loading blockstate definition: 'titanium:blockstates/block_twenty_four_test.json' missing model for variant: 'titanium:block_twenty_four_test#facing=west,subfacing=east'
[22May2025 19:33:33.098] [Worker-Main-6/WARN] [net.minecraft.client.resources.model.BlockStateModelLoader/]: Exception loading blockstate definition: 'titanium:blockstates/block_twenty_four_test.json' missing model for variant: 'titanium:block_twenty_four_test#facing=north,subfacing=east'
[22May2025 19:33:33.098] [Worker-Main-6/WARN] [net.minecraft.client.resources.model.BlockStateModelLoader/]: Exception loading blockstate definition: 'titanium:blockstates/block_twenty_four_test.json' missing model for variant: 'titanium:block_twenty_four_test#facing=north,subfacing=north'
[22May2025 19:33:33.098] [Worker-Main-6/WARN] [net.minecraft.client.resources.model.BlockStateModelLoader/]: Exception loading blockstate definition: 'titanium:blockstates/block_twenty_four_test.json' missing model for variant: 'titanium:block_twenty_four_test#facing=south,subfacing=east'
[22May2025 19:33:33.098] [Worker-Main-6/WARN] [net.minecraft.client.resources.model.BlockStateModelLoader/]: Exception loading blockstate definition: 'titanium:blockstates/block_twenty_four_test.json' missing model for variant: 'titanium:block_twenty_four_test#facing=up,subfacing=west'
[22May2025 19:33:33.098] [Worker-Main-6/WARN] [net.minecraft.client.resources.model.BlockStateModelLoader/]: Exception loading blockstate definition: 'titanium:blockstates/block_twenty_four_test.json' missing model for variant: 'titanium:block_twenty_four_test#facing=east,subfacing=west'
[22May2025 19:33:33.098] [Worker-Main-6/WARN] [net.minecraft.client.resources.model.BlockStateModelLoader/]: Exception loading blockstate definition: 'titanium:blockstates/block_twenty_four_test.json' missing model for variant: 'titanium:block_twenty_four_test#facing=east,subfacing=east'
[22May2025 19:33:33.098] [Worker-Main-6/WARN] [net.minecraft.client.resources.model.BlockStateModelLoader/]: Exception loading blockstate definition: 'titanium:blockstates/block_twenty_four_test.json' missing model for variant: 'titanium:block_twenty_four_test#facing=down,subfacing=north'
[22May2025 19:33:33.098] [Worker-Main-6/WARN] [net.minecraft.client.resources.model.BlockStateModelLoader/]: Exception loading blockstate definition: 'titanium:blockstates/block_twenty_four_test.json' missing model for variant: 'titanium:block_twenty_four_test#facing=down,subfacing=east'
[22May2025 19:33:33.098] [Worker-Main-6/WARN] [net.minecraft.client.resources.model.BlockStateModelLoader/]: Exception loading blockstate definition: 'titanium:blockstates/block_twenty_four_test.json' missing model for variant: 'titanium:block_twenty_four_test#facing=up,subfacing=east'
[22May2025 19:33:33.098] [Worker-Main-6/WARN] [net.minecraft.client.resources.model.BlockStateModelLoader/]: Exception loading blockstate definition: 'titanium:blockstates/block_twenty_four_test.json' missing model for variant: 'titanium:block_twenty_four_test#facing=south,subfacing=west'
[22May2025 19:33:33.098] [Worker-Main-6/WARN] [net.minecraft.client.resources.model.BlockStateModelLoader/]: Exception loading blockstate definition: 'titanium:blockstates/block_asset_test.json' missing model for variant: 'titanium:block_asset_test#subfacing=north'
[22May2025 19:33:33.098] [Worker-Main-6/WARN] [net.minecraft.client.resources.model.BlockStateModelLoader/]: Exception loading blockstate definition: 'titanium:blockstates/block_asset_test.json' missing model for variant: 'titanium:block_asset_test#subfacing=west'
[22May2025 19:33:33.098] [Worker-Main-6/WARN] [net.minecraft.client.resources.model.BlockStateModelLoader/]: Exception loading blockstate definition: 'titanium:blockstates/block_asset_test.json' missing model for variant: 'titanium:block_asset_test#subfacing=east'
[22May2025 19:33:33.098] [Worker-Main-6/WARN] [net.minecraft.client.resources.model.BlockStateModelLoader/]: Exception loading blockstate definition: 'titanium:blockstates/block_asset_test.json' missing model for variant: 'titanium:block_asset_test#subfacing=south'
[22May2025 19:33:33.098] [Worker-Main-6/WARN] [net.minecraft.client.resources.model.BlockStateModelLoader/]: Exception loading blockstate definition: 'titanium:blockstates/machine_test.json' missing model for variant: 'titanium:machine_test#'
[22May2025 19:33:33.098] [Worker-Main-6/WARN] [net.minecraft.client.resources.model.BlockStateModelLoader/]: Exception loading blockstate definition: 'titanium:blockstates/creative_generator.json' missing model for variant: 'titanium:creative_generator#'
[22May2025 19:33:33.150] [Worker-Main-6/WARN] [net.minecraft.client.resources.model.BlockStateModelLoader/]: Exception loading blockstate definition: 'enderio:blockstates/block_detector.json' missing model for variant: 'enderio:block_detector#facing=south,powered=true'
[22May2025 19:33:33.151] [Worker-Main-6/WARN] [net.minecraft.client.resources.model.BlockStateModelLoader/]: Exception loading blockstate definition: 'enderio:blockstates/block_detector.json' missing model for variant: 'enderio:block_detector#facing=north,powered=false'
[22May2025 19:33:33.151] [Worker-Main-6/WARN] [net.minecraft.client.resources.model.BlockStateModelLoader/]: Exception loading blockstate definition: 'enderio:blockstates/block_detector.json' missing model for variant: 'enderio:block_detector#facing=down,powered=false'
[22May2025 19:33:33.151] [Worker-Main-6/WARN] [net.minecraft.client.resources.model.BlockStateModelLoader/]: Exception loading blockstate definition: 'enderio:blockstates/block_detector.json' missing model for variant: 'enderio:block_detector#facing=up,powered=true'
[22May2025 19:33:33.151] [Worker-Main-6/WARN] [net.minecraft.client.resources.model.BlockStateModelLoader/]: Exception loading blockstate definition: 'enderio:blockstates/block_detector.json' missing model for variant: 'enderio:block_detector#facing=up,powered=false'
[22May2025 19:33:33.151] [Worker-Main-6/WARN] [net.minecraft.client.resources.model.BlockStateModelLoader/]: Exception loading blockstate definition: 'enderio:blockstates/block_detector.json' missing model for variant: 'enderio:block_detector#facing=east,powered=false'
[22May2025 19:33:33.151] [Worker-Main-6/WARN] [net.minecraft.client.resources.model.BlockStateModelLoader/]: Exception loading blockstate definition: 'enderio:blockstates/block_detector.json' missing model for variant: 'enderio:block_detector#facing=east,powered=true'
[22May2025 19:33:33.151] [Worker-Main-6/WARN] [net.minecraft.client.resources.model.BlockStateModelLoader/]: Exception loading blockstate definition: 'enderio:blockstates/block_detector.json' missing model for variant: 'enderio:block_detector#facing=north,powered=true'
[22May2025 19:33:33.151] [Worker-Main-6/WARN] [net.minecraft.client.resources.model.BlockStateModelLoader/]: Exception loading blockstate definition: 'enderio:blockstates/block_detector.json' missing model for variant: 'enderio:block_detector#facing=south,powered=false'
[22May2025 19:33:33.151] [Worker-Main-6/WARN] [net.minecraft.client.resources.model.BlockStateModelLoader/]: Exception loading blockstate definition: 'enderio:blockstates/block_detector.json' missing model for variant: 'enderio:block_detector#facing=down,powered=true'
[22May2025 19:33:33.151] [Worker-Main-6/WARN] [net.minecraft.client.resources.model.BlockStateModelLoader/]: Exception loading blockstate definition: 'enderio:blockstates/block_detector.json' missing model for variant: 'enderio:block_detector#facing=west,powered=true'
[22May2025 19:33:33.151] [Worker-Main-6/WARN] [net.minecraft.client.resources.model.BlockStateModelLoader/]: Exception loading blockstate definition: 'enderio:blockstates/block_detector.json' missing model for variant: 'enderio:block_detector#facing=west,powered=false'
[22May2025 19:33:33.158] [Worker-Main-6/WARN] [net.minecraft.client.resources.model.ModelBakery/]: Unable to load model: 'titanium:item/creative_generator' referenced from: titanium:item/creative_generator: java.io.FileNotFoundException: titanium:models/item/creative_generator.json
[22May2025 19:33:33.159] [Worker-Main-6/WARN] [net.minecraft.client.resources.model.ModelBakery/]: Unable to load model: 'titanium:item/block_test' referenced from: titanium:item/block_test: java.io.FileNotFoundException: titanium:models/item/block_test.json
[22May2025 19:33:33.160] [Worker-Main-6/WARN] [net.minecraft.client.resources.model.ModelBakery/]: Unable to load model: 'titanium:item/block_asset_test' referenced from: titanium:item/block_asset_test: java.io.FileNotFoundException: titanium:models/item/block_asset_test.json
[22May2025 19:33:33.161] [Worker-Main-6/WARN] [net.minecraft.client.resources.model.ModelBakery/]: Unable to load model: 'titanium:item/machine_test' referenced from: titanium:item/machine_test: java.io.FileNotFoundException: titanium:models/item/machine_test.json
[22May2025 19:33:33.162] [Worker-Main-6/WARN] [net.minecraft.client.resources.model.ModelBakery/]: Unable to load model: 'enderio:block/block_detector' referenced from: enderio:item/block_detector: java.io.FileNotFoundException: enderio:models/block/block_detector.json
[22May2025 19:33:33.163] [Worker-Main-6/WARN] [net.minecraft.client.resources.model.ModelBakery/]: Unable to load model: 'titanium:item/block_twenty_four_test' referenced from: titanium:item/block_twenty_four_test: java.io.FileNotFoundException: titanium:models/item/block_twenty_four_test.json
[22May2025 19:33:33.164] [Worker-Main-6/WARN] [net.minecraft.client.resources.model.ModelBakery/]: Unable to load model: 'industrialforegoing:item/transporter' referenced from: industrialforegoing:item/transporter: java.io.FileNotFoundException: industrialforegoing:models/item/transporter.json
[22May2025 19:33:33.289] [Worker-Main-6/DEBUG] [mixin/]: Mixing core.model.quad.BakedQuadMixin from sodium-neoforge.mixins.json into net.minecraft.client.renderer.block.model.BakedQuad
[22May2025 19:33:33.289] [Worker-Main-6/DEBUG] [mixin/]: sodium-neoforge.mixins.json:core.model.quad.BakedQuadMixin from mod sodium: Class version 65 required is higher than the class version supported by the current version of Mixin (JAVA_17 supports class version 61)
[22May2025 19:33:33.292] [Worker-Main-6/DEBUG] [mixin/]: sodium-neoforge.mixins.json:core.model.quad.BakedQuadMixin from mod sodium->@Inject::init([IILnet/minecraft/core/Direction;Lnet/minecraft/client/renderer/texture/TextureAtlasSprite;ZZLorg/spongepowered/asm/mixin/injection/callback/CallbackInfo;)V doesn't use it's CallbackInfo
[22May2025 19:33:33.292] [Worker-Main-6/DEBUG] [mixin/]: sodium-neoforge.mixins.json:core.model.quad.BakedQuadMixin from mod sodium->@Inject::init([IILnet/minecraft/core/Direction;Lnet/minecraft/client/renderer/texture/TextureAtlasSprite;ZZLorg/spongepowered/asm/mixin/injection/callback/CallbackInfo;)V has 0 override(s) in child classes
[22May2025 19:33:33.292] [Worker-Main-6/DEBUG] [mixin/]: sodium-neoforge.mixins.json:core.model.quad.BakedQuadMixin from mod sodium->@Inject::init([IILnet/minecraft/core/Direction;Lnet/minecraft/client/renderer/texture/TextureAtlasSprite;ZZLorg/spongepowered/asm/mixin/injection/callback/CallbackInfo;)V won't be passed a CallbackInfo as a result
[22May2025 19:33:33.304] [Worker-Main-6/DEBUG] [mixin/]: Mixing client.MultipartBakedModelMixin from fabric-renderer-api-v1.mixins.json into net.minecraft.client.resources.model.MultiPartBakedModel
[22May2025 19:33:33.304] [Worker-Main-6/DEBUG] [mixin/]: Renaming synthetic method lambda$emitBlockQuads$0(Lnet/minecraft/util/RandomSource;J)Lnet/minecraft/util/RandomSource; to md60ac39$fabric_renderer_api_v1$lambda$emitBlockQuads$0$0 in fabric-renderer-api-v1.mixins.json:client.MultipartBakedModelMixin from mod fabric_renderer_api_v1
[22May2025 19:33:33.305] [Worker-Main-6/DEBUG] [mixin/]: Mixing features.model.MultiPartBakedModelMixin from sodium-neoforge.mixins.json into net.minecraft.client.resources.model.MultiPartBakedModel
[22May2025 19:33:33.305] [Worker-Main-6/DEBUG] [mixin/]: sodium-neoforge.mixins.json:features.model.MultiPartBakedModelMixin from mod sodium: Class version 65 required is higher than the class version supported by the current version of Mixin (JAVA_17 supports class version 61)
[22May2025 19:33:33.306] [Worker-Main-6/DEBUG] [mixin/]: Renaming synthetic method lambda$getRenderTypes$2(I)[Lnet/minecraft/client/resources/model/BakedModel; to md60ac39$sodium$lambda$getRenderTypes$2$1 in sodium-neoforge.mixins.json:features.model.MultiPartBakedModelMixin from mod sodium
[22May2025 19:33:33.306] [Worker-Main-6/DEBUG] [mixin/]: Renaming synthetic method lambda$getQuads$1(I)[Lnet/minecraft/client/resources/model/BakedModel; to md60ac39$sodium$lambda$getQuads$1$2 in sodium-neoforge.mixins.json:features.model.MultiPartBakedModelMixin from mod sodium
[22May2025 19:33:33.306] [Worker-Main-6/DEBUG] [mixin/]: Renaming synthetic method lambda$storeClassInfo$0(Lorg/apache/commons/lang3/tuple/Pair;)Z to md60ac39$sodium$lambda$storeClassInfo$0$3 in sodium-neoforge.mixins.json:features.model.MultiPartBakedModelMixin from mod sodium
[22May2025 19:33:33.311] [Worker-Main-6/DEBUG] [mixin/]: fabric-renderer-api-v1.mixins.json:client.MultipartBakedModelMixin from mod fabric_renderer_api_v1->@Inject::onInit(Ljava/util/List;Lorg/spongepowered/asm/mixin/injection/callback/CallbackInfo;)V doesn't use it's CallbackInfo
[22May2025 19:33:33.312] [Worker-Main-6/DEBUG] [mixin/]: fabric-renderer-api-v1.mixins.json:client.MultipartBakedModelMixin from mod fabric_renderer_api_v1->@Inject::onInit(Ljava/util/List;Lorg/spongepowered/asm/mixin/injection/callback/CallbackInfo;)V has 0 override(s) in child classes
[22May2025 19:33:33.312] [Worker-Main-6/DEBUG] [mixin/]: fabric-renderer-api-v1.mixins.json:client.MultipartBakedModelMixin from mod fabric_renderer_api_v1->@Inject::onInit(Ljava/util/List;Lorg/spongepowered/asm/mixin/injection/callback/CallbackInfo;)V won't be passed a CallbackInfo as a result
[22May2025 19:33:33.312] [Worker-Main-6/DEBUG] [mixin/]: sodium-neoforge.mixins.json:features.model.MultiPartBakedModelMixin from mod sodium->@Inject::storeClassInfo(Ljava/util/List;Lorg/spongepowered/asm/mixin/injection/callback/CallbackInfo;)V doesn't use it's CallbackInfo
[22May2025 19:33:33.312] [Worker-Main-6/DEBUG] [mixin/]: sodium-neoforge.mixins.json:features.model.MultiPartBakedModelMixin from mod sodium->@Inject::storeClassInfo(Ljava/util/List;Lorg/spongepowered/asm/mixin/injection/callback/CallbackInfo;)V has 0 override(s) in child classes
[22May2025 19:33:33.312] [Worker-Main-6/DEBUG] [mixin/]: sodium-neoforge.mixins.json:features.model.MultiPartBakedModelMixin from mod sodium->@Inject::storeClassInfo(Ljava/util/List;Lorg/spongepowered/asm/mixin/injection/callback/CallbackInfo;)V won't be passed a CallbackInfo as a result
[22May2025 19:33:33.357] [Worker-Main-6/DEBUG] [mixin/]: Mixing client.WeightedBakedModelMixin from fabric-renderer-api-v1.mixins.json into net.minecraft.client.resources.model.WeightedBakedModel
[22May2025 19:33:33.357] [Worker-Main-6/DEBUG] [mixin/]: Renaming synthetic method lambda$emitItemQuads$1(Ljava/util/function/Supplier;)Lnet/minecraft/util/RandomSource; to md60ac39$fabric_renderer_api_v1$lambda$emitItemQuads$1$0 in fabric-renderer-api-v1.mixins.json:client.WeightedBakedModelMixin from mod fabric_renderer_api_v1
[22May2025 19:33:33.357] [Worker-Main-6/DEBUG] [mixin/]: Renaming synthetic method lambda$emitBlockQuads$0(Ljava/util/function/Supplier;)Lnet/minecraft/util/RandomSource; to md60ac39$fabric_renderer_api_v1$lambda$emitBlockQuads$0$1 in fabric-renderer-api-v1.mixins.json:client.WeightedBakedModelMixin from mod fabric_renderer_api_v1
[22May2025 19:33:33.358] [Worker-Main-6/DEBUG] [mixin/]: Mixing features.model.WeightedBakedModelMixin from sodium-neoforge.mixins.json into net.minecraft.client.resources.model.WeightedBakedModel
[22May2025 19:33:33.358] [Worker-Main-6/DEBUG] [mixin/]: sodium-neoforge.mixins.json:features.model.WeightedBakedModelMixin from mod sodium: Class version 65 required is higher than the class version supported by the current version of Mixin (JAVA_17 supports class version 61)
[22May2025 19:33:33.360] [Worker-Main-6/DEBUG] [mixin/]: fabric-renderer-api-v1.mixins.json:client.WeightedBakedModelMixin from mod fabric_renderer_api_v1->@Inject::onInit(Ljava/util/List;Lorg/spongepowered/asm/mixin/injection/callback/CallbackInfo;)V doesn't use it's CallbackInfo
[22May2025 19:33:33.360] [Worker-Main-6/DEBUG] [mixin/]: fabric-renderer-api-v1.mixins.json:client.WeightedBakedModelMixin from mod fabric_renderer_api_v1->@Inject::onInit(Ljava/util/List;Lorg/spongepowered/asm/mixin/injection/callback/CallbackInfo;)V has 0 override(s) in child classes
[22May2025 19:33:33.360] [Worker-Main-6/DEBUG] [mixin/]: fabric-renderer-api-v1.mixins.json:client.WeightedBakedModelMixin from mod fabric_renderer_api_v1->@Inject::onInit(Ljava/util/List;Lorg/spongepowered/asm/mixin/injection/callback/CallbackInfo;)V won't be passed a CallbackInfo as a result
[22May2025 19:33:33.981] [Worker-Main-13/DEBUG] [mekanism.common.Mekanism/]: Received IMC message 'add_module_container' from 'mekanism' for new module container 'ModuleContainerTarget[container=mekanism:meka_tool, imcMethod=add_meka_tool_modules]'.
[22May2025 19:33:33.981] [Worker-Main-13/DEBUG] [mekanism.common.Mekanism/]: Received IMC message 'add_module_container' from 'mekanism' for new module container 'ModuleContainerTarget[container=mekanism:mekasuit_helmet, imcMethod=add_meka_suit_helmet_modules]'.
[22May2025 19:33:33.981] [Worker-Main-13/DEBUG] [mekanism.common.Mekanism/]: Received IMC message 'add_module_container' from 'mekanism' for new module container 'ModuleContainerTarget[container=mekanism:mekasuit_bodyarmor, imcMethod=add_meka_suit_bodyarmor_modules]'.
[22May2025 19:33:33.981] [Worker-Main-13/DEBUG] [mekanism.common.Mekanism/]: Received IMC message 'add_module_container' from 'mekanism' for new module container 'ModuleContainerTarget[container=mekanism:mekasuit_pants, imcMethod=add_meka_suit_pants_modules]'.
[22May2025 19:33:33.981] [Worker-Main-13/DEBUG] [mekanism.common.Mekanism/]: Received IMC message 'add_module_container' from 'mekanism' for new module container 'ModuleContainerTarget[container=mekanism:mekasuit_boots, imcMethod=add_meka_suit_boots_modules]'.
[22May2025 19:33:33.985] [Worker-Main-13/DEBUG] [mekanism.common.Mekanism/]: Received IMC message 'add_meka_tool_modules' from 'mekanism' for module 'mekanism:energy_unit'.
[22May2025 19:33:33.985] [Worker-Main-13/DEBUG] [mekanism.common.Mekanism/]: Received IMC message 'add_meka_tool_modules' from 'mekanism' for module 'mekanism:attack_amplification_unit'.
[22May2025 19:33:33.985] [Worker-Main-13/DEBUG] [mekanism.common.Mekanism/]: Received IMC message 'add_meka_tool_modules' from 'mekanism' for module 'mekanism:silk_touch_unit'.
[22May2025 19:33:33.985] [Worker-Main-13/DEBUG] [mekanism.common.Mekanism/]: Received IMC message 'add_meka_tool_modules' from 'mekanism' for module 'mekanism:fortune_unit'.
[22May2025 19:33:33.985] [Worker-Main-13/DEBUG] [mekanism.common.Mekanism/]: Received IMC message 'add_meka_tool_modules' from 'mekanism' for module 'mekanism:blasting_unit'.
[22May2025 19:33:33.985] [Worker-Main-13/DEBUG] [mekanism.common.Mekanism/]: Received IMC message 'add_meka_tool_modules' from 'mekanism' for module 'mekanism:vein_mining_unit'.
[22May2025 19:33:33.985] [Worker-Main-13/DEBUG] [mekanism.common.Mekanism/]: Received IMC message 'add_meka_tool_modules' from 'mekanism' for module 'mekanism:farming_unit'.
[22May2025 19:33:33.985] [Worker-Main-13/DEBUG] [mekanism.common.Mekanism/]: Received IMC message 'add_meka_tool_modules' from 'mekanism' for module 'mekanism:shearing_unit'.
[22May2025 19:33:33.985] [Worker-Main-13/DEBUG] [mekanism.common.Mekanism/]: Received IMC message 'add_meka_tool_modules' from 'mekanism' for module 'mekanism:teleportation_unit'.
[22May2025 19:33:33.985] [Worker-Main-13/DEBUG] [mekanism.common.Mekanism/]: Received IMC message 'add_meka_tool_modules' from 'mekanism' for module 'mekanism:excavation_escalation_unit'.
[22May2025 19:33:33.986] [Worker-Main-13/DEBUG] [mekanism.common.Mekanism/]: Received IMC message 'add_meka_suit_helmet_modules' from 'mekanism' for module 'mekanism:energy_unit'.
[22May2025 19:33:33.986] [Worker-Main-13/DEBUG] [mekanism.common.Mekanism/]: Received IMC message 'add_meka_suit_helmet_modules' from 'mekanism' for module 'mekanism:color_modulation_unit'.
[22May2025 19:33:33.986] [Worker-Main-13/DEBUG] [mekanism.common.Mekanism/]: Received IMC message 'add_meka_suit_helmet_modules' from 'mekanism' for module 'mekanism:laser_dissipation_unit'.
[22May2025 19:33:33.986] [Worker-Main-13/DEBUG] [mekanism.common.Mekanism/]: Received IMC message 'add_meka_suit_helmet_modules' from 'mekanism' for module 'mekanism:radiation_shielding_unit'.
[22May2025 19:33:33.986] [Worker-Main-13/DEBUG] [mekanism.common.Mekanism/]: Received IMC message 'add_meka_suit_helmet_modules' from 'mekanism' for module 'mekanism:electrolytic_breathing_unit'.
[22May2025 19:33:33.986] [Worker-Main-13/DEBUG] [mekanism.common.Mekanism/]: Received IMC message 'add_meka_suit_helmet_modules' from 'mekanism' for module 'mekanism:inhalation_purification_unit'.
[22May2025 19:33:33.986] [Worker-Main-13/DEBUG] [mekanism.common.Mekanism/]: Received IMC message 'add_meka_suit_helmet_modules' from 'mekanism' for module 'mekanism:vision_enhancement_unit'.
[22May2025 19:33:33.986] [Worker-Main-13/DEBUG] [mekanism.common.Mekanism/]: Received IMC message 'add_meka_suit_helmet_modules' from 'mekanism' for module 'mekanism:nutritional_injection_unit'.
[22May2025 19:33:33.986] [Worker-Main-13/DEBUG] [mekanism.common.Mekanism/]: Received IMC message 'add_meka_suit_helmet_modules' from 'mekanismgenerators' for module 'mekanismgenerators:solar_recharging_unit'.
[22May2025 19:33:33.986] [Worker-Main-13/DEBUG] [mekanism.common.Mekanism/]: Received IMC message 'add_meka_suit_bodyarmor_modules' from 'mekanism' for module 'mekanism:energy_unit'.
[22May2025 19:33:33.986] [Worker-Main-13/DEBUG] [mekanism.common.Mekanism/]: Received IMC message 'add_meka_suit_bodyarmor_modules' from 'mekanism' for module 'mekanism:color_modulation_unit'.
[22May2025 19:33:33.986] [Worker-Main-13/DEBUG] [mekanism.common.Mekanism/]: Received IMC message 'add_meka_suit_bodyarmor_modules' from 'mekanism' for module 'mekanism:laser_dissipation_unit'.
[22May2025 19:33:33.986] [Worker-Main-13/DEBUG] [mekanism.common.Mekanism/]: Received IMC message 'add_meka_suit_bodyarmor_modules' from 'mekanism' for module 'mekanism:radiation_shielding_unit'.
[22May2025 19:33:33.986] [Worker-Main-13/DEBUG] [mekanism.common.Mekanism/]: Received IMC message 'add_meka_suit_bodyarmor_modules' from 'mekanism' for module 'mekanism:jetpack_unit'.
[22May2025 19:33:33.986] [Worker-Main-13/DEBUG] [mekanism.common.Mekanism/]: Received IMC message 'add_meka_suit_bodyarmor_modules' from 'mekanism' for module 'mekanism:gravitational_modulating_unit'.
[22May2025 19:33:33.986] [Worker-Main-13/DEBUG] [mekanism.common.Mekanism/]: Received IMC message 'add_meka_suit_bodyarmor_modules' from 'mekanism' for module 'mekanism:charge_distribution_unit'.
[22May2025 19:33:33.986] [Worker-Main-13/DEBUG] [mekanism.common.Mekanism/]: Received IMC message 'add_meka_suit_bodyarmor_modules' from 'mekanism' for module 'mekanism:dosimeter_unit'.
[22May2025 19:33:33.986] [Worker-Main-13/DEBUG] [mekanism.common.Mekanism/]: Received IMC message 'add_meka_suit_bodyarmor_modules' from 'mekanism' for module 'mekanism:geiger_unit'.
[22May2025 19:33:33.986] [Worker-Main-13/DEBUG] [mekanism.common.Mekanism/]: Received IMC message 'add_meka_suit_bodyarmor_modules' from 'mekanism' for module 'mekanism:elytra_unit'.
[22May2025 19:33:33.986] [Worker-Main-13/DEBUG] [mekanism.common.Mekanism/]: Received IMC message 'add_meka_suit_pants_modules' from 'mekanism' for module 'mekanism:energy_unit'.
[22May2025 19:33:33.986] [Worker-Main-13/DEBUG] [mekanism.common.Mekanism/]: Received IMC message 'add_meka_suit_pants_modules' from 'mekanism' for module 'mekanism:color_modulation_unit'.
[22May2025 19:33:33.986] [Worker-Main-13/DEBUG] [mekanism.common.Mekanism/]: Received IMC message 'add_meka_suit_pants_modules' from 'mekanism' for module 'mekanism:laser_dissipation_unit'.
[22May2025 19:33:33.986] [Worker-Main-13/DEBUG] [mekanism.common.Mekanism/]: Received IMC message 'add_meka_suit_pants_modules' from 'mekanism' for module 'mekanism:radiation_shielding_unit'.
[22May2025 19:33:33.986] [Worker-Main-13/DEBUG] [mekanism.common.Mekanism/]: Received IMC message 'add_meka_suit_pants_modules' from 'mekanism' for module 'mekanism:locomotive_boosting_unit'.
[22May2025 19:33:33.986] [Worker-Main-13/DEBUG] [mekanism.common.Mekanism/]: Received IMC message 'add_meka_suit_pants_modules' from 'mekanism' for module 'mekanism:gyroscopic_stabilization_unit'.
[22May2025 19:33:33.986] [Worker-Main-13/DEBUG] [mekanism.common.Mekanism/]: Received IMC message 'add_meka_suit_pants_modules' from 'mekanism' for module 'mekanism:hydrostatic_repulsor_unit'.
[22May2025 19:33:33.986] [Worker-Main-13/DEBUG] [mekanism.common.Mekanism/]: Received IMC message 'add_meka_suit_pants_modules' from 'mekanism' for module 'mekanism:motorized_servo_unit'.
[22May2025 19:33:33.986] [Worker-Main-13/DEBUG] [mekanism.common.Mekanism/]: Received IMC message 'add_meka_suit_pants_modules' from 'mekanismgenerators' for module 'mekanismgenerators:geothermal_generator_unit'.
[22May2025 19:33:33.986] [Worker-Main-13/DEBUG] [mekanism.common.Mekanism/]: Received IMC message 'add_meka_suit_boots_modules' from 'mekanism' for module 'mekanism:energy_unit'.
[22May2025 19:33:33.986] [Worker-Main-13/DEBUG] [mekanism.common.Mekanism/]: Received IMC message 'add_meka_suit_boots_modules' from 'mekanism' for module 'mekanism:color_modulation_unit'.
[22May2025 19:33:33.986] [Worker-Main-13/DEBUG] [mekanism.common.Mekanism/]: Received IMC message 'add_meka_suit_boots_modules' from 'mekanism' for module 'mekanism:laser_dissipation_unit'.
[22May2025 19:33:33.986] [Worker-Main-13/DEBUG] [mekanism.common.Mekanism/]: Received IMC message 'add_meka_suit_boots_modules' from 'mekanism' for module 'mekanism:radiation_shielding_unit'.
[22May2025 19:33:33.986] [Worker-Main-13/DEBUG] [mekanism.common.Mekanism/]: Received IMC message 'add_meka_suit_boots_modules' from 'mekanism' for module 'mekanism:hydraulic_propulsion_unit'.
[22May2025 19:33:33.986] [Worker-Main-13/DEBUG] [mekanism.common.Mekanism/]: Received IMC message 'add_meka_suit_boots_modules' from 'mekanism' for module 'mekanism:magnetic_attraction_unit'.
[22May2025 19:33:33.986] [Worker-Main-13/DEBUG] [mekanism.common.Mekanism/]: Received IMC message 'add_meka_suit_boots_modules' from 'mekanism' for module 'mekanism:frost_walker_unit'.
[22May2025 19:33:33.986] [Worker-Main-13/DEBUG] [mekanism.common.Mekanism/]: Received IMC message 'add_meka_suit_boots_modules' from 'mekanism' for module 'mekanism:soul_surfer_unit'.
[22May2025 19:33:34.089] [Worker-Main-13/INFO] [snownee.jade.Jade/]: Start loading plugin from snownee.jade.addon.vanilla.VanillaPlugin
[22May2025 19:33:34.120] [Worker-Main-13/INFO] [snownee.jade.Jade/]: Bootstrapped plugin from snownee.jade.addon.vanilla.VanillaPlugin in 29.70 ms
[22May2025 19:33:34.126] [Worker-Main-13/INFO] [snownee.jade.Jade/]: Loaded plugin from snownee.jade.addon.vanilla.VanillaPlugin in 35.59 ms
[22May2025 19:33:34.127] [Worker-Main-13/INFO] [snownee.jade.Jade/]: Start loading plugin from snownee.jade.addon.universal.UniversalPlugin
[22May2025 19:33:34.131] [Worker-Main-13/INFO] [snownee.jade.Jade/]: Bootstrapped plugin from snownee.jade.addon.universal.UniversalPlugin in 3.469 ms
[22May2025 19:33:34.131] [Worker-Main-13/INFO] [snownee.jade.Jade/]: Loaded plugin from snownee.jade.addon.universal.UniversalPlugin in 3.754 ms
[22May2025 19:33:34.131] [Worker-Main-13/INFO] [snownee.jade.Jade/]: Start loading plugin from snownee.jade.addon.debug.DebugPlugin
[22May2025 19:33:34.133] [Worker-Main-13/INFO] [snownee.jade.Jade/]: Bootstrapped plugin from snownee.jade.addon.debug.DebugPlugin in 1.591 ms
[22May2025 19:33:34.133] [Worker-Main-13/INFO] [snownee.jade.Jade/]: Loaded plugin from snownee.jade.addon.debug.DebugPlugin in 1.823 ms
[22May2025 19:33:34.133] [Worker-Main-13/INFO] [snownee.jade.Jade/]: Start loading plugin from snownee.jade.addon.core.CorePlugin
[22May2025 19:33:34.135] [Worker-Main-13/INFO] [snownee.jade.Jade/]: Bootstrapped plugin from snownee.jade.addon.core.CorePlugin in 2.318 ms
[22May2025 19:33:34.136] [Worker-Main-13/INFO] [snownee.jade.Jade/]: Loaded plugin from snownee.jade.addon.core.CorePlugin in 2.457 ms
[22May2025 19:33:34.136] [Worker-Main-13/INFO] [snownee.jade.Jade/]: Start loading plugin from snownee.jade.addon.access.AccessibilityPlugin
[22May2025 19:33:34.138] [Worker-Main-13/INFO] [snownee.jade.Jade/]: Bootstrapped plugin from snownee.jade.addon.access.AccessibilityPlugin in 1.821 ms
[22May2025 19:33:34.138] [Worker-Main-13/INFO] [snownee.jade.Jade/]: Loaded plugin from snownee.jade.addon.access.AccessibilityPlugin in 1.929 ms
[22May2025 19:33:34.138] [Worker-Main-13/INFO] [snownee.jade.Jade/]: Start loading plugin from mekanism.common.integration.lookingat.jade.MekanismJadePlugin
[22May2025 19:33:34.144] [Worker-Main-13/INFO] [snownee.jade.Jade/]: Bootstrapped plugin from mekanism.common.integration.lookingat.jade.MekanismJadePlugin in 5.364 ms
[22May2025 19:33:34.144] [Worker-Main-13/INFO] [snownee.jade.Jade/]: Loaded plugin from mekanism.common.integration.lookingat.jade.MekanismJadePlugin in 5.499 ms
[22May2025 19:33:34.367] [Render thread/WARN] [net.minecraft.client.sounds.SoundEngine/]: Missing sound for event: minecraft:item.goat_horn.play
[22May2025 19:33:34.367] [Render thread/WARN] [net.minecraft.client.sounds.SoundEngine/]: Missing sound for event: minecraft:entity.goat.screaming.horn_break
[22May2025 19:33:34.402] [Render thread/INFO] [com.mojang.blaze3d.audio.Library/]: OpenAL initialized on device OpenAL Soft on Alto-falantes (High Definition Audio Device)
[22May2025 19:33:34.403] [Render thread/INFO] [net.minecraft.client.sounds.SoundEngine/SOUNDS]: Sound engine started
[22May2025 19:33:34.507] [Render thread/INFO] [net.minecraft.client.renderer.texture.TextureAtlas/]: Created: 2048x1024x2 minecraft:textures/atlas/blocks.png-atlas
[22May2025 19:33:34.509] [Render thread/DEBUG] [mixin/]: Mixing texture.SpriteContentsTickerAccessor from mixins.iris.json into net.minecraft.client.renderer.texture.SpriteContents$Ticker
[22May2025 19:33:34.509] [Render thread/DEBUG] [mixin/]: mixins.iris.json:texture.SpriteContentsTickerAccessor from mod iris: Class version 65 required is higher than the class version supported by the current version of Mixin (JAVA_8 supports class version 52)
[22May2025 19:33:34.509] [Render thread/DEBUG] [mixin/]: Mixing features.textures.animations.tracking.SpriteContentsTickerMixin from sodium-common.mixins.json into net.minecraft.client.renderer.texture.SpriteContents$Ticker
[22May2025 19:33:34.510] [Render thread/DEBUG] [mixin/]: sodium-common.mixins.json:features.textures.animations.tracking.SpriteContentsTickerMixin from mod sodium: Class version 65 required is higher than the class version supported by the current version of Mixin (JAVA_17 supports class version 61)
[22May2025 19:33:34.510] [Render thread/DEBUG] [mixin/]: Mixing features.textures.animations.upload.SpriteContentsTickerAccessor from sodium-common.mixins.json into net.minecraft.client.renderer.texture.SpriteContents$Ticker
[22May2025 19:33:34.510] [Render thread/DEBUG] [mixin/]: sodium-common.mixins.json:features.textures.animations.upload.SpriteContentsTickerAccessor from mod sodium: Class version 65 required is higher than the class version supported by the current version of Mixin (JAVA_17 supports class version 61)
[22May2025 19:33:34.511] [Render thread/DEBUG] [mixin/]: sodium-common.mixins.json:features.textures.animations.tracking.SpriteContentsTickerMixin from mod sodium->@Inject::assignParent(Lnet/minecraft/client/renderer/texture/SpriteContents;Lnet/minecraft/client/renderer/texture/SpriteContents$AnimatedTexture;Lnet/minecraft/client/renderer/texture/SpriteContents$InterpolationData;Lorg/spongepowered/asm/mixin/injection/callback/CallbackInfo;)V doesn't use it's CallbackInfo
[22May2025 19:33:34.511] [Render thread/DEBUG] [mixin/]: sodium-common.mixins.json:features.textures.animations.tracking.SpriteContentsTickerMixin from mod sodium->@Inject::assignParent(Lnet/minecraft/client/renderer/texture/SpriteContents;Lnet/minecraft/client/renderer/texture/SpriteContents$AnimatedTexture;Lnet/minecraft/client/renderer/texture/SpriteContents$InterpolationData;Lorg/spongepowered/asm/mixin/injection/callback/CallbackInfo;)V has 0 override(s) in child classes
[22May2025 19:33:34.511] [Render thread/DEBUG] [mixin/]: sodium-common.mixins.json:features.textures.animations.tracking.SpriteContentsTickerMixin from mod sodium->@Inject::assignParent(Lnet/minecraft/client/renderer/texture/SpriteContents;Lnet/minecraft/client/renderer/texture/SpriteContents$AnimatedTexture;Lnet/minecraft/client/renderer/texture/SpriteContents$InterpolationData;Lorg/spongepowered/asm/mixin/injection/callback/CallbackInfo;)V won't be passed a CallbackInfo as a result
[22May2025 19:33:34.511] [Render thread/DEBUG] [mixin/]: sodium-common.mixins.json:features.textures.animations.tracking.SpriteContentsTickerMixin from mod sodium->@Inject::preTick(Lorg/spongepowered/asm/mixin/injection/callback/CallbackInfo;)V does use it's CallbackInfo
[22May2025 19:33:34.511] [Render thread/DEBUG] [mixin/]: sodium-common.mixins.json:features.textures.animations.tracking.SpriteContentsTickerMixin from mod sodium->@Inject::postTick(Lorg/spongepowered/asm/mixin/injection/callback/CallbackInfo;)V doesn't use it's CallbackInfo
[22May2025 19:33:34.511] [Render thread/DEBUG] [mixin/]: sodium-common.mixins.json:features.textures.animations.tracking.SpriteContentsTickerMixin from mod sodium->@Inject::postTick(Lorg/spongepowered/asm/mixin/injection/callback/CallbackInfo;)V has 0 override(s) in child classes
[22May2025 19:33:34.511] [Render thread/DEBUG] [mixin/]: sodium-common.mixins.json:features.textures.animations.tracking.SpriteContentsTickerMixin from mod sodium->@Inject::postTick(Lorg/spongepowered/asm/mixin/injection/callback/CallbackInfo;)V won't be passed a CallbackInfo as a result
[22May2025 19:33:34.511] [Render thread/DEBUG] [mixin/]: Unexpected: Registered method getAnimationInfo()Lnet/minecraft/client/renderer/texture/SpriteContents$AnimatedTexture; in net.minecraft.client.renderer.texture.SpriteContents$Ticker was not merged
[22May2025 19:33:34.515] [Render thread/DEBUG] [mixin/]: Mixing features.textures.animations.upload.SpriteContentsInterpolationMixin from sodium-common.mixins.json into net.minecraft.client.renderer.texture.SpriteContents$InterpolationData
[22May2025 19:33:34.515] [Render thread/DEBUG] [mixin/]: sodium-common.mixins.json:features.textures.animations.upload.SpriteContentsInterpolationMixin from mod sodium: Class version 65 required is higher than the class version supported by the current version of Mixin (JAVA_17 supports class version 61)
[22May2025 19:33:34.517] [Render thread/DEBUG] [mixin/]: sodium-common.mixins.json:features.textures.animations.upload.SpriteContentsInterpolationMixin from mod sodium->@Inject::assignParent(Lnet/minecraft/client/renderer/texture/SpriteContents;Lorg/spongepowered/asm/mixin/injection/callback/CallbackInfo;)V doesn't use it's CallbackInfo
[22May2025 19:33:34.542] [Render thread/INFO] [net.minecraft.client.renderer.texture.TextureAtlas/]: Created: 256x256x2 minecraft:textures/atlas/signs.png-atlas
[22May2025 19:33:34.542] [Render thread/INFO] [net.minecraft.client.renderer.texture.TextureAtlas/]: Created: 512x512x2 minecraft:textures/atlas/shield_patterns.png-atlas
[22May2025 19:33:34.543] [Render thread/INFO] [net.minecraft.client.renderer.texture.TextureAtlas/]: Created: 512x512x2 minecraft:textures/atlas/banner_patterns.png-atlas
[22May2025 19:33:34.543] [Render thread/INFO] [net.minecraft.client.renderer.texture.TextureAtlas/]: Created: 1024x1024x2 minecraft:textures/atlas/armor_trims.png-atlas
[22May2025 19:33:34.546] [Render thread/INFO] [net.minecraft.client.renderer.texture.TextureAtlas/]: Created: 256x256x2 minecraft:textures/atlas/chest.png-atlas
[22May2025 19:33:34.546] [Render thread/INFO] [net.minecraft.client.renderer.texture.TextureAtlas/]: Created: 128x64x2 minecraft:textures/atlas/decorated_pot.png-atlas
[22May2025 19:33:34.547] [Render thread/INFO] [net.minecraft.client.renderer.texture.TextureAtlas/]: Created: 512x256x2 minecraft:textures/atlas/shulker_boxes.png-atlas
[22May2025 19:33:34.547] [Render thread/INFO] [net.minecraft.client.renderer.texture.TextureAtlas/]: Created: 512x256x2 minecraft:textures/atlas/beds.png-atlas
[22May2025 19:33:34.657] [Render thread/DEBUG] [mixin/]: Mixing features.render.entity.CubeMixin from sodium-common.mixins.json into net.minecraft.client.model.geom.ModelPart$Cube
[22May2025 19:33:34.657] [Render thread/DEBUG] [mixin/]: sodium-common.mixins.json:features.render.entity.CubeMixin from mod sodium: Class version 65 required is higher than the class version supported by the current version of Mixin (JAVA_17 supports class version 61)
[22May2025 19:33:34.659] [Render thread/DEBUG] [mixin/]: sodium-common.mixins.json:features.render.entity.CubeMixin from mod sodium->@Inject::onCompile(Lcom/mojang/blaze3d/vertex/PoseStack$Pose;Lcom/mojang/blaze3d/vertex/VertexConsumer;IIILorg/spongepowered/asm/mixin/injection/callback/CallbackInfo;)V does use it's CallbackInfo
[22May2025 19:33:34.746] [Render thread/DEBUG] [mixin/]: Mixing CapeLayerMixin from playerAnimator-common.mixins.json into net.minecraft.client.renderer.entity.layers.CapeLayer
[22May2025 19:33:34.747] [Render thread/DEBUG] [mixin/]: Mixing entity_render_context.MixinCapeLayer from mixins.iris.json into net.minecraft.client.renderer.entity.layers.CapeLayer
[22May2025 19:33:34.747] [Render thread/DEBUG] [mixin/]: mixins.iris.json:entity_render_context.MixinCapeLayer from mod iris: Class version 65 required is higher than the class version supported by the current version of Mixin (JAVA_8 supports class version 52)
[22May2025 19:33:34.749] [Render thread/DEBUG] [mixin/]: playerAnimator-common.mixins.json:CapeLayerMixin from mod playeranimator->@Inject::render(Lcom/mojang/blaze3d/vertex/PoseStack;Lnet/minecraft/client/renderer/MultiBufferSource;ILnet/minecraft/client/player/AbstractClientPlayer;FFFFFFLorg/spongepowered/asm/mixin/injection/callback/CallbackInfo;)V doesn't use it's CallbackInfo
[22May2025 19:33:34.749] [Render thread/DEBUG] [mixin/]: playerAnimator-common.mixins.json:CapeLayerMixin from mod playeranimator->@Inject::render(Lcom/mojang/blaze3d/vertex/PoseStack;Lnet/minecraft/client/renderer/MultiBufferSource;ILnet/minecraft/client/player/AbstractClientPlayer;FFFFFFLorg/spongepowered/asm/mixin/injection/callback/CallbackInfo;)V has 0 override(s) in child classes
[22May2025 19:33:34.749] [Render thread/DEBUG] [mixin/]: playerAnimator-common.mixins.json:CapeLayerMixin from mod playeranimator->@Inject::render(Lcom/mojang/blaze3d/vertex/PoseStack;Lnet/minecraft/client/renderer/MultiBufferSource;ILnet/minecraft/client/player/AbstractClientPlayer;FFFFFFLorg/spongepowered/asm/mixin/injection/callback/CallbackInfo;)V won't be passed a CallbackInfo as a result
[22May2025 19:33:34.749] [Render thread/DEBUG] [mixin/]: mixins.iris.json:entity_render_context.MixinCapeLayer from mod iris->@Inject::changeId(Lcom/mojang/blaze3d/vertex/PoseStack;Lnet/minecraft/client/renderer/MultiBufferSource;ILnet/minecraft/client/player/AbstractClientPlayer;FFFFFFLorg/spongepowered/asm/mixin/injection/callback/CallbackInfo;)V doesn't use it's CallbackInfo
[22May2025 19:33:34.749] [Render thread/DEBUG] [mixin/]: mixins.iris.json:entity_render_context.MixinCapeLayer from mod iris->@Inject::changeId(Lcom/mojang/blaze3d/vertex/PoseStack;Lnet/minecraft/client/renderer/MultiBufferSource;ILnet/minecraft/client/player/AbstractClientPlayer;FFFFFFLorg/spongepowered/asm/mixin/injection/callback/CallbackInfo;)V has 0 override(s) in child classes
[22May2025 19:33:34.749] [Render thread/DEBUG] [mixin/]: mixins.iris.json:entity_render_context.MixinCapeLayer from mod iris->@Inject::changeId(Lcom/mojang/blaze3d/vertex/PoseStack;Lnet/minecraft/client/renderer/MultiBufferSource;ILnet/minecraft/client/player/AbstractClientPlayer;FFFFFFLorg/spongepowered/asm/mixin/injection/callback/CallbackInfo;)V won't be passed a CallbackInfo as a result
[22May2025 19:33:34.749] [Render thread/DEBUG] [mixin/]: mixins.iris.json:entity_render_context.MixinCapeLayer from mod iris->@Inject::changeId2(Lorg/spongepowered/asm/mixin/injection/callback/CallbackInfo;)V doesn't use it's CallbackInfo
[22May2025 19:33:34.749] [Render thread/DEBUG] [mixin/]: mixins.iris.json:entity_render_context.MixinCapeLayer from mod iris->@Inject::changeId2(Lorg/spongepowered/asm/mixin/injection/callback/CallbackInfo;)V has 0 override(s) in child classes
[22May2025 19:33:34.749] [Render thread/DEBUG] [mixin/]: mixins.iris.json:entity_render_context.MixinCapeLayer from mod iris->@Inject::changeId2(Lorg/spongepowered/asm/mixin/injection/callback/CallbackInfo;)V won't be passed a CallbackInfo as a result
[22May2025 19:33:34.753] [Render thread/DEBUG] [mekanism.common.Mekanism/]: Added Mekanism Elytra Layer to entity of type: minecraft:player
[22May2025 19:33:34.753] [Render thread/DEBUG] [mekanism.common.Mekanism/]: Added Mekanism Armor Layer to entity of type: minecraft:player
[22May2025 19:33:34.753] [Render thread/DEBUG] [mekanism.common.Mekanism/]: Added Mekanism Elytra Layer to entity of type: minecraft:player
[22May2025 19:33:34.753] [Render thread/DEBUG] [mekanism.common.Mekanism/]: Added Mekanism Armor Layer to entity of type: minecraft:player
[22May2025 19:33:34.753] [Render thread/DEBUG] [mekanism.common.Mekanism/]: Added Mekanism Elytra Layer to entity of type: minecraft:zombie
[22May2025 19:33:34.753] [Render thread/DEBUG] [mekanism.common.Mekanism/]: Added Mekanism Armor Layer to entity of type: minecraft:zombie
[22May2025 19:33:34.753] [Render thread/DEBUG] [mekanism.common.Mekanism/]: Added Mekanism Elytra Layer to entity of type: minecraft:piglin
[22May2025 19:33:34.753] [Render thread/DEBUG] [mekanism.common.Mekanism/]: Added Mekanism Armor Layer to entity of type: minecraft:piglin
[22May2025 19:33:34.753] [Render thread/DEBUG] [mekanism.common.Mekanism/]: Added Mekanism Elytra Layer to entity of type: minecraft:skeleton
[22May2025 19:33:34.753] [Render thread/DEBUG] [mekanism.common.Mekanism/]: Added Mekanism Armor Layer to entity of type: minecraft:skeleton
[22May2025 19:33:34.753] [Render thread/DEBUG] [mekanism.common.Mekanism/]: Added Mekanism Elytra Layer to entity of type: justdirethings:decoy_entity
[22May2025 19:33:34.753] [Render thread/DEBUG] [mekanism.common.Mekanism/]: Added Mekanism Armor Layer to entity of type: justdirethings:decoy_entity
[22May2025 19:33:34.753] [Render thread/DEBUG] [mekanism.common.Mekanism/]: Added Mekanism Elytra Layer to entity of type: minecraft:piglin_brute
[22May2025 19:33:34.753] [Render thread/DEBUG] [mekanism.common.Mekanism/]: Added Mekanism Armor Layer to entity of type: minecraft:piglin_brute
[22May2025 19:33:34.753] [Render thread/DEBUG] [mekanism.common.Mekanism/]: Added Mekanism Elytra Layer to entity of type: minecraft:husk
[22May2025 19:33:34.753] [Render thread/DEBUG] [mekanism.common.Mekanism/]: Added Mekanism Armor Layer to entity of type: minecraft:husk
[22May2025 19:33:34.753] [Render thread/DEBUG] [mekanism.common.Mekanism/]: Added Mekanism Elytra Layer to entity of type: minecraft:stray
[22May2025 19:33:34.753] [Render thread/DEBUG] [mekanism.common.Mekanism/]: Added Mekanism Armor Layer to entity of type: minecraft:stray
[22May2025 19:33:34.753] [Render thread/DEBUG] [mekanism.common.Mekanism/]: Added Mekanism Elytra Layer to entity of type: minecraft:bogged
[22May2025 19:33:34.753] [Render thread/DEBUG] [mekanism.common.Mekanism/]: Added Mekanism Armor Layer to entity of type: minecraft:bogged
[22May2025 19:33:34.753] [Render thread/DEBUG] [mekanism.common.Mekanism/]: Added Mekanism Elytra Layer to entity of type: minecraft:zombie_villager
[22May2025 19:33:34.754] [Render thread/DEBUG] [mekanism.common.Mekanism/]: Added Mekanism Armor Layer to entity of type: minecraft:zombie_villager
[22May2025 19:33:34.754] [Render thread/DEBUG] [mekanism.common.Mekanism/]: Added Mekanism Elytra Layer to entity of type: minecraft:armor_stand
[22May2025 19:33:34.754] [Render thread/DEBUG] [mekanism.common.Mekanism/]: Added Mekanism Armor Layer to entity of type: minecraft:armor_stand
[22May2025 19:33:34.754] [Render thread/DEBUG] [mekanism.common.Mekanism/]: Added Mekanism Elytra Layer to entity of type: minecraft:drowned
[22May2025 19:33:34.754] [Render thread/DEBUG] [mekanism.common.Mekanism/]: Added Mekanism Armor Layer to entity of type: minecraft:drowned
[22May2025 19:33:34.754] [Render thread/DEBUG] [mekanism.common.Mekanism/]: Added Mekanism Elytra Layer to entity of type: minecraft:wither_skeleton
[22May2025 19:33:34.754] [Render thread/DEBUG] [mekanism.common.Mekanism/]: Added Mekanism Armor Layer to entity of type: minecraft:wither_skeleton
[22May2025 19:33:34.754] [Render thread/DEBUG] [mekanism.common.Mekanism/]: Added Mekanism Armor Layer to entity of type: minecraft:giant
[22May2025 19:33:34.754] [Render thread/DEBUG] [mekanism.common.Mekanism/]: Added Mekanism Elytra Layer to entity of type: minecraft:zombified_piglin
[22May2025 19:33:34.754] [Render thread/DEBUG] [mekanism.common.Mekanism/]: Added Mekanism Armor Layer to entity of type: minecraft:zombified_piglin
[22May2025 19:33:34.754] [Render thread/INFO] [net.minecraft.client.renderer.texture.TextureAtlas/]: Created: 512x256x0 minecraft:textures/atlas/particles.png-atlas
[22May2025 19:33:34.757] [Render thread/INFO] [net.minecraft.client.renderer.texture.TextureAtlas/]: Created: 512x256x0 minecraft:textures/atlas/paintings.png-atlas
[22May2025 19:33:34.757] [Render thread/INFO] [net.minecraft.client.renderer.texture.TextureAtlas/]: Created: 256x128x0 minecraft:textures/atlas/mob_effects.png-atlas
[22May2025 19:33:34.757] [Render thread/INFO] [net.minecraft.client.renderer.texture.TextureAtlas/]: Created: 64x64x0 minecraft:textures/atlas/map_decorations.png-atlas
[22May2025 19:33:34.757] [Render thread/INFO] [net.minecraft.client.renderer.texture.TextureAtlas/]: Created: 1024x512x0 minecraft:textures/atlas/gui.png-atlas
[22May2025 19:33:34.782] [Render thread/WARN] [net.minecraft.client.renderer.ShaderInstance/]: Shader rendertype_entity_translucent_emissive could not find sampler named Sampler2 in the specified shader program.
[22May2025 19:33:34.818] [Render thread/DEBUG] [mixin/]: Mixing state_tracking.MixinPostChain from mixins.iris.json into net.minecraft.client.renderer.PostChain
[22May2025 19:33:34.818] [Render thread/DEBUG] [mixin/]: mixins.iris.json:state_tracking.MixinPostChain from mod iris: Class version 65 required is higher than the class version supported by the current version of Mixin (JAVA_8 supports class version 52)
[22May2025 19:33:34.847] [Render thread/WARN] [dev.kosmx.playerAnim.minecraftApi.PlayerAnimationRegistry/]: [WARNING FOR MOD DEVS] Animation player_animation/bite.json is in wrong directory: "player_animation", please place it in "player_animations".
[22May2025 19:33:34.859] [Render thread/INFO] [net.minecraft.client.renderer.texture.TextureAtlas/]: Created: 256x256x0 jei:textures/atlas/gui.png-atlas
[22May2025 19:33:34.860] [Render thread/INFO] [net.minecraft.client.renderer.texture.TextureAtlas/]: Created: 512x256x0 mekanism:textures/atlas/robit.png-atlas
[22May2025 19:33:34.865] [Render thread/INFO] [net.neoforged.neoforge.client.entity.animation.json.AnimationLoader/]: Loaded 0 entity animations
[22May2025 19:33:34.883] [Render thread/INFO] [Iris/]: Creating pipeline for dimension minecraft:overworld
[22May2025 19:33:34.951] [Render thread/WARN] [Iris/]: Failed to resolve uniform inPaleGarden, reason: Unknown variable: BIOME_PALE_GARDEN ( = FunctionCall{smooth {[Number{54}, FunctionCall{if {[FunctionCall{in {[Id{biome}, Id{BIOME_PALE_GARDEN}]} }, Number{1}, Number{0}]} }, Number{15}, Number{15}]} })
java.lang.RuntimeException: Unknown variable: BIOME_PALE_GARDEN
	at TRANSFORMER/iris@1.8.6+mc1.21.1/kroppeb.stareval.resolver.ExpressionResolver.resolveExpressionInternal(ExpressionResolver.java:225) ~[iris-neoforge-1.8.6+mc1.21.1.jar%23211!/:?]
	at TRANSFORMER/iris@1.8.6+mc1.21.1/kroppeb.stareval.resolver.ExpressionResolver.resolveCallExpressionInternal(ExpressionResolver.java:81) ~[iris-neoforge-1.8.6+mc1.21.1.jar%23211!/:?]
	at TRANSFORMER/iris@1.8.6+mc1.21.1/kroppeb.stareval.resolver.ExpressionResolver.resolveCallExpression(ExpressionResolver.java:140) ~[iris-neoforge-1.8.6+mc1.21.1.jar%23211!/:?]
	at TRANSFORMER/iris@1.8.6+mc1.21.1/kroppeb.stareval.resolver.ExpressionResolver.resolveExpressionInternal(ExpressionResolver.java:196) ~[iris-neoforge-1.8.6+mc1.21.1.jar%23211!/:?]
	at TRANSFORMER/iris@1.8.6+mc1.21.1/kroppeb.stareval.resolver.ExpressionResolver.resolveCallExpressionInternal(ExpressionResolver.java:81) ~[iris-neoforge-1.8.6+mc1.21.1.jar%23211!/:?]
	at TRANSFORMER/iris@1.8.6+mc1.21.1/kroppeb.stareval.resolver.ExpressionResolver.resolveCallExpression(ExpressionResolver.java:140) ~[iris-neoforge-1.8.6+mc1.21.1.jar%23211!/:?]
	at TRANSFORMER/iris@1.8.6+mc1.21.1/kroppeb.stareval.resolver.ExpressionResolver.resolveCallExpression(ExpressionResolver.java:127) ~[iris-neoforge-1.8.6+mc1.21.1.jar%23211!/:?]
	at TRANSFORMER/iris@1.8.6+mc1.21.1/kroppeb.stareval.resolver.ExpressionResolver.resolveExpressionInternal(ExpressionResolver.java:196) ~[iris-neoforge-1.8.6+mc1.21.1.jar%23211!/:?]
	at TRANSFORMER/iris@1.8.6+mc1.21.1/kroppeb.stareval.resolver.ExpressionResolver.resolveCallExpressionInternal(ExpressionResolver.java:81) ~[iris-neoforge-1.8.6+mc1.21.1.jar%23211!/:?]
	at TRANSFORMER/iris@1.8.6+mc1.21.1/kroppeb.stareval.resolver.ExpressionResolver.resolveCallExpression(ExpressionResolver.java:140) ~[iris-neoforge-1.8.6+mc1.21.1.jar%23211!/:?]
	at TRANSFORMER/iris@1.8.6+mc1.21.1/kroppeb.stareval.resolver.ExpressionResolver.resolveExpressionInternal(ExpressionResolver.java:196) ~[iris-neoforge-1.8.6+mc1.21.1.jar%23211!/:?]
	at TRANSFORMER/iris@1.8.6+mc1.21.1/kroppeb.stareval.resolver.ExpressionResolver.resolveExpression(ExpressionResolver.java:50) ~[iris-neoforge-1.8.6+mc1.21.1.jar%23211!/:?]
	at TRANSFORMER/iris@1.8.6+mc1.21.1/net.irisshaders.iris.uniforms.custom.CustomUniforms.<init>(CustomUniforms.java:60) ~[iris-neoforge-1.8.6+mc1.21.1.jar%23211!/:?]
	at TRANSFORMER/iris@1.8.6+mc1.21.1/net.irisshaders.iris.uniforms.custom.CustomUniforms$Builder.build(CustomUniforms.java:332) ~[iris-neoforge-1.8.6+mc1.21.1.jar%23211!/:?]
	at TRANSFORMER/iris@1.8.6+mc1.21.1/net.irisshaders.iris.uniforms.custom.CustomUniforms$Builder.build(CustomUniforms.java:343) ~[iris-neoforge-1.8.6+mc1.21.1.jar%23211!/:?]
	at TRANSFORMER/iris@1.8.6+mc1.21.1/net.irisshaders.iris.pipeline.IrisRenderingPipeline.<init>(IrisRenderingPipeline.java:282) ~[iris-neoforge-1.8.6+mc1.21.1.jar%23211!/:?]
	at TRANSFORMER/iris@1.8.6+mc1.21.1/net.irisshaders.iris.Iris.createPipeline(Iris.java:616) ~[iris-neoforge-1.8.6+mc1.21.1.jar%23211!/:?]
	at TRANSFORMER/iris@1.8.6+mc1.21.1/net.irisshaders.iris.pipeline.PipelineManager.preparePipeline(PipelineManager.java:33) ~[iris-neoforge-1.8.6+mc1.21.1.jar%23211!/:?]
	at TRANSFORMER/iris@1.8.6+mc1.21.1/net.irisshaders.iris.Iris.onLoadingComplete(Iris.java:150) ~[iris-neoforge-1.8.6+mc1.21.1.jar%23211!/:?]
	at TRANSFORMER/minecraft@1.21.1/net.minecraft.client.gui.screens.TitleScreen.handler$zmi000$iris$firstInit(TitleScreen.java:525) ~[neoforge-21.1.172-minecraft.jar%23205!/:?]
	at TRANSFORMER/minecraft@1.21.1/net.minecraft.client.gui.screens.TitleScreen.init(TitleScreen.java:157) ~[neoforge-21.1.172-minecraft.jar%23205!/:?]
	at TRANSFORMER/minecraft@1.21.1/net.minecraft.client.gui.screens.Screen.init(Screen.java:317) ~[neoforge-21.1.172-minecraft.jar%23205!/:?]
	at TRANSFORMER/minecraft@1.21.1/net.minecraft.client.Minecraft.setScreen(Minecraft.java:1057) ~[neoforge-21.1.172-minecraft.jar%23205!/:?]
	at TRANSFORMER/minecraft@1.21.1/net.minecraft.client.Minecraft.lambda$buildInitialScreens$9(Minecraft.java:664) ~[neoforge-21.1.172-minecraft.jar%23205!/:?]
	at TRANSFORMER/minecraft@1.21.1/net.minecraft.client.Minecraft.onGameLoadFinished(Minecraft.java:650) ~[neoforge-21.1.172-minecraft.jar%23205!/:?]
	at TRANSFORMER/minecraft@1.21.1/net.minecraft.client.Minecraft.onResourceLoadFinished(Minecraft.java:641) ~[neoforge-21.1.172-minecraft.jar%23205!/:?]
	at TRANSFORMER/minecraft@1.21.1/net.minecraft.client.Minecraft.lambda$new$7(Minecraft.java:629) ~[neoforge-21.1.172-minecraft.jar%23205!/:?]
	at TRANSFORMER/minecraft@1.21.1/net.minecraft.Util.ifElse(Util.java:513) ~[neoforge-21.1.172-minecraft.jar%23205!/:?]
	at TRANSFORMER/minecraft@1.21.1/net.minecraft.client.Minecraft.lambda$new$8(Minecraft.java:623) ~[neoforge-21.1.172-minecraft.jar%23205!/:?]
	at TRANSFORMER/neoforge@21.1.172/net.neoforged.neoforge.client.loading.NeoForgeLoadingOverlay.render(NeoForgeLoadingOverlay.java:145) ~[neoforge-21.1.172-minecraft.jar%23206!/:?]
	at TRANSFORMER/minecraft@1.21.1/net.minecraft.client.renderer.GameRenderer.render(GameRenderer.java:1081) ~[neoforge-21.1.172-minecraft.jar%23205!/:?]
	at TRANSFORMER/minecraft@1.21.1/net.minecraft.client.Minecraft.runTick(Minecraft.java:1195) ~[neoforge-21.1.172-minecraft.jar%23205!/:?]
	at TRANSFORMER/minecraft@1.21.1/net.minecraft.client.Minecraft.run(Minecraft.java:807) ~[neoforge-21.1.172-minecraft.jar%23205!/:?]
	at TRANSFORMER/minecraft@1.21.1/net.minecraft.client.main.Main.main(Main.java:230) ~[neoforge-21.1.172-minecraft.jar%23205!/:?]
	at java.base/jdk.internal.reflect.DirectMethodHandleAccessor.invoke(DirectMethodHandleAccessor.java:103) ~[?:?]
	at java.base/java.lang.reflect.Method.invoke(Method.java:580) ~[?:?]
	at MC-BOOTSTRAP/fml_loader@4.0.39/net.neoforged.fml.loading.targets.CommonLaunchHandler.runTarget(CommonLaunchHandler.java:136) ~[loader-4.0.39.jar%23146!/:4.0]
	at MC-BOOTSTRAP/fml_loader@4.0.39/net.neoforged.fml.loading.targets.CommonLaunchHandler.clientService(CommonLaunchHandler.java:124) ~[loader-4.0.39.jar%23146!/:4.0]
	at MC-BOOTSTRAP/fml_loader@4.0.39/net.neoforged.fml.loading.targets.NeoForgeClientDevLaunchHandler.runService(NeoForgeClientDevLaunchHandler.java:23) ~[loader-4.0.39.jar%23146!/:4.0]
	at MC-BOOTSTRAP/fml_loader@4.0.39/net.neoforged.fml.loading.targets.CommonLaunchHandler.lambda$launchService$4(CommonLaunchHandler.java:118) ~[loader-4.0.39.jar%23146!/:4.0]
	at MC-BOOTSTRAP/cpw.mods.modlauncher@11.0.4/cpw.mods.modlauncher.LaunchServiceHandlerDecorator.launch(LaunchServiceHandlerDecorator.java:30) [modlauncher-11.0.4.jar%23128!/:?]
	at MC-BOOTSTRAP/cpw.mods.modlauncher@11.0.4/cpw.mods.modlauncher.LaunchServiceHandler.launch(LaunchServiceHandler.java:53) [modlauncher-11.0.4.jar%23128!/:?]
	at MC-BOOTSTRAP/cpw.mods.modlauncher@11.0.4/cpw.mods.modlauncher.LaunchServiceHandler.launch(LaunchServiceHandler.java:71) [modlauncher-11.0.4.jar%23128!/:?]
	at MC-BOOTSTRAP/cpw.mods.modlauncher@11.0.4/cpw.mods.modlauncher.Launcher.run(Launcher.java:103) [modlauncher-11.0.4.jar%23128!/:?]
	at MC-BOOTSTRAP/cpw.mods.modlauncher@11.0.4/cpw.mods.modlauncher.Launcher.main(Launcher.java:74) [modlauncher-11.0.4.jar%23128!/:?]
	at MC-BOOTSTRAP/cpw.mods.modlauncher@11.0.4/cpw.mods.modlauncher.BootstrapLaunchConsumer.accept(BootstrapLaunchConsumer.java:26) [modlauncher-11.0.4.jar%23128!/:?]
	at MC-BOOTSTRAP/cpw.mods.modlauncher@11.0.4/cpw.mods.modlauncher.BootstrapLaunchConsumer.accept(BootstrapLaunchConsumer.java:23) [modlauncher-11.0.4.jar%23128!/:?]
	at cpw.mods.bootstraplauncher@2.0.2/cpw.mods.bootstraplauncher.BootstrapLauncher.run(BootstrapLauncher.java:210) [bootstraplauncher-2.0.2.jar:?]
	at cpw.mods.bootstraplauncher@2.0.2/cpw.mods.bootstraplauncher.BootstrapLauncher.main(BootstrapLauncher.java:69) [bootstraplauncher-2.0.2.jar:?]
	at java.base/jdk.internal.reflect.DirectMethodHandleAccessor.invoke(DirectMethodHandleAccessor.java:103) ~[?:?]
	at java.base/java.lang.reflect.Method.invoke(Method.java:580) ~[?:?]
	at DevLaunch@1.0.1/net.neoforged.devlaunch.Main.main(Main.java:55) [DevLaunch-1.0.1.jar:?]
[22May2025 19:33:37.298] [Render thread/DEBUG] [mixin/]: Mixing MixinGlRenderDevice from mixins.iris.compat.sodium.json into net.caffeinemc.mods.sodium.client.gl.device.GLRenderDevice$ImmediateDrawCommandList
[22May2025 19:33:37.298] [Render thread/DEBUG] [mixin/]: mixins.iris.compat.sodium.json:MixinGlRenderDevice from mod iris: Class version 65 required is higher than the class version supported by the current version of Mixin (JAVA_8 supports class version 52)
[22May2025 19:33:38.376] [Render thread/DEBUG] [mixin/]: Mixing StringRenderOutputMixin from jade.mixins.json into net.minecraft.client.gui.Font$StringRenderOutput
[22May2025 19:33:38.376] [Render thread/DEBUG] [mixin/]: jade.mixins.json:StringRenderOutputMixin from mod jade: Class version 65 required is higher than the class version supported by the current version of Mixin (JAVA_16 supports class version 60)
[22May2025 19:33:38.378] [Render thread/DEBUG] [mixin/]: jade.mixins.json:StringRenderOutputMixin from mod jade->@Inject::jade$init(Lnet/minecraft/client/gui/Font;Lnet/minecraft/client/renderer/MultiBufferSource;FFIZLorg/joml/Matrix4f;Lnet/minecraft/client/gui/Font$DisplayMode;ILorg/spongepowered/asm/mixin/injection/callback/CallbackInfo;)V doesn't use it's CallbackInfo
[22May2025 19:33:38.378] [Render thread/DEBUG] [mixin/]: jade.mixins.json:StringRenderOutputMixin from mod jade->@Inject::jade$init(Lnet/minecraft/client/gui/Font;Lnet/minecraft/client/renderer/MultiBufferSource;FFIZLorg/joml/Matrix4f;Lnet/minecraft/client/gui/Font$DisplayMode;ILorg/spongepowered/asm/mixin/injection/callback/CallbackInfo;)V has 0 override(s) in child classes
[22May2025 19:33:38.378] [Render thread/DEBUG] [mixin/]: jade.mixins.json:StringRenderOutputMixin from mod jade->@Inject::jade$init(Lnet/minecraft/client/gui/Font;Lnet/minecraft/client/renderer/MultiBufferSource;FFIZLorg/joml/Matrix4f;Lnet/minecraft/client/gui/Font$DisplayMode;ILorg/spongepowered/asm/mixin/injection/callback/CallbackInfo;)V won't be passed a CallbackInfo as a result
[22May2025 19:33:43.603] [Worker-Main-5/ERROR] [net.minecraft.world.level.storage.loot.LootDataType/]: Couldn't parse element ResourceKey[minecraft:root / minecraft:loot_table]:simple_incubator:blocks/incubation_table_six - Unknown registry key in ResourceKey[minecraft:root / minecraft:item]: yourmodid:incubadora_item
[22May2025 19:33:44.091] [Render thread/INFO] [net.minecraft.world.item.crafting.RecipeManager/]: Loaded 4857 recipes
[22May2025 19:33:44.341] [Render thread/INFO] [net.minecraft.advancements.AdvancementTree/]: Loaded 3058 advancements
[22May2025 19:33:44.348] [Render thread/INFO] [com.enderio.machines.common.souldata.SoulDataReloadListener/]: Data loader for eio_soul/solar loaded 1 jsons
[22May2025 19:33:44.348] [Render thread/INFO] [com.enderio.machines.common.souldata.SoulDataReloadListener/]: Data loader for eio_soul/spawner loaded 73 jsons
[22May2025 19:33:44.348] [Render thread/INFO] [com.enderio.machines.common.souldata.SoulDataReloadListener/]: Data loader for eio_soul/engine loaded 5 jsons
[22May2025 19:33:44.798] [Render thread/INFO] [mezz.jei.neoforge.startup.StartEventObserver/]: JEI StartEventObserver received class net.neoforged.neoforge.event.TagsUpdatedEvent too early, ignoring
[22May2025 19:33:44.805] [Render thread/INFO] [snownee.jade.Jade/]: LootTableMineableCollector took 5.210 ms
[22May2025 19:33:44.832] [Render thread/DEBUG] [net.neoforged.neoforge.common.CommonHooks/WP]: Gathered mod list to write to world save Super Plano
[22May2025 19:33:44.850] [Render thread/DEBUG] [mixin/]: Mixing compat1202plus.PlayerManagerMixin from pehkui.mixins.json into net.minecraft.server.players.PlayerList
[22May2025 19:33:44.850] [Render thread/DEBUG] [mixin/]: pehkui.mixins.json:compat1202plus.PlayerManagerMixin from mod pehkui: Class version 65 required is higher than the class version supported by the current version of Mixin (JAVA_17 supports class version 61)
[22May2025 19:33:44.852] [Render thread/DEBUG] [mixin/]: pehkui.mixins.json:compat1202plus.PlayerManagerMixin from mod pehkui->@Inject::pehkui$onPlayerConnect(Lnet/minecraft/network/Connection;Lnet/minecraft/server/level/ServerPlayer;Ljava/lang/Object;Lorg/spongepowered/asm/mixin/injection/callback/CallbackInfo;)V doesn't use it's CallbackInfo
[22May2025 19:33:44.852] [Render thread/DEBUG] [mixin/]: pehkui.mixins.json:compat1202plus.PlayerManagerMixin from mod pehkui->@Inject::pehkui$onPlayerConnect(Lnet/minecraft/network/Connection;Lnet/minecraft/server/level/ServerPlayer;Ljava/lang/Object;Lorg/spongepowered/asm/mixin/injection/callback/CallbackInfo;)V has 0 override(s) in child classes
[22May2025 19:33:44.852] [Render thread/DEBUG] [mixin/]: pehkui.mixins.json:compat1202plus.PlayerManagerMixin from mod pehkui->@Inject::pehkui$onPlayerConnect(Lnet/minecraft/network/Connection;Lnet/minecraft/server/level/ServerPlayer;Ljava/lang/Object;Lorg/spongepowered/asm/mixin/injection/callback/CallbackInfo;)V won't be passed a CallbackInfo as a result
[22May2025 19:33:44.874] [Server thread/INFO] [net.minecraft.client.server.IntegratedServer/]: Starting integrated minecraft server version 1.21.1
[22May2025 19:33:44.875] [Server thread/INFO] [net.minecraft.server.MinecraftServer/]: Generating keypair
[22May2025 19:33:44.960] [Server thread/DEBUG] [net.neoforged.fml.config.ConfigTracker/CONFIG]: Loading configs type SERVER
[22May2025 19:33:44.961] [Server thread/DEBUG] [net.neoforged.fml.config.ConfigTracker/CONFIG]: Loaded TOML config file D:\Modding\Simple Incubator\run\config\jei-server.toml
[22May2025 19:33:44.961] [Server thread/DEBUG] [net.neoforged.fml.config.ConfigTracker/CONFIG]: Watching TOML config file D:\Modding\Simple Incubator\run\config\jei-server.toml for changes
[22May2025 19:33:44.963] [Server thread/DEBUG] [pehkui/]: Loaded Pehkui config file pehkui-server.toml
[22May2025 19:33:44.963] [Server thread/DEBUG] [net.neoforged.fml.config.ConfigTracker/CONFIG]: Loaded TOML config file D:\Modding\Simple Incubator\run\config\pehkui-server.toml
[22May2025 19:33:44.964] [Server thread/DEBUG] [net.neoforged.fml.config.ConfigTracker/CONFIG]: Watching TOML config file D:\Modding\Simple Incubator\run\config\pehkui-server.toml for changes
[22May2025 19:33:44.964] [Server thread/DEBUG] [net.neoforged.neoforge.common.NeoForgeConfig/FORGEMOD]: Loaded NeoForge config file neoforge-server.toml
[22May2025 19:33:44.964] [Server thread/DEBUG] [net.neoforged.fml.config.ConfigTracker/CONFIG]: Loaded TOML config file D:\Modding\Simple Incubator\run\config\neoforge-server.toml
[22May2025 19:33:44.964] [Server thread/DEBUG] [net.neoforged.fml.config.ConfigTracker/CONFIG]: Watching TOML config file D:\Modding\Simple Incubator\run\config\neoforge-server.toml for changes
[22May2025 19:33:44.966] [Server thread/DEBUG] [net.neoforged.fml.config.ConfigTracker/CONFIG]: Loaded TOML config file D:\Modding\Simple Incubator\run\config\Mekanism\general.toml
[22May2025 19:33:44.966] [Server thread/DEBUG] [net.neoforged.fml.config.ConfigTracker/CONFIG]: Watching TOML config file D:\Modding\Simple Incubator\run\config\Mekanism\general.toml for changes
[22May2025 19:33:44.968] [Server thread/DEBUG] [net.neoforged.fml.config.ConfigTracker/CONFIG]: Loaded TOML config file D:\Modding\Simple Incubator\run\config\Mekanism\gear.toml
[22May2025 19:33:44.968] [Server thread/DEBUG] [net.neoforged.fml.config.ConfigTracker/CONFIG]: Watching TOML config file D:\Modding\Simple Incubator\run\config\Mekanism\gear.toml for changes
[22May2025 19:33:44.969] [Server thread/DEBUG] [net.neoforged.fml.config.ConfigTracker/CONFIG]: Loaded TOML config file D:\Modding\Simple Incubator\run\config\Mekanism\machine-storage.toml
[22May2025 19:33:44.970] [Server thread/DEBUG] [net.neoforged.fml.config.ConfigTracker/CONFIG]: Watching TOML config file D:\Modding\Simple Incubator\run\config\Mekanism\machine-storage.toml for changes
[22May2025 19:33:44.971] [Server thread/DEBUG] [net.neoforged.fml.config.ConfigTracker/CONFIG]: Loaded TOML config file D:\Modding\Simple Incubator\run\config\Mekanism\tiers.toml
[22May2025 19:33:44.971] [Server thread/DEBUG] [net.neoforged.fml.config.ConfigTracker/CONFIG]: Watching TOML config file D:\Modding\Simple Incubator\run\config\Mekanism\tiers.toml for changes
[22May2025 19:33:44.972] [Server thread/DEBUG] [net.neoforged.fml.config.ConfigTracker/CONFIG]: Loaded TOML config file D:\Modding\Simple Incubator\run\config\Mekanism\machine-usage.toml
[22May2025 19:33:44.973] [Server thread/DEBUG] [net.neoforged.fml.config.ConfigTracker/CONFIG]: Watching TOML config file D:\Modding\Simple Incubator\run\config\Mekanism\machine-usage.toml for changes
[22May2025 19:33:44.975] [Server thread/DEBUG] [net.neoforged.fml.config.ConfigTracker/CONFIG]: Loaded TOML config file D:\Modding\Simple Incubator\run\config\Mekanism\world.toml
[22May2025 19:33:44.976] [Server thread/DEBUG] [net.neoforged.fml.config.ConfigTracker/CONFIG]: Watching TOML config file D:\Modding\Simple Incubator\run\config\Mekanism\world.toml for changes
[22May2025 19:33:44.977] [Server thread/DEBUG] [net.neoforged.fml.config.ConfigTracker/CONFIG]: Loaded TOML config file D:\Modding\Simple Incubator\run\config\Mekanism\generators.toml
[22May2025 19:33:44.977] [Server thread/DEBUG] [net.neoforged.fml.config.ConfigTracker/CONFIG]: Watching TOML config file D:\Modding\Simple Incubator\run\config\Mekanism\generators.toml for changes
[22May2025 19:33:44.978] [Server thread/DEBUG] [net.neoforged.fml.config.ConfigTracker/CONFIG]: Loaded TOML config file D:\Modding\Simple Incubator\run\config\Mekanism\generators-gear.toml
[22May2025 19:33:44.978] [Server thread/DEBUG] [net.neoforged.fml.config.ConfigTracker/CONFIG]: Watching TOML config file D:\Modding\Simple Incubator\run\config\Mekanism\generators-gear.toml for changes
[22May2025 19:33:44.979] [Server thread/DEBUG] [net.neoforged.fml.config.ConfigTracker/CONFIG]: Loaded TOML config file D:\Modding\Simple Incubator\run\config\Mekanism\generator-storage.toml
[22May2025 19:33:44.979] [Server thread/DEBUG] [net.neoforged.fml.config.ConfigTracker/CONFIG]: Watching TOML config file D:\Modding\Simple Incubator\run\config\Mekanism\generator-storage.toml for changes
[22May2025 19:33:45.013] [Server thread/DEBUG] [mixin/]: Mixing light_updates.MixinLevelLightEngine from sodium-extra.mixins.json into net.minecraft.world.level.lighting.LevelLightEngine
[22May2025 19:33:45.013] [Server thread/DEBUG] [mixin/]: sodium-extra.mixins.json:light_updates.MixinLevelLightEngine from mod sodium_extra: Class version 65 required is higher than the class version supported by the current version of Mixin (JAVA_17 supports class version 61)
[22May2025 19:33:45.014] [Server thread/DEBUG] [mixin/]: sodium-extra.mixins.json:light_updates.MixinLevelLightEngine from mod sodium_extra->@Inject::checkBlock(Lnet/minecraft/core/BlockPos;Lorg/spongepowered/asm/mixin/injection/callback/CallbackInfo;)V does use it's CallbackInfo
[22May2025 19:33:45.014] [Server thread/DEBUG] [mixin/]: sodium-extra.mixins.json:light_updates.MixinLevelLightEngine from mod sodium_extra->@Inject::doLightUpdates(Lorg/spongepowered/asm/mixin/injection/callback/CallbackInfoReturnable;)V does use it's CallbackInfoReturnable
[22May2025 19:33:45.085] [Server thread/DEBUG] [mixin/]: Mixing core.world.chunk.SimpleBitStorageMixin from sodium-common.mixins.json into net.minecraft.util.SimpleBitStorage
[22May2025 19:33:45.085] [Server thread/DEBUG] [mixin/]: sodium-common.mixins.json:core.world.chunk.SimpleBitStorageMixin from mod sodium: Class version 65 required is higher than the class version supported by the current version of Mixin (JAVA_17 supports class version 61)
[22May2025 19:33:45.148] [Server thread/INFO] [net.minecraft.server.MinecraftServer/]: Preparing start region for dimension minecraft:overworld
[22May2025 19:33:45.228] [Server thread/DEBUG] [mixin/]: Mixing core.world.chunk.PalettedContainerMixin from sodium-common.mixins.json into net.minecraft.world.level.chunk.PalettedContainer
[22May2025 19:33:45.228] [Server thread/DEBUG] [mixin/]: sodium-common.mixins.json:core.world.chunk.PalettedContainerMixin from mod sodium: Class version 65 required is higher than the class version supported by the current version of Mixin (JAVA_17 supports class version 61)
[22May2025 19:33:45.273] [Server thread/DEBUG] [mixin/]: Mixing core.world.chunk.ZeroBitStorageMixin from sodium-common.mixins.json into net.minecraft.util.ZeroBitStorage
[22May2025 19:33:45.273] [Server thread/DEBUG] [mixin/]: sodium-common.mixins.json:core.world.chunk.ZeroBitStorageMixin from mod sodium: Class version 65 required is higher than the class version supported by the current version of Mixin (JAVA_17 supports class version 61)
[22May2025 19:33:45.443] [progressListener/INFO] [net.minecraft.server.level.progress.LoggerChunkProgressListener/]: Preparando área de nascimento: 0%
[22May2025 19:33:45.593] [Server thread/DEBUG] [mixin/]: Mixing compat1193plus.EntityTrackingSectionMixin from pehkui.mixins.json into net.minecraft.world.level.entity.EntitySection
[22May2025 19:33:45.593] [Server thread/DEBUG] [mixin/]: pehkui.mixins.json:compat1193plus.EntityTrackingSectionMixin from mod pehkui: Class version 65 required is higher than the class version supported by the current version of Mixin (JAVA_17 supports class version 61)
[22May2025 19:33:45.602] [Server thread/INFO] [net.neoforged.neoforge.server.permission.PermissionAPI/]: Successfully initialized permission handler neoforge:default_handler
[22May2025 19:33:45.609] [progressListener/INFO] [net.minecraft.server.level.progress.LoggerChunkProgressListener/]: Time elapsed: 446 ms
[22May2025 19:33:45.655] [Server thread/INFO] [net.minecraft.client.server.IntegratedServer/]: Changing view distance to 14, from 10
[22May2025 19:33:45.655] [Server thread/INFO] [net.minecraft.client.server.IntegratedServer/]: Changing simulation distance to 12, from 0
[22May2025 19:33:45.714] [Render thread/DEBUG] [io.netty.channel.MultithreadEventLoopGroup/]: -Dio.netty.eventLoopThreads: 32
[22May2025 19:33:45.720] [Render thread/DEBUG] [io.netty.util.concurrent.GlobalEventExecutor/]: -Dio.netty.globalEventExecutor.quietPeriodSeconds: 1
[22May2025 19:33:45.723] [Server thread/DEBUG] [mixin/]: Mixing EntityTrackerEntryMixin from pehkui.mixins.json into net.minecraft.server.level.ServerEntity
[22May2025 19:33:45.723] [Server thread/DEBUG] [mixin/]: pehkui.mixins.json:EntityTrackerEntryMixin from mod pehkui: Class version 65 required is higher than the class version supported by the current version of Mixin (JAVA_17 supports class version 61)
[22May2025 19:33:45.723] [Server thread/DEBUG] [mixin/]: Renaming synthetic method lambda$pehkui$syncEntityData$1(Lnet/minecraft/network/protocol/Packet;)V to md60ac39$pehkui$lambda$pehkui$syncEntityData$1$0 in pehkui.mixins.json:EntityTrackerEntryMixin from mod pehkui
[22May2025 19:33:45.723] [Server thread/DEBUG] [mixin/]: Renaming synthetic method lambda$pehkui$tick$0(Lnet/minecraft/network/protocol/Packet;)V to md60ac39$pehkui$lambda$pehkui$tick$0$1 in pehkui.mixins.json:EntityTrackerEntryMixin from mod pehkui
[22May2025 19:33:45.724] [Server thread/DEBUG] [mixin/]: pehkui.mixins.json:EntityTrackerEntryMixin from mod pehkui->@Inject::pehkui$tick(Lorg/spongepowered/asm/mixin/injection/callback/CallbackInfo;)V doesn't use it's CallbackInfo
[22May2025 19:33:45.724] [Server thread/DEBUG] [mixin/]: pehkui.mixins.json:EntityTrackerEntryMixin from mod pehkui->@Inject::pehkui$tick(Lorg/spongepowered/asm/mixin/injection/callback/CallbackInfo;)V has 0 override(s) in child classes
[22May2025 19:33:45.724] [Server thread/DEBUG] [mixin/]: pehkui.mixins.json:EntityTrackerEntryMixin from mod pehkui->@Inject::pehkui$tick(Lorg/spongepowered/asm/mixin/injection/callback/CallbackInfo;)V won't be passed a CallbackInfo as a result
[22May2025 19:33:45.725] [Server thread/DEBUG] [mixin/]: pehkui.mixins.json:EntityTrackerEntryMixin from mod pehkui->@Inject::pehkui$syncEntityData(Lorg/spongepowered/asm/mixin/injection/callback/CallbackInfo;)V doesn't use it's CallbackInfo
[22May2025 19:33:45.725] [Server thread/DEBUG] [mixin/]: pehkui.mixins.json:EntityTrackerEntryMixin from mod pehkui->@Inject::pehkui$syncEntityData(Lorg/spongepowered/asm/mixin/injection/callback/CallbackInfo;)V has 0 override(s) in child classes
[22May2025 19:33:45.725] [Server thread/DEBUG] [mixin/]: pehkui.mixins.json:EntityTrackerEntryMixin from mod pehkui->@Inject::pehkui$syncEntityData(Lorg/spongepowered/asm/mixin/injection/callback/CallbackInfo;)V won't be passed a CallbackInfo as a result
[22May2025 19:33:45.728] [Render thread/DEBUG] [io.netty.channel.nio.NioEventLoop/]: -Dio.netty.noKeySetOptimization: false
[22May2025 19:33:45.728] [Render thread/DEBUG] [io.netty.channel.nio.NioEventLoop/]: -Dio.netty.selectorAutoRebuildThreshold: 512
[22May2025 19:33:45.732] [Render thread/DEBUG] [io.netty.util.internal.PlatformDependent/]: org.jctools-core.MpscChunkedArrayQueue: available
[22May2025 19:33:45.778] [Render thread/DEBUG] [io.netty.channel.DefaultChannelId/]: -Dio.netty.processId: 11188 (auto-detected)
[22May2025 19:33:45.779] [Render thread/DEBUG] [io.netty.util.NetUtil/]: -Djava.net.preferIPv4Stack: false
[22May2025 19:33:45.779] [Render thread/DEBUG] [io.netty.util.NetUtil/]: -Djava.net.preferIPv6Addresses: system
[22May2025 19:33:45.783] [Render thread/DEBUG] [io.netty.util.NetUtilInitializations/]: Loopback interface: loopback_0 (Software Loopback Interface 1, 0:0:0:0:0:0:0:1)
[22May2025 19:33:45.785] [Render thread/DEBUG] [io.netty.util.NetUtil/]: Failed to get SOMAXCONN from sysctl and file \proc\sys\net\core\somaxconn. Default: 200
[22May2025 19:33:45.786] [Render thread/DEBUG] [io.netty.channel.DefaultChannelId/]: -Dio.netty.machineId: 00:e0:4c:ff:fe:4b:7a:4b (auto-detected)
[22May2025 19:33:45.895] [Render thread/DEBUG] [io.netty.util.Recycler/]: -Dio.netty.recycler.maxCapacityPerThread: 4096
[22May2025 19:33:45.895] [Render thread/DEBUG] [io.netty.util.Recycler/]: -Dio.netty.recycler.ratio: 8
[22May2025 19:33:45.895] [Render thread/DEBUG] [io.netty.util.Recycler/]: -Dio.netty.recycler.chunkSize: 32
[22May2025 19:33:45.895] [Render thread/DEBUG] [io.netty.util.Recycler/]: -Dio.netty.recycler.blocking: false
[22May2025 19:33:45.895] [Render thread/DEBUG] [io.netty.util.Recycler/]: -Dio.netty.recycler.batchFastThreadLocalOnly: true
[22May2025 19:33:46.019] [Netty Server IO #1/DEBUG] [net.neoforged.neoforge.network.filters.NetworkFilters/]: Injected net.neoforged.neoforge.network.filters.GenericPacketSplitter@3c2aaf3c into net.minecraft.network.Connection@3af6b9aa
[22May2025 19:33:46.029] [Netty Local Client IO #0/DEBUG] [net.neoforged.neoforge.network.filters.NetworkFilters/]: Injected net.neoforged.neoforge.network.filters.GenericPacketSplitter@170980d0 into net.minecraft.network.Connection@74e74ea0
[22May2025 19:33:46.177] [Render thread/INFO] [mezz.jei.neoforge.startup.StartEventObserver/]: JEI StartEventObserver received class net.neoforged.neoforge.event.TagsUpdatedEvent
[22May2025 19:33:46.280] [Render thread/DEBUG] [mixin/]: Mixing client.compat117plus.ClientPlayNetworkHandlerMixin from pehkui.mixins.json into net.minecraft.client.multiplayer.ClientPacketListener
[22May2025 19:33:46.281] [Render thread/DEBUG] [mixin/]: pehkui.mixins.json:client.compat117plus.ClientPlayNetworkHandlerMixin from mod pehkui: Class version 65 required is higher than the class version supported by the current version of Mixin (JAVA_17 supports class version 61)
[22May2025 19:33:46.281] [Render thread/DEBUG] [mixin/]: Mixing MixinClientPacketListener from mixins.iris.json into net.minecraft.client.multiplayer.ClientPacketListener
[22May2025 19:33:46.281] [Render thread/DEBUG] [mixin/]: mixins.iris.json:MixinClientPacketListener from mod iris: Class version 65 required is higher than the class version supported by the current version of Mixin (JAVA_8 supports class version 52)
[22May2025 19:33:46.281] [Render thread/DEBUG] [mixin/]: Renaming synthetic method lambda$iris$showUpdateMessage$2(Ljava/lang/Exception;)V to md60ac39$iris$lambda$iris$showUpdateMessage$2$0 in mixins.iris.json:MixinClientPacketListener from mod iris
[22May2025 19:33:46.281] [Render thread/DEBUG] [mixin/]: Renaming synthetic method lambda$iris$showUpdateMessage$1(Ljava/lang/Exception;Lnet/minecraft/network/chat/Style;)Lnet/minecraft/network/chat/Style; to md60ac39$iris$lambda$iris$showUpdateMessage$1$1 in mixins.iris.json:MixinClientPacketListener from mod iris
[22May2025 19:33:46.281] [Render thread/DEBUG] [mixin/]: Renaming synthetic method lambda$iris$showUpdateMessage$0(Lnet/minecraft/network/chat/Component;)V to md60ac39$iris$lambda$iris$showUpdateMessage$0$2 in mixins.iris.json:MixinClientPacketListener from mod iris
[22May2025 19:33:46.282] [Render thread/DEBUG] [mixin/]: Mixing core.world.map.ClientPacketListenerMixin from sodium-common.mixins.json into net.minecraft.client.multiplayer.ClientPacketListener
[22May2025 19:33:46.283] [Render thread/DEBUG] [mixin/]: sodium-common.mixins.json:core.world.map.ClientPacketListenerMixin from mod sodium: Class version 65 required is higher than the class version supported by the current version of Mixin (JAVA_17 supports class version 61)
[22May2025 19:33:46.288] [Render thread/DEBUG] [mixin/]: pehkui.mixins.json:client.compat117plus.ClientPlayNetworkHandlerMixin from mod pehkui->@Inject::pehkui$onPlayerRespawn(Lnet/minecraft/network/protocol/game/ClientboundRespawnPacket;Lorg/spongepowered/asm/mixin/injection/callback/CallbackInfo;)V doesn't use it's CallbackInfo
[22May2025 19:33:46.288] [Render thread/DEBUG] [mixin/]: pehkui.mixins.json:client.compat117plus.ClientPlayNetworkHandlerMixin from mod pehkui->@Inject::pehkui$onPlayerRespawn(Lnet/minecraft/network/protocol/game/ClientboundRespawnPacket;Lorg/spongepowered/asm/mixin/injection/callback/CallbackInfo;)V has 0 override(s) in child classes
[22May2025 19:33:46.288] [Render thread/DEBUG] [mixin/]: pehkui.mixins.json:client.compat117plus.ClientPlayNetworkHandlerMixin from mod pehkui->@Inject::pehkui$onPlayerRespawn(Lnet/minecraft/network/protocol/game/ClientboundRespawnPacket;Lorg/spongepowered/asm/mixin/injection/callback/CallbackInfo;)V won't be passed a CallbackInfo as a result
[22May2025 19:33:46.288] [Render thread/DEBUG] [mixin/]: mixins.iris.json:MixinClientPacketListener from mod iris->@Inject::iris$showUpdateMessage(Lnet/minecraft/network/protocol/game/ClientboundLoginPacket;Lorg/spongepowered/asm/mixin/injection/callback/CallbackInfo;)V doesn't use it's CallbackInfo
[22May2025 19:33:46.288] [Render thread/DEBUG] [mixin/]: mixins.iris.json:MixinClientPacketListener from mod iris->@Inject::iris$showUpdateMessage(Lnet/minecraft/network/protocol/game/ClientboundLoginPacket;Lorg/spongepowered/asm/mixin/injection/callback/CallbackInfo;)V has 0 override(s) in child classes
[22May2025 19:33:46.288] [Render thread/DEBUG] [mixin/]: mixins.iris.json:MixinClientPacketListener from mod iris->@Inject::iris$showUpdateMessage(Lnet/minecraft/network/protocol/game/ClientboundLoginPacket;Lorg/spongepowered/asm/mixin/injection/callback/CallbackInfo;)V won't be passed a CallbackInfo as a result
[22May2025 19:33:46.288] [Render thread/DEBUG] [mixin/]: sodium-common.mixins.json:core.world.map.ClientPacketListenerMixin from mod sodium->@Inject::onLightDataReceived(IILnet/minecraft/network/protocol/game/ClientboundLightUpdatePacketData;Lorg/spongepowered/asm/mixin/injection/callback/CallbackInfo;)V doesn't use it's CallbackInfo
[22May2025 19:33:46.288] [Render thread/DEBUG] [mixin/]: sodium-common.mixins.json:core.world.map.ClientPacketListenerMixin from mod sodium->@Inject::onLightDataReceived(IILnet/minecraft/network/protocol/game/ClientboundLightUpdatePacketData;Lorg/spongepowered/asm/mixin/injection/callback/CallbackInfo;)V has 0 override(s) in child classes
[22May2025 19:33:46.288] [Render thread/DEBUG] [mixin/]: sodium-common.mixins.json:core.world.map.ClientPacketListenerMixin from mod sodium->@Inject::onLightDataReceived(IILnet/minecraft/network/protocol/game/ClientboundLightUpdatePacketData;Lorg/spongepowered/asm/mixin/injection/callback/CallbackInfo;)V won't be passed a CallbackInfo as a result
[22May2025 19:33:46.288] [Render thread/DEBUG] [mixin/]: sodium-common.mixins.json:core.world.map.ClientPacketListenerMixin from mod sodium->@Inject::onChunkUnloadPacket(Lnet/minecraft/network/protocol/game/ClientboundForgetLevelChunkPacket;Lorg/spongepowered/asm/mixin/injection/callback/CallbackInfo;)V doesn't use it's CallbackInfo
[22May2025 19:33:46.288] [Render thread/DEBUG] [mixin/]: sodium-common.mixins.json:core.world.map.ClientPacketListenerMixin from mod sodium->@Inject::onChunkUnloadPacket(Lnet/minecraft/network/protocol/game/ClientboundForgetLevelChunkPacket;Lorg/spongepowered/asm/mixin/injection/callback/CallbackInfo;)V has 0 override(s) in child classes
[22May2025 19:33:46.288] [Render thread/DEBUG] [mixin/]: sodium-common.mixins.json:core.world.map.ClientPacketListenerMixin from mod sodium->@Inject::onChunkUnloadPacket(Lnet/minecraft/network/protocol/game/ClientboundForgetLevelChunkPacket;Lorg/spongepowered/asm/mixin/injection/callback/CallbackInfo;)V won't be passed a CallbackInfo as a result
[22May2025 19:33:46.302] [Render thread/DEBUG] [mixin/]: Mixing SessionSearchTreesMixin from jade.mixins.json into net.minecraft.client.multiplayer.SessionSearchTrees
[22May2025 19:33:46.302] [Render thread/DEBUG] [mixin/]: jade.mixins.json:SessionSearchTreesMixin from mod jade: Class version 65 required is higher than the class version supported by the current version of Mixin (JAVA_16 supports class version 60)
[22May2025 19:33:46.302] [Render thread/DEBUG] [mixin/]: jade.mixins.json:SessionSearchTreesMixin from mod jade->@Inject::jade$preGet(Ljava/util/stream/Stream;Lnet/minecraft/world/item/Item$TooltipContext;Lnet/minecraft/world/item/TooltipFlag;Lorg/spongepowered/asm/mixin/injection/callback/CallbackInfoReturnable;)V doesn't use it's CallbackInfoReturnable
[22May2025 19:33:46.314] [Netty Server IO #1/DEBUG] [net.neoforged.neoforge.network.filters.NetworkFilters/]: Injected net.neoforged.neoforge.network.filters.GenericPacketSplitter@61492563 into net.minecraft.network.Connection@3af6b9aa
[22May2025 19:33:46.392] [Server thread/INFO] [net.minecraft.server.players.PlayerList/]: Dev[local:E:aed15df8] logged in with entity id 22 at (17.90335782306671, 0.0, 16.261219527315657)
[22May2025 19:33:46.393] [Server thread/DEBUG] [mixin/]: Mixing ServerPlayNetworkHandlerMixin from pehkui.mixins.json into net.minecraft.server.network.ServerGamePacketListenerImpl
[22May2025 19:33:46.394] [Server thread/DEBUG] [mixin/]: pehkui.mixins.json:ServerPlayNetworkHandlerMixin from mod pehkui: Class version 65 required is higher than the class version supported by the current version of Mixin (JAVA_17 supports class version 61)
[22May2025 19:33:46.421] [Render thread/DEBUG] [mixin/]: Mixing sky.MixinClientLevelData_DisableVoidPlane from mixins.iris.json into net.minecraft.client.multiplayer.ClientLevel$ClientLevelData
[22May2025 19:33:46.422] [Render thread/DEBUG] [mixin/]: mixins.iris.json:sky.MixinClientLevelData_DisableVoidPlane from mod iris: Class version 65 required is higher than the class version supported by the current version of Mixin (JAVA_8 supports class version 52)
[22May2025 19:33:46.422] [Render thread/DEBUG] [mixin/]: mixins.iris.json:sky.MixinClientLevelData_DisableVoidPlane from mod iris->@Inject::iris$getHorizonHeight(Lorg/spongepowered/asm/mixin/injection/callback/CallbackInfoReturnable;)V does use it's CallbackInfoReturnable
[22May2025 19:33:46.426] [Render thread/DEBUG] [mixin/]: Mixing core.world.map.ClientChunkCacheMixin from sodium-common.mixins.json into net.minecraft.client.multiplayer.ClientChunkCache
[22May2025 19:33:46.427] [Render thread/DEBUG] [mixin/]: sodium-common.mixins.json:core.world.map.ClientChunkCacheMixin from mod sodium: Class version 65 required is higher than the class version supported by the current version of Mixin (JAVA_17 supports class version 61)
[22May2025 19:33:46.429] [Render thread/DEBUG] [mixin/]: sodium-common.mixins.json:core.world.map.ClientChunkCacheMixin from mod sodium->@Inject::onChunkUnloaded(Lnet/minecraft/world/level/ChunkPos;Lorg/spongepowered/asm/mixin/injection/callback/CallbackInfo;)V doesn't use it's CallbackInfo
[22May2025 19:33:46.429] [Render thread/DEBUG] [mixin/]: sodium-common.mixins.json:core.world.map.ClientChunkCacheMixin from mod sodium->@Inject::onChunkUnloaded(Lnet/minecraft/world/level/ChunkPos;Lorg/spongepowered/asm/mixin/injection/callback/CallbackInfo;)V has 0 override(s) in child classes
[22May2025 19:33:46.429] [Render thread/DEBUG] [mixin/]: sodium-common.mixins.json:core.world.map.ClientChunkCacheMixin from mod sodium->@Inject::onChunkUnloaded(Lnet/minecraft/world/level/ChunkPos;Lorg/spongepowered/asm/mixin/injection/callback/CallbackInfo;)V won't be passed a CallbackInfo as a result
[22May2025 19:33:46.429] [Render thread/DEBUG] [mixin/]: sodium-common.mixins.json:core.world.map.ClientChunkCacheMixin from mod sodium->@Inject::onChunkLoaded(IILnet/minecraft/network/FriendlyByteBuf;Lnet/minecraft/nbt/CompoundTag;Ljava/util/function/Consumer;Lorg/spongepowered/asm/mixin/injection/callback/CallbackInfoReturnable;)V doesn't use it's CallbackInfoReturnable
[22May2025 19:33:46.429] [Render thread/DEBUG] [mixin/]: sodium-common.mixins.json:core.world.map.ClientChunkCacheMixin from mod sodium->@Inject::onChunkLoaded(IILnet/minecraft/network/FriendlyByteBuf;Lnet/minecraft/nbt/CompoundTag;Ljava/util/function/Consumer;Lorg/spongepowered/asm/mixin/injection/callback/CallbackInfoReturnable;)V has 0 override(s) in child classes
[22May2025 19:33:46.429] [Render thread/DEBUG] [mixin/]: sodium-common.mixins.json:core.world.map.ClientChunkCacheMixin from mod sodium->@Inject::onChunkLoaded(IILnet/minecraft/network/FriendlyByteBuf;Lnet/minecraft/nbt/CompoundTag;Ljava/util/function/Consumer;Lorg/spongepowered/asm/mixin/injection/callback/CallbackInfoReturnable;)V won't be passed a CallbackInfoReturnable as a result
[22May2025 19:33:46.433] [Render thread/DEBUG] [mixin/]: Mixing particle.MixinFireworkParticle from sodium-extra.mixins.json into net.minecraft.client.particle.FireworkParticles$Starter
[22May2025 19:33:46.434] [Render thread/DEBUG] [mixin/]: sodium-extra.mixins.json:particle.MixinFireworkParticle from mod sodium_extra: Class version 65 required is higher than the class version supported by the current version of Mixin (JAVA_17 supports class version 61)
[22May2025 19:33:46.435] [Render thread/DEBUG] [mixin/]: sodium-extra.mixins.json:particle.MixinFireworkParticle from mod sodium_extra->@Inject::addExplosionParticle(DDDDDDLit/unimi/dsi/fastutil/ints/IntList;Lit/unimi/dsi/fastutil/ints/IntList;ZZLorg/spongepowered/asm/mixin/injection/callback/CallbackInfo;)V does use it's CallbackInfo
[22May2025 19:33:46.451] [Render thread/DEBUG] [mixin/]: Mixing biome_colors.MixinBiomeColors from sodium-extra.mixins.json into net.minecraft.client.renderer.BiomeColors
[22May2025 19:33:46.451] [Render thread/DEBUG] [mixin/]: sodium-extra.mixins.json:biome_colors.MixinBiomeColors from mod sodium_extra: Class version 65 required is higher than the class version supported by the current version of Mixin (JAVA_17 supports class version 61)
[22May2025 19:33:46.451] [Render thread/DEBUG] [mixin/]: sodium-extra.mixins.json:biome_colors.MixinBiomeColors from mod sodium_extra->@Inject::grassColor(Lorg/spongepowered/asm/mixin/injection/callback/CallbackInfoReturnable;)V does use it's CallbackInfoReturnable
[22May2025 19:33:46.452] [Render thread/DEBUG] [mixin/]: sodium-extra.mixins.json:biome_colors.MixinBiomeColors from mod sodium_extra->@Inject::waterColor(Lorg/spongepowered/asm/mixin/injection/callback/CallbackInfoReturnable;)V does use it's CallbackInfoReturnable
[22May2025 19:33:46.452] [Render thread/DEBUG] [mixin/]: sodium-extra.mixins.json:biome_colors.MixinBiomeColors from mod sodium_extra->@Inject::foliageColor(Lorg/spongepowered/asm/mixin/injection/callback/CallbackInfoReturnable;)V does use it's CallbackInfoReturnable
[22May2025 19:33:46.475] [Server thread/INFO] [net.minecraft.server.MinecraftServer/]: Dev entrou no jogo
[22May2025 19:33:46.475] [Render thread/INFO] [Iris/]: Reloading pipeline on dimension change: minecraft:overworld => minecraft:overworld
[22May2025 19:33:46.476] [Render thread/INFO] [Iris/]: Destroying pipeline minecraft:overworld
[22May2025 19:33:46.486] [Render thread/INFO] [Iris/]: Creating pipeline for dimension minecraft:overworld
[22May2025 19:33:46.491] [Render thread/WARN] [Iris/]: Failed to resolve uniform inPaleGarden, reason: Unknown variable: BIOME_PALE_GARDEN ( = FunctionCall{smooth {[Number{54}, FunctionCall{if {[FunctionCall{in {[Id{biome}, Id{BIOME_PALE_GARDEN}]} }, Number{1}, Number{0}]} }, Number{15}, Number{15}]} })
java.lang.RuntimeException: Unknown variable: BIOME_PALE_GARDEN
	at TRANSFORMER/iris@1.8.6+mc1.21.1/kroppeb.stareval.resolver.ExpressionResolver.resolveExpressionInternal(ExpressionResolver.java:225) ~[iris-neoforge-1.8.6+mc1.21.1.jar%23211!/:?]
	at TRANSFORMER/iris@1.8.6+mc1.21.1/kroppeb.stareval.resolver.ExpressionResolver.resolveCallExpressionInternal(ExpressionResolver.java:81) ~[iris-neoforge-1.8.6+mc1.21.1.jar%23211!/:?]
	at TRANSFORMER/iris@1.8.6+mc1.21.1/kroppeb.stareval.resolver.ExpressionResolver.resolveCallExpression(ExpressionResolver.java:140) ~[iris-neoforge-1.8.6+mc1.21.1.jar%23211!/:?]
	at TRANSFORMER/iris@1.8.6+mc1.21.1/kroppeb.stareval.resolver.ExpressionResolver.resolveExpressionInternal(ExpressionResolver.java:196) ~[iris-neoforge-1.8.6+mc1.21.1.jar%23211!/:?]
	at TRANSFORMER/iris@1.8.6+mc1.21.1/kroppeb.stareval.resolver.ExpressionResolver.resolveCallExpressionInternal(ExpressionResolver.java:81) ~[iris-neoforge-1.8.6+mc1.21.1.jar%23211!/:?]
	at TRANSFORMER/iris@1.8.6+mc1.21.1/kroppeb.stareval.resolver.ExpressionResolver.resolveCallExpression(ExpressionResolver.java:140) ~[iris-neoforge-1.8.6+mc1.21.1.jar%23211!/:?]
	at TRANSFORMER/iris@1.8.6+mc1.21.1/kroppeb.stareval.resolver.ExpressionResolver.resolveCallExpression(ExpressionResolver.java:127) ~[iris-neoforge-1.8.6+mc1.21.1.jar%23211!/:?]
	at TRANSFORMER/iris@1.8.6+mc1.21.1/kroppeb.stareval.resolver.ExpressionResolver.resolveExpressionInternal(ExpressionResolver.java:196) ~[iris-neoforge-1.8.6+mc1.21.1.jar%23211!/:?]
	at TRANSFORMER/iris@1.8.6+mc1.21.1/kroppeb.stareval.resolver.ExpressionResolver.resolveCallExpressionInternal(ExpressionResolver.java:81) ~[iris-neoforge-1.8.6+mc1.21.1.jar%23211!/:?]
	at TRANSFORMER/iris@1.8.6+mc1.21.1/kroppeb.stareval.resolver.ExpressionResolver.resolveCallExpression(ExpressionResolver.java:140) ~[iris-neoforge-1.8.6+mc1.21.1.jar%23211!/:?]
	at TRANSFORMER/iris@1.8.6+mc1.21.1/kroppeb.stareval.resolver.ExpressionResolver.resolveExpressionInternal(ExpressionResolver.java:196) ~[iris-neoforge-1.8.6+mc1.21.1.jar%23211!/:?]
	at TRANSFORMER/iris@1.8.6+mc1.21.1/kroppeb.stareval.resolver.ExpressionResolver.resolveExpression(ExpressionResolver.java:50) ~[iris-neoforge-1.8.6+mc1.21.1.jar%23211!/:?]
	at TRANSFORMER/iris@1.8.6+mc1.21.1/net.irisshaders.iris.uniforms.custom.CustomUniforms.<init>(CustomUniforms.java:60) ~[iris-neoforge-1.8.6+mc1.21.1.jar%23211!/:?]
	at TRANSFORMER/iris@1.8.6+mc1.21.1/net.irisshaders.iris.uniforms.custom.CustomUniforms$Builder.build(CustomUniforms.java:332) ~[iris-neoforge-1.8.6+mc1.21.1.jar%23211!/:?]
	at TRANSFORMER/iris@1.8.6+mc1.21.1/net.irisshaders.iris.uniforms.custom.CustomUniforms$Builder.build(CustomUniforms.java:343) ~[iris-neoforge-1.8.6+mc1.21.1.jar%23211!/:?]
	at TRANSFORMER/iris@1.8.6+mc1.21.1/net.irisshaders.iris.pipeline.IrisRenderingPipeline.<init>(IrisRenderingPipeline.java:282) ~[iris-neoforge-1.8.6+mc1.21.1.jar%23211!/:?]
	at TRANSFORMER/iris@1.8.6+mc1.21.1/net.irisshaders.iris.Iris.createPipeline(Iris.java:616) ~[iris-neoforge-1.8.6+mc1.21.1.jar%23211!/:?]
	at TRANSFORMER/iris@1.8.6+mc1.21.1/net.irisshaders.iris.pipeline.PipelineManager.preparePipeline(PipelineManager.java:33) ~[iris-neoforge-1.8.6+mc1.21.1.jar%23211!/:?]
	at TRANSFORMER/minecraft@1.21.1/net.minecraft.client.Minecraft.handler$zll000$iris$resetPipeline(Minecraft.java:5042) ~[neoforge-21.1.172-minecraft.jar%23205!/:?]
	at TRANSFORMER/minecraft@1.21.1/net.minecraft.client.Minecraft.updateLevelInEngines(Minecraft.java) ~[neoforge-21.1.172-minecraft.jar%23205!/:?]
	at TRANSFORMER/minecraft@1.21.1/net.minecraft.client.Minecraft.setLevel(Minecraft.java:2117) ~[neoforge-21.1.172-minecraft.jar%23205!/:?]
	at TRANSFORMER/minecraft@1.21.1/net.minecraft.client.multiplayer.ClientPacketListener.handleLogin(ClientPacketListener.java:421) ~[neoforge-21.1.172-minecraft.jar%23205!/:?]
	at TRANSFORMER/minecraft@1.21.1/net.minecraft.network.protocol.game.ClientboundLoginPacket.handle(ClientboundLoginPacket.java:67) ~[neoforge-21.1.172-minecraft.jar%23205!/:?]
	at TRANSFORMER/minecraft@1.21.1/net.minecraft.network.protocol.game.ClientboundLoginPacket.handle(ClientboundLoginPacket.java:14) ~[neoforge-21.1.172-minecraft.jar%23205!/:?]
	at TRANSFORMER/minecraft@1.21.1/net.minecraft.network.protocol.PacketUtils.lambda$ensureRunningOnSameThread$0(PacketUtils.java:26) ~[neoforge-21.1.172-minecraft.jar%23205!/:?]
	at TRANSFORMER/minecraft@1.21.1/net.minecraft.util.thread.BlockableEventLoop.doRunTask(BlockableEventLoop.java:148) ~[neoforge-21.1.172-minecraft.jar%23205!/:?]
	at TRANSFORMER/minecraft@1.21.1/net.minecraft.util.thread.ReentrantBlockableEventLoop.doRunTask(ReentrantBlockableEventLoop.java:24) ~[neoforge-21.1.172-minecraft.jar%23205!/:?]
	at TRANSFORMER/minecraft@1.21.1/net.minecraft.util.thread.BlockableEventLoop.pollTask(BlockableEventLoop.java:122) ~[neoforge-21.1.172-minecraft.jar%23205!/:?]
	at TRANSFORMER/minecraft@1.21.1/net.minecraft.util.thread.BlockableEventLoop.runAllTasks(BlockableEventLoop.java:111) ~[neoforge-21.1.172-minecraft.jar%23205!/:?]
	at TRANSFORMER/minecraft@1.21.1/net.minecraft.client.Minecraft.runTick(Minecraft.java:1155) ~[neoforge-21.1.172-minecraft.jar%23205!/:?]
	at TRANSFORMER/minecraft@1.21.1/net.minecraft.client.Minecraft.run(Minecraft.java:807) ~[neoforge-21.1.172-minecraft.jar%23205!/:?]
	at TRANSFORMER/minecraft@1.21.1/net.minecraft.client.main.Main.main(Main.java:230) ~[neoforge-21.1.172-minecraft.jar%23205!/:?]
	at java.base/jdk.internal.reflect.DirectMethodHandleAccessor.invoke(DirectMethodHandleAccessor.java:103) ~[?:?]
	at java.base/java.lang.reflect.Method.invoke(Method.java:580) ~[?:?]
	at MC-BOOTSTRAP/fml_loader@4.0.39/net.neoforged.fml.loading.targets.CommonLaunchHandler.runTarget(CommonLaunchHandler.java:136) ~[loader-4.0.39.jar%23146!/:4.0]
	at MC-BOOTSTRAP/fml_loader@4.0.39/net.neoforged.fml.loading.targets.CommonLaunchHandler.clientService(CommonLaunchHandler.java:124) ~[loader-4.0.39.jar%23146!/:4.0]
	at MC-BOOTSTRAP/fml_loader@4.0.39/net.neoforged.fml.loading.targets.NeoForgeClientDevLaunchHandler.runService(NeoForgeClientDevLaunchHandler.java:23) ~[loader-4.0.39.jar%23146!/:4.0]
	at MC-BOOTSTRAP/fml_loader@4.0.39/net.neoforged.fml.loading.targets.CommonLaunchHandler.lambda$launchService$4(CommonLaunchHandler.java:118) ~[loader-4.0.39.jar%23146!/:4.0]
	at MC-BOOTSTRAP/cpw.mods.modlauncher@11.0.4/cpw.mods.modlauncher.LaunchServiceHandlerDecorator.launch(LaunchServiceHandlerDecorator.java:30) [modlauncher-11.0.4.jar%23128!/:?]
	at MC-BOOTSTRAP/cpw.mods.modlauncher@11.0.4/cpw.mods.modlauncher.LaunchServiceHandler.launch(LaunchServiceHandler.java:53) [modlauncher-11.0.4.jar%23128!/:?]
	at MC-BOOTSTRAP/cpw.mods.modlauncher@11.0.4/cpw.mods.modlauncher.LaunchServiceHandler.launch(LaunchServiceHandler.java:71) [modlauncher-11.0.4.jar%23128!/:?]
	at MC-BOOTSTRAP/cpw.mods.modlauncher@11.0.4/cpw.mods.modlauncher.Launcher.run(Launcher.java:103) [modlauncher-11.0.4.jar%23128!/:?]
	at MC-BOOTSTRAP/cpw.mods.modlauncher@11.0.4/cpw.mods.modlauncher.Launcher.main(Launcher.java:74) [modlauncher-11.0.4.jar%23128!/:?]
	at MC-BOOTSTRAP/cpw.mods.modlauncher@11.0.4/cpw.mods.modlauncher.BootstrapLaunchConsumer.accept(BootstrapLaunchConsumer.java:26) [modlauncher-11.0.4.jar%23128!/:?]
	at MC-BOOTSTRAP/cpw.mods.modlauncher@11.0.4/cpw.mods.modlauncher.BootstrapLaunchConsumer.accept(BootstrapLaunchConsumer.java:23) [modlauncher-11.0.4.jar%23128!/:?]
	at cpw.mods.bootstraplauncher@2.0.2/cpw.mods.bootstraplauncher.BootstrapLauncher.run(BootstrapLauncher.java:210) [bootstraplauncher-2.0.2.jar:?]
	at cpw.mods.bootstraplauncher@2.0.2/cpw.mods.bootstraplauncher.BootstrapLauncher.main(BootstrapLauncher.java:69) [bootstraplauncher-2.0.2.jar:?]
	at java.base/jdk.internal.reflect.DirectMethodHandleAccessor.invoke(DirectMethodHandleAccessor.java:103) ~[?:?]
	at java.base/java.lang.reflect.Method.invoke(Method.java:580) ~[?:?]
	at DevLaunch@1.0.1/net.neoforged.devlaunch.Main.main(Main.java:55) [DevLaunch-1.0.1.jar:?]
[22May2025 19:33:46.624] [Render thread/DEBUG] [mixin/]: Mixing block_rendering.MixinChunkRebuildTask from mixins.iris.vertexformat.json into net.minecraft.client.renderer.chunk.SectionRenderDispatcher$RenderSection$RebuildTask
[22May2025 19:33:46.624] [Render thread/DEBUG] [mixin/]: mixins.iris.vertexformat.json:block_rendering.MixinChunkRebuildTask from mod iris: Class version 65 required is higher than the class version supported by the current version of Mixin (JAVA_8 supports class version 52)
[22May2025 19:33:46.637] [Render thread/DEBUG] [mixin/]: Mixing MixinRenderSectionManager from mixins.iris.compat.sodium.json into net.caffeinemc.mods.sodium.client.render.chunk.RenderSectionManager
[22May2025 19:33:46.637] [Render thread/DEBUG] [mixin/]: mixins.iris.compat.sodium.json:MixinRenderSectionManager from mod iris: Class version 65 required is higher than the class version supported by the current version of Mixin (JAVA_8 supports class version 52)
[22May2025 19:33:46.637] [Render thread/DEBUG] [mixin/]: Mixing MixinRenderSectionManagerShadow from mixins.iris.compat.sodium.json into net.caffeinemc.mods.sodium.client.render.chunk.RenderSectionManager
[22May2025 19:33:46.637] [Render thread/DEBUG] [mixin/]: mixins.iris.compat.sodium.json:MixinRenderSectionManagerShadow from mod iris: Class version 65 required is higher than the class version supported by the current version of Mixin (JAVA_8 supports class version 52)
[22May2025 19:33:46.640] [Render thread/DEBUG] [mixin/]: mixins.iris.compat.sodium.json:MixinRenderSectionManagerShadow from mod iris->@Inject::create(Lnet/minecraft/client/multiplayer/ClientLevel;ILnet/caffeinemc/mods/sodium/client/gl/device/CommandList;Lorg/spongepowered/asm/mixin/injection/callback/CallbackInfo;)V doesn't use it's CallbackInfo
[22May2025 19:33:46.640] [Render thread/DEBUG] [mixin/]: mixins.iris.compat.sodium.json:MixinRenderSectionManagerShadow from mod iris->@Inject::create(Lnet/minecraft/client/multiplayer/ClientLevel;ILnet/caffeinemc/mods/sodium/client/gl/device/CommandList;Lorg/spongepowered/asm/mixin/injection/callback/CallbackInfo;)V has 0 override(s) in child classes
[22May2025 19:33:46.640] [Render thread/DEBUG] [mixin/]: mixins.iris.compat.sodium.json:MixinRenderSectionManagerShadow from mod iris->@Inject::create(Lnet/minecraft/client/multiplayer/ClientLevel;ILnet/caffeinemc/mods/sodium/client/gl/device/CommandList;Lorg/spongepowered/asm/mixin/injection/callback/CallbackInfo;)V won't be passed a CallbackInfo as a result
[22May2025 19:33:46.640] [Render thread/DEBUG] [mixin/]: mixins.iris.compat.sodium.json:MixinRenderSectionManagerShadow from mod iris->@Inject::cancelIfShadow(Lnet/minecraft/client/Camera;Lnet/caffeinemc/mods/sodium/client/render/viewport/Viewport;ZLorg/spongepowered/asm/mixin/injection/callback/CallbackInfo;)V does use it's CallbackInfo
[22May2025 19:33:46.640] [Render thread/DEBUG] [mixin/]: mixins.iris.compat.sodium.json:MixinRenderSectionManagerShadow from mod iris->@Inject::doNotUpdateDuringShadow(ZLorg/spongepowered/asm/mixin/injection/callback/CallbackInfo;)V does use it's CallbackInfo
[22May2025 19:33:46.640] [Render thread/DEBUG] [mixin/]: mixins.iris.compat.sodium.json:MixinRenderSectionManagerShadow from mod iris->@Inject::doNotUploadDuringShadow(Lorg/spongepowered/asm/mixin/injection/callback/CallbackInfo;)V does use it's CallbackInfo
[22May2025 19:33:46.650] [Render thread/DEBUG] [mixin/]: Mixing MixinChunkMeshBuildTask from mixins.iris.compat.sodium.json into net.caffeinemc.mods.sodium.client.render.chunk.compile.tasks.ChunkBuilderMeshingTask
[22May2025 19:33:46.650] [Render thread/DEBUG] [mixin/]: mixins.iris.compat.sodium.json:MixinChunkMeshBuildTask from mod iris: Class version 65 required is higher than the class version supported by the current version of Mixin (JAVA_8 supports class version 52)
[22May2025 19:33:46.657] [Render thread/DEBUG] [mixin/]: mixins.iris.compat.sodium.json:MixinChunkMeshBuildTask from mod iris->@Inject::iris$setLightBlock(Lnet/caffeinemc/mods/sodium/client/render/chunk/compile/ChunkBuildContext;Lnet/caffeinemc/mods/sodium/client/util/task/CancellationToken;Lorg/spongepowered/asm/mixin/injection/callback/CallbackInfoReturnable;)V doesn't use it's CallbackInfoReturnable
[22May2025 19:33:46.657] [Render thread/DEBUG] [mixin/]: mixins.iris.compat.sodium.json:MixinChunkMeshBuildTask from mod iris->@Inject::iris$setLightBlock(Lnet/caffeinemc/mods/sodium/client/render/chunk/compile/ChunkBuildContext;Lnet/caffeinemc/mods/sodium/client/util/task/CancellationToken;Lorg/spongepowered/asm/mixin/injection/callback/CallbackInfoReturnable;)V has 0 override(s) in child classes
[22May2025 19:33:46.657] [Render thread/DEBUG] [mixin/]: mixins.iris.compat.sodium.json:MixinChunkMeshBuildTask from mod iris->@Inject::iris$setLightBlock(Lnet/caffeinemc/mods/sodium/client/render/chunk/compile/ChunkBuildContext;Lnet/caffeinemc/mods/sodium/client/util/task/CancellationToken;Lorg/spongepowered/asm/mixin/injection/callback/CallbackInfoReturnable;)V won't be passed a CallbackInfoReturnable as a result
[22May2025 19:33:46.658] [Render thread/DEBUG] [mixin/]: mixins.iris.compat.sodium.json:MixinChunkMeshBuildTask from mod iris->@Inject::iris$onRenderModel(Lnet/caffeinemc/mods/sodium/client/render/chunk/compile/ChunkBuildContext;Lnet/caffeinemc/mods/sodium/client/util/task/CancellationToken;Lorg/spongepowered/asm/mixin/injection/callback/CallbackInfoReturnable;)V doesn't use it's CallbackInfoReturnable
[22May2025 19:33:46.658] [Render thread/DEBUG] [mixin/]: mixins.iris.compat.sodium.json:MixinChunkMeshBuildTask from mod iris->@Inject::iris$onRenderModel(Lnet/caffeinemc/mods/sodium/client/render/chunk/compile/ChunkBuildContext;Lnet/caffeinemc/mods/sodium/client/util/task/CancellationToken;Lorg/spongepowered/asm/mixin/injection/callback/CallbackInfoReturnable;)V has 0 override(s) in child classes
[22May2025 19:33:46.658] [Render thread/DEBUG] [mixin/]: mixins.iris.compat.sodium.json:MixinChunkMeshBuildTask from mod iris->@Inject::iris$onRenderModel(Lnet/caffeinemc/mods/sodium/client/render/chunk/compile/ChunkBuildContext;Lnet/caffeinemc/mods/sodium/client/util/task/CancellationToken;Lorg/spongepowered/asm/mixin/injection/callback/CallbackInfoReturnable;)V won't be passed a CallbackInfoReturnable as a result
[22May2025 19:33:46.658] [Render thread/DEBUG] [mixin/]: mixins.iris.compat.sodium.json:MixinChunkMeshBuildTask from mod iris->@Inject::iris$onRenderLiquid(Lnet/caffeinemc/mods/sodium/client/render/chunk/compile/ChunkBuildContext;Lnet/caffeinemc/mods/sodium/client/util/task/CancellationToken;Lorg/spongepowered/asm/mixin/injection/callback/CallbackInfoReturnable;)V doesn't use it's CallbackInfoReturnable
[22May2025 19:33:46.658] [Render thread/DEBUG] [mixin/]: mixins.iris.compat.sodium.json:MixinChunkMeshBuildTask from mod iris->@Inject::iris$onRenderLiquid(Lnet/caffeinemc/mods/sodium/client/render/chunk/compile/ChunkBuildContext;Lnet/caffeinemc/mods/sodium/client/util/task/CancellationToken;Lorg/spongepowered/asm/mixin/injection/callback/CallbackInfoReturnable;)V has 0 override(s) in child classes
[22May2025 19:33:46.658] [Render thread/DEBUG] [mixin/]: mixins.iris.compat.sodium.json:MixinChunkMeshBuildTask from mod iris->@Inject::iris$onRenderLiquid(Lnet/caffeinemc/mods/sodium/client/render/chunk/compile/ChunkBuildContext;Lnet/caffeinemc/mods/sodium/client/util/task/CancellationToken;Lorg/spongepowered/asm/mixin/injection/callback/CallbackInfoReturnable;)V won't be passed a CallbackInfoReturnable as a result
[22May2025 19:33:46.658] [Render thread/DEBUG] [mixin/]: mixins.iris.compat.sodium.json:MixinChunkMeshBuildTask from mod iris->@Inject::iris$onEnd(Lnet/caffeinemc/mods/sodium/client/render/chunk/compile/ChunkBuildContext;Lnet/caffeinemc/mods/sodium/client/util/task/CancellationToken;Lorg/spongepowered/asm/mixin/injection/callback/CallbackInfoReturnable;)V doesn't use it's CallbackInfoReturnable
[22May2025 19:33:46.658] [Render thread/DEBUG] [mixin/]: mixins.iris.compat.sodium.json:MixinChunkMeshBuildTask from mod iris->@Inject::iris$onEnd(Lnet/caffeinemc/mods/sodium/client/render/chunk/compile/ChunkBuildContext;Lnet/caffeinemc/mods/sodium/client/util/task/CancellationToken;Lorg/spongepowered/asm/mixin/injection/callback/CallbackInfoReturnable;)V has 0 override(s) in child classes
[22May2025 19:33:46.658] [Render thread/DEBUG] [mixin/]: mixins.iris.compat.sodium.json:MixinChunkMeshBuildTask from mod iris->@Inject::iris$onEnd(Lnet/caffeinemc/mods/sodium/client/render/chunk/compile/ChunkBuildContext;Lnet/caffeinemc/mods/sodium/client/util/task/CancellationToken;Lorg/spongepowered/asm/mixin/injection/callback/CallbackInfoReturnable;)V won't be passed a CallbackInfoReturnable as a result
[22May2025 19:33:46.664] [Render thread/DEBUG] [mixin/]: Mixing MixinDefaultChunkRenderer from mixins.iris.compat.sodium.json into net.caffeinemc.mods.sodium.client.render.chunk.DefaultChunkRenderer
[22May2025 19:33:46.664] [Render thread/DEBUG] [mixin/]: mixins.iris.compat.sodium.json:MixinDefaultChunkRenderer from mod iris: Class version 65 required is higher than the class version supported by the current version of Mixin (JAVA_8 supports class version 52)
[22May2025 19:33:46.668] [Render thread/DEBUG] [mixin/]: Mixing MixinShaderChunkRenderer from mixins.iris.compat.sodium.json into net.caffeinemc.mods.sodium.client.render.chunk.ShaderChunkRenderer
[22May2025 19:33:46.668] [Render thread/DEBUG] [mixin/]: mixins.iris.compat.sodium.json:MixinShaderChunkRenderer from mod iris: Class version 65 required is higher than the class version supported by the current version of Mixin (JAVA_8 supports class version 52)
[22May2025 19:33:46.699] [Render thread/DEBUG] [mixin/]: Mixing MixinChunkBuildBuffers from mixins.iris.compat.sodium.json into net.caffeinemc.mods.sodium.client.render.chunk.compile.ChunkBuildBuffers
[22May2025 19:33:46.700] [Render thread/DEBUG] [mixin/]: mixins.iris.compat.sodium.json:MixinChunkBuildBuffers from mod iris: Class version 65 required is higher than the class version supported by the current version of Mixin (JAVA_8 supports class version 52)
[22May2025 19:33:46.725] [Render thread/DEBUG] [mixin/]: Mixing MixinChunkMeshBufferBuilder from mixins.iris.compat.sodium.json into net.caffeinemc.mods.sodium.client.render.chunk.vertex.builder.ChunkMeshBufferBuilder
[22May2025 19:33:46.725] [Render thread/DEBUG] [mixin/]: mixins.iris.compat.sodium.json:MixinChunkMeshBufferBuilder from mod iris: Class version 65 required is higher than the class version supported by the current version of Mixin (JAVA_8 supports class version 52)
[22May2025 19:33:46.739] [Render thread/DEBUG] [mixin/]: Mixing MixinBakedChunkModelBuilder from mixins.iris.compat.sodium.json into net.caffeinemc.mods.sodium.client.render.chunk.compile.buffers.BakedChunkModelBuilder
[22May2025 19:33:46.739] [Render thread/DEBUG] [mixin/]: mixins.iris.compat.sodium.json:MixinBakedChunkModelBuilder from mod iris: Class version 65 required is higher than the class version supported by the current version of Mixin (JAVA_8 supports class version 52)
[22May2025 19:33:46.740] [Render thread/DEBUG] [mixin/]: mixins.iris.compat.sodium.json:MixinBakedChunkModelBuilder from mod iris->@Inject::setupContextHolder([Lnet/caffeinemc/mods/sodium/client/render/chunk/vertex/builder/ChunkMeshBufferBuilder;Lorg/spongepowered/asm/mixin/injection/callback/CallbackInfo;)V doesn't use it's CallbackInfo
[22May2025 19:33:46.740] [Render thread/DEBUG] [mixin/]: mixins.iris.compat.sodium.json:MixinBakedChunkModelBuilder from mod iris->@Inject::setupContextHolder([Lnet/caffeinemc/mods/sodium/client/render/chunk/vertex/builder/ChunkMeshBufferBuilder;Lorg/spongepowered/asm/mixin/injection/callback/CallbackInfo;)V has 0 override(s) in child classes
[22May2025 19:33:46.740] [Render thread/DEBUG] [mixin/]: mixins.iris.compat.sodium.json:MixinBakedChunkModelBuilder from mod iris->@Inject::setupContextHolder([Lnet/caffeinemc/mods/sodium/client/render/chunk/vertex/builder/ChunkMeshBufferBuilder;Lorg/spongepowered/asm/mixin/injection/callback/CallbackInfo;)V won't be passed a CallbackInfo as a result
[22May2025 19:33:46.746] [Render thread/DEBUG] [mixin/]: Mixing MixinChunkVertexConsumer from mixins.iris.compat.sodium.json into net.caffeinemc.mods.sodium.client.render.chunk.compile.buffers.ChunkVertexConsumer
[22May2025 19:33:46.747] [Render thread/DEBUG] [mixin/]: mixins.iris.compat.sodium.json:MixinChunkVertexConsumer from mod iris: Class version 65 required is higher than the class version supported by the current version of Mixin (JAVA_8 supports class version 52)
[22May2025 19:33:46.757] [Render thread/DEBUG] [mixin/]: Mixing platform.neoforge.LevelSliceMixin from sodium-neoforge.mixins.json into net.caffeinemc.mods.sodium.client.world.LevelSlice
[22May2025 19:33:46.757] [Render thread/DEBUG] [mixin/]: sodium-neoforge.mixins.json:platform.neoforge.LevelSliceMixin from mod sodium: Class version 65 required is higher than the class version supported by the current version of Mixin (JAVA_17 supports class version 61)
[22May2025 19:33:46.832] [Server thread/DEBUG] [mixin/]: Mixing compat119plus.LookTargetUtilMixin from pehkui.mixins.json into net.minecraft.world.entity.ai.behavior.BehaviorUtils
[22May2025 19:33:46.832] [Server thread/DEBUG] [mixin/]: pehkui.mixins.json:compat119plus.LookTargetUtilMixin from mod pehkui: Class version 65 required is higher than the class version supported by the current version of Mixin (JAVA_17 supports class version 61)
[22May2025 19:33:46.833] [Server thread/DEBUG] [mixin/]: pehkui.mixins.json:compat119plus.LookTargetUtilMixin from mod pehkui->@Inject::pehkui$give(Lnet/minecraft/world/entity/LivingEntity;Lnet/minecraft/world/item/ItemStack;Lnet/minecraft/world/phys/Vec3;Lnet/minecraft/world/phys/Vec3;FLorg/spongepowered/asm/mixin/injection/callback/CallbackInfo;)V doesn't use it's CallbackInfo
[22May2025 19:33:46.863] [Render thread/DEBUG] [Sodium/]: Loaded net.caffeinemc.mods.sodium.neoforge.render.FluidRendererImpl$ForgeFactory@1b48164d for service interface net.caffeinemc.mods.sodium.client.services.FluidRendererFactory
[22May2025 19:33:46.864] [Render thread/DEBUG] [mixin/]: Mixing BlockRendererAccessor from mixins.iris.compat.sodium.json into net.caffeinemc.mods.sodium.client.render.chunk.compile.pipeline.BlockRenderer
[22May2025 19:33:46.864] [Render thread/DEBUG] [mixin/]: mixins.iris.compat.sodium.json:BlockRendererAccessor from mod iris: Class version 65 required is higher than the class version supported by the current version of Mixin (JAVA_8 supports class version 52)
[22May2025 19:33:46.864] [Render thread/DEBUG] [mixin/]: Mixing MixinBlockRenderer from mixins.iris.compat.sodium.json into net.caffeinemc.mods.sodium.client.render.chunk.compile.pipeline.BlockRenderer
[22May2025 19:33:46.864] [Render thread/DEBUG] [mixin/]: mixins.iris.compat.sodium.json:MixinBlockRenderer from mod iris: Class version 65 required is higher than the class version supported by the current version of Mixin (JAVA_8 supports class version 52)
[22May2025 19:33:46.865] [Render thread/DEBUG] [mixin/]: mixins.iris.compat.sodium.json:MixinBlockRenderer from mod iris->@Inject::iris$renderModelHead(Lnet/minecraft/client/resources/model/BakedModel;Lnet/minecraft/world/level/block/state/BlockState;Lnet/minecraft/core/BlockPos;Lnet/minecraft/core/BlockPos;Lorg/spongepowered/asm/mixin/injection/callback/CallbackInfo;)V doesn't use it's CallbackInfo
[22May2025 19:33:46.865] [Render thread/DEBUG] [mixin/]: mixins.iris.compat.sodium.json:MixinBlockRenderer from mod iris->@Inject::iris$renderModelHead(Lnet/minecraft/client/resources/model/BakedModel;Lnet/minecraft/world/level/block/state/BlockState;Lnet/minecraft/core/BlockPos;Lnet/minecraft/core/BlockPos;Lorg/spongepowered/asm/mixin/injection/callback/CallbackInfo;)V has 0 override(s) in child classes
[22May2025 19:33:46.865] [Render thread/DEBUG] [mixin/]: mixins.iris.compat.sodium.json:MixinBlockRenderer from mod iris->@Inject::iris$renderModelHead(Lnet/minecraft/client/resources/model/BakedModel;Lnet/minecraft/world/level/block/state/BlockState;Lnet/minecraft/core/BlockPos;Lnet/minecraft/core/BlockPos;Lorg/spongepowered/asm/mixin/injection/callback/CallbackInfo;)V won't be passed a CallbackInfo as a result
[22May2025 19:33:46.865] [Render thread/DEBUG] [mixin/]: mixins.iris.compat.sodium.json:MixinBlockRenderer from mod iris->@Inject::iris$renderModelTail(Lnet/minecraft/client/resources/model/BakedModel;Lnet/minecraft/world/level/block/state/BlockState;Lnet/minecraft/core/BlockPos;Lnet/minecraft/core/BlockPos;Lorg/spongepowered/asm/mixin/injection/callback/CallbackInfo;)V doesn't use it's CallbackInfo
[22May2025 19:33:46.865] [Render thread/DEBUG] [mixin/]: mixins.iris.compat.sodium.json:MixinBlockRenderer from mod iris->@Inject::iris$renderModelTail(Lnet/minecraft/client/resources/model/BakedModel;Lnet/minecraft/world/level/block/state/BlockState;Lnet/minecraft/core/BlockPos;Lnet/minecraft/core/BlockPos;Lorg/spongepowered/asm/mixin/injection/callback/CallbackInfo;)V has 0 override(s) in child classes
[22May2025 19:33:46.865] [Render thread/DEBUG] [mixin/]: mixins.iris.compat.sodium.json:MixinBlockRenderer from mod iris->@Inject::iris$renderModelTail(Lnet/minecraft/client/resources/model/BakedModel;Lnet/minecraft/world/level/block/state/BlockState;Lnet/minecraft/core/BlockPos;Lnet/minecraft/core/BlockPos;Lorg/spongepowered/asm/mixin/injection/callback/CallbackInfo;)V won't be passed a CallbackInfo as a result
[22May2025 19:33:46.906] [Render thread/DEBUG] [mixin/]: Mixing MixinDefaultFluidRenderer from mixins.iris.compat.sodium.json into net.caffeinemc.mods.sodium.client.render.chunk.compile.pipeline.DefaultFluidRenderer
[22May2025 19:33:46.907] [Render thread/DEBUG] [mixin/]: mixins.iris.compat.sodium.json:MixinDefaultFluidRenderer from mod iris: Class version 65 required is higher than the class version supported by the current version of Mixin (JAVA_8 supports class version 52)
[22May2025 19:33:46.927] [Render thread/INFO] [ChunkBuilder/]: Started 10 worker threads
[22May2025 19:33:47.039] [Render thread/DEBUG] [mixin/]: Mixing sodium.fog.MixinOcclusionCuller from sodium-extra.mixins.json into net.caffeinemc.mods.sodium.client.render.chunk.occlusion.OcclusionCuller
[22May2025 19:33:47.039] [Render thread/DEBUG] [mixin/]: sodium-extra.mixins.json:sodium.fog.MixinOcclusionCuller from mod sodium_extra: Class version 65 required is higher than the class version supported by the current version of Mixin (JAVA_17 supports class version 61)
[22May2025 19:33:47.041] [Render thread/DEBUG] [mixin/]: sodium-extra.mixins.json:sodium.fog.MixinOcclusionCuller from mod sodium_extra->@Inject::isWithinRenderDistance(Lnet/caffeinemc/mods/sodium/client/render/viewport/CameraTransform;Lnet/caffeinemc/mods/sodium/client/render/chunk/RenderSection;FLorg/spongepowered/asm/mixin/injection/callback/CallbackInfoReturnable;)V does use it's CallbackInfoReturnable
[22May2025 19:33:47.116] [Render thread/DEBUG] [mixin/]: Mixing MixinBiomeAmbientSoundsHandler from mixins.iris.json into net.minecraft.client.resources.sounds.BiomeAmbientSoundsHandler
[22May2025 19:33:47.116] [Render thread/DEBUG] [mixin/]: mixins.iris.json:MixinBiomeAmbientSoundsHandler from mod iris: Class version 65 required is higher than the class version supported by the current version of Mixin (JAVA_8 supports class version 52)
[22May2025 19:33:47.118] [Render thread/DEBUG] [mixin/]: mixins.iris.json:MixinBiomeAmbientSoundsHandler from mod iris->@Inject::calculateConstantMoodiness(Lnet/minecraft/world/level/biome/AmbientMoodSettings;Lorg/spongepowered/asm/mixin/injection/callback/CallbackInfo;)V doesn't use it's CallbackInfo
[22May2025 19:33:47.118] [Render thread/DEBUG] [mixin/]: mixins.iris.json:MixinBiomeAmbientSoundsHandler from mod iris->@Inject::calculateConstantMoodiness(Lnet/minecraft/world/level/biome/AmbientMoodSettings;Lorg/spongepowered/asm/mixin/injection/callback/CallbackInfo;)V has 0 override(s) in child classes
[22May2025 19:33:47.118] [Render thread/DEBUG] [mixin/]: mixins.iris.json:MixinBiomeAmbientSoundsHandler from mod iris->@Inject::calculateConstantMoodiness(Lnet/minecraft/world/level/biome/AmbientMoodSettings;Lorg/spongepowered/asm/mixin/injection/callback/CallbackInfo;)V won't be passed a CallbackInfo as a result
[22May2025 19:33:47.138] [Render thread/DEBUG] [mixin/]: Mixing core.gui.LevelLoadStatusManagerMixin from sodium-common.mixins.json into net.minecraft.client.multiplayer.LevelLoadStatusManager
[22May2025 19:33:47.139] [Render thread/DEBUG] [mixin/]: sodium-common.mixins.json:core.gui.LevelLoadStatusManagerMixin from mod sodium: Class version 65 required is higher than the class version supported by the current version of Mixin (JAVA_17 supports class version 61)
[22May2025 19:33:47.241] [Render thread/INFO] [mezz.jei.neoforge.startup.StartEventObserver/]: JEI StartEventObserver received class net.neoforged.neoforge.client.event.RecipesUpdatedEvent
[22May2025 19:33:47.241] [Render thread/INFO] [mezz.jei.neoforge.startup.StartEventObserver/]: JEI StartEventObserver transitioning state from LISTENING to JEI_STARTED
[22May2025 19:33:47.245] [Render thread/INFO] [mezz.jei.core.util.LoggedTimer/]: Starting JEI...
[22May2025 19:33:47.263] [Render thread/INFO] [mezz.jei.library.load.PluginCaller/]: Registering item subtypes...
[22May2025 19:33:47.264] [Render thread/DEBUG] [mezz.jei.library.load.PluginCallerTimerRunnable/]: Registering item subtypes: jei:minecraft...
[22May2025 19:33:47.281] [Render thread/INFO] [mezz.jei.library.load.PluginCallerTimerRunnable/]: Registering item subtypes: jei:minecraft took 16.19 milliseconds
[22May2025 19:33:47.281] [Render thread/DEBUG] [mezz.jei.library.load.PluginCallerTimerRunnable/]: Registering item subtypes: industrialforegoing:default...
[22May2025 19:33:47.288] [Render thread/DEBUG] [mezz.jei.library.load.PluginCallerTimerRunnable/]: Registering item subtypes: enderio:conduits...
[22May2025 19:33:47.290] [Render thread/DEBUG] [mezz.jei.library.load.PluginCallerTimerRunnable/]: Registering item subtypes: titanium:default...
[22May2025 19:33:47.291] [Render thread/DEBUG] [mezz.jei.library.load.PluginCallerTimerRunnable/]: Registering item subtypes: jade:main...
[22May2025 19:33:47.291] [Render thread/DEBUG] [mezz.jei.library.load.PluginCallerTimerRunnable/]: Registering item subtypes: jei:neoforge_gui...
[22May2025 19:33:47.291] [Render thread/DEBUG] [mezz.jei.library.load.PluginCallerTimerRunnable/]: Registering item subtypes: jei:debug...
[22May2025 19:33:47.291] [Render thread/DEBUG] [mezz.jei.library.load.PluginCallerTimerRunnable/]: Registering item subtypes: jei:gui...
[22May2025 19:33:47.291] [Render thread/DEBUG] [mezz.jei.library.load.PluginCallerTimerRunnable/]: Registering item subtypes: enderio:base...
[22May2025 19:33:47.292] [Render thread/DEBUG] [mezz.jei.library.load.PluginCallerTimerRunnable/]: Registering item subtypes: mekanism:jei_plugin...
[22May2025 19:33:47.331] [Render thread/INFO] [mezz.jei.library.load.PluginCallerTimerRunnable/]: Registering item subtypes: mekanism:jei_plugin took 39.71 milliseconds
[22May2025 19:33:47.331] [Render thread/DEBUG] [mezz.jei.library.load.PluginCallerTimerRunnable/]: Registering item subtypes: mekanismgenerators:jei_plugin...
[22May2025 19:33:47.332] [Render thread/DEBUG] [mezz.jei.library.load.PluginCallerTimerRunnable/]: Registering item subtypes: justdirethings:jei_plugin...
[22May2025 19:33:47.332] [Render thread/DEBUG] [mezz.jei.library.load.PluginCallerTimerRunnable/]: Registering item subtypes: enderio:machines...
[22May2025 19:33:47.332] [Render thread/DEBUG] [mezz.jei.library.load.PluginCallerTimerRunnable/]: Registering item subtypes: jei:internal...
[22May2025 19:33:47.332] [Render thread/INFO] [mezz.jei.library.load.PluginCaller/]: Registering item subtypes took 69.16 ms
[22May2025 19:33:47.334] [Render thread/INFO] [mezz.jei.library.load.PluginCaller/]: Registering fluid subtypes...
[22May2025 19:33:47.334] [Render thread/DEBUG] [mezz.jei.library.load.PluginCallerTimerRunnable/]: Registering fluid subtypes: jei:minecraft...
[22May2025 19:33:47.334] [Render thread/DEBUG] [mezz.jei.library.load.PluginCallerTimerRunnable/]: Registering fluid subtypes: industrialforegoing:default...
[22May2025 19:33:47.334] [Render thread/DEBUG] [mezz.jei.library.load.PluginCallerTimerRunnable/]: Registering fluid subtypes: enderio:conduits...
[22May2025 19:33:47.334] [Render thread/DEBUG] [mezz.jei.library.load.PluginCallerTimerRunnable/]: Registering fluid subtypes: titanium:default...
[22May2025 19:33:47.334] [Render thread/DEBUG] [mezz.jei.library.load.PluginCallerTimerRunnable/]: Registering fluid subtypes: jade:main...
[22May2025 19:33:47.334] [Render thread/DEBUG] [mezz.jei.library.load.PluginCallerTimerRunnable/]: Registering fluid subtypes: jei:neoforge_gui...
[22May2025 19:33:47.334] [Render thread/DEBUG] [mezz.jei.library.load.PluginCallerTimerRunnable/]: Registering fluid subtypes: jei:debug...
[22May2025 19:33:47.338] [Render thread/DEBUG] [mezz.jei.library.load.PluginCallerTimerRunnable/]: Registering fluid subtypes: jei:gui...
[22May2025 19:33:47.339] [Render thread/DEBUG] [mezz.jei.library.load.PluginCallerTimerRunnable/]: Registering fluid subtypes: enderio:base...
[22May2025 19:33:47.339] [Render thread/DEBUG] [mezz.jei.library.load.PluginCallerTimerRunnable/]: Registering fluid subtypes: mekanism:jei_plugin...
[22May2025 19:33:47.339] [Render thread/DEBUG] [mezz.jei.library.load.PluginCallerTimerRunnable/]: Registering fluid subtypes: mekanismgenerators:jei_plugin...
[22May2025 19:33:47.339] [Render thread/DEBUG] [mezz.jei.library.load.PluginCallerTimerRunnable/]: Registering fluid subtypes: justdirethings:jei_plugin...
[22May2025 19:33:47.339] [Render thread/DEBUG] [mezz.jei.library.load.PluginCallerTimerRunnable/]: Registering fluid subtypes: enderio:machines...
[22May2025 19:33:47.339] [Render thread/DEBUG] [mezz.jei.library.load.PluginCallerTimerRunnable/]: Registering fluid subtypes: jei:internal...
[22May2025 19:33:47.339] [Render thread/INFO] [mezz.jei.library.load.PluginCaller/]: Registering fluid subtypes took 5.165 ms
[22May2025 19:33:47.344] [Render thread/INFO] [mezz.jei.library.load.PluginCaller/]: Registering ingredients...
[22May2025 19:33:47.345] [Render thread/DEBUG] [mezz.jei.library.load.PluginCallerTimerRunnable/]: Registering ingredients: jei:minecraft...
[22May2025 19:33:47.385] [Render thread/DEBUG] [mezz.jei.library.plugins.vanilla.ingredients.ItemStackListFactory/]: Added  412/ 412 new items from 'Blocos de construção' creative tab's displayItems
[22May2025 19:33:47.386] [Render thread/DEBUG] [mezz.jei.library.plugins.vanilla.ingredients.ItemStackListFactory/]: Added    0/ 402 new items from 'Blocos de construção' creative tab's searchTabDisplayItems
[22May2025 19:33:47.392] [Render thread/DEBUG] [mezz.jei.library.plugins.vanilla.ingredients.ItemStackListFactory/]: Added  198/ 198 new items from 'Blocos coloridos' creative tab's displayItems
[22May2025 19:33:47.417] [Render thread/DEBUG] [mezz.jei.library.plugins.vanilla.ingredients.ItemStackListFactory/]: Added  211/ 237 new items from 'Blocos naturais' creative tab's displayItems
[22May2025 19:33:47.417] [Render thread/DEBUG] [mezz.jei.library.plugins.vanilla.ingredients.ItemStackListFactory/]: Added    0/ 226 new items from 'Blocos naturais' creative tab's searchTabDisplayItems
[22May2025 19:33:47.453] [Render thread/DEBUG] [mezz.jei.library.plugins.vanilla.ingredients.ItemStackListFactory/]: Added  277/ 364 new items from 'Blocos funcionais' creative tab's displayItems
[22May2025 19:33:47.453] [Render thread/DEBUG] [mezz.jei.library.plugins.vanilla.ingredients.ItemStackListFactory/]: Added    0/ 225 new items from 'Blocos funcionais' creative tab's searchTabDisplayItems
[22May2025 19:33:47.455] [Render thread/DEBUG] [mezz.jei.library.plugins.vanilla.ingredients.ItemStackListFactory/]: Added   59/ 216 new items from 'Blocos de redstone' creative tab's displayItems
[22May2025 19:33:47.455] [Render thread/DEBUG] [mezz.jei.library.plugins.vanilla.ingredients.ItemStackListFactory/]: Added    0/  90 new items from 'Blocos de redstone' creative tab's searchTabDisplayItems
[22May2025 19:33:47.455] [Render thread/DEBUG] [mezz.jei.library.plugins.vanilla.ingredients.ItemStackListFactory/]: Skipping creative tab: 'Barras rápidas salvas' because it is type: HOTBAR
[22May2025 19:33:47.456] [Render thread/DEBUG] [mezz.jei.library.plugins.vanilla.ingredients.ItemStackListFactory/]: Skipping creative tab: 'Buscar' because it is type: SEARCH
[22May2025 19:33:47.483] [Render thread/DEBUG] [mezz.jei.library.plugins.vanilla.ingredients.ItemStackListFactory/]: Added  221/ 238 new items from 'Ferramentas' creative tab's displayItems
[22May2025 19:33:47.483] [Render thread/DEBUG] [mezz.jei.library.plugins.vanilla.ingredients.ItemStackListFactory/]: Added    0/ 169 new items from 'Ferramentas' creative tab's searchTabDisplayItems
[22May2025 19:33:47.498] [Render thread/DEBUG] [mezz.jei.library.plugins.vanilla.ingredients.ItemStackListFactory/]: Added  104/ 124 new items from 'Combate' creative tab's displayItems
[22May2025 19:33:47.498] [Render thread/DEBUG] [mezz.jei.library.plugins.vanilla.ingredients.ItemStackListFactory/]: Added    0/ 104 new items from 'Combate' creative tab's searchTabDisplayItems
[22May2025 19:33:47.508] [Render thread/DEBUG] [mezz.jei.library.plugins.vanilla.ingredients.ItemStackListFactory/]: Added  191/ 194 new items from 'Alimentos e poções' creative tab's displayItems
[22May2025 19:33:47.509] [Render thread/DEBUG] [mezz.jei.library.plugins.vanilla.ingredients.ItemStackListFactory/]: Added    0/ 193 new items from 'Alimentos e poções' creative tab's searchTabDisplayItems
[22May2025 19:33:47.524] [Render thread/DEBUG] [mezz.jei.library.plugins.vanilla.ingredients.ItemStackListFactory/]: Added  276/ 290 new items from 'Ingredientes' creative tab's displayItems
[22May2025 19:33:47.524] [Render thread/DEBUG] [mezz.jei.library.plugins.vanilla.ingredients.ItemStackListFactory/]: Added   83/ 269 new items from 'Ingredientes' creative tab's searchTabDisplayItems
[22May2025 19:33:47.526] [Render thread/DEBUG] [mezz.jei.library.plugins.vanilla.ingredients.ItemStackListFactory/]: Added   81/  81 new items from 'Ovos geradores' creative tab's displayItems
[22May2025 19:33:47.527] [Render thread/WARN] [mezz.jei.library.plugins.vanilla.ingredients.ItemStackListFactory/]: Item Group has no display items and no search tab display items. Items from this group will be missing from the JEI ingredient list. Blocos de operador
[22May2025 19:33:47.527] [Render thread/DEBUG] [mezz.jei.library.plugins.vanilla.ingredients.ItemStackListFactory/]: Skipping creative tab: 'Inventário' because it is type: INVENTORY
[22May2025 19:33:47.528] [Render thread/DEBUG] [mezz.jei.library.plugins.vanilla.ingredients.ItemStackListFactory/]: Added   62/  62 new items from 'Industrial Foregoing: Core' creative tab's displayItems
[22May2025 19:33:47.528] [Render thread/DEBUG] [mezz.jei.library.plugins.vanilla.ingredients.ItemStackListFactory/]: Added   15/  15 new items from 'Industrial Foregoing: Agriculture & Husbandry' creative tab's displayItems
[22May2025 19:33:47.528] [Render thread/DEBUG] [mezz.jei.library.plugins.vanilla.ingredients.ItemStackListFactory/]: Added   11/  11 new items from 'Industrial Foregoing: Transport' creative tab's displayItems
[22May2025 19:33:47.528] [Render thread/DEBUG] [mezz.jei.library.plugins.vanilla.ingredients.ItemStackListFactory/]: Added   19/  19 new items from 'Industrial Foregoing: Resource Production' creative tab's displayItems
[22May2025 19:33:47.529] [Render thread/DEBUG] [mezz.jei.library.plugins.vanilla.ingredients.ItemStackListFactory/]: Added   20/  20 new items from 'Industrial Foregoing: Generators' creative tab's displayItems
[22May2025 19:33:47.529] [Render thread/DEBUG] [mezz.jei.library.plugins.vanilla.ingredients.ItemStackListFactory/]: Added    7/   7 new items from 'Industrial Foregoing: Misc' creative tab's displayItems
[22May2025 19:33:47.530] [Render thread/DEBUG] [mezz.jei.library.plugins.vanilla.ingredients.ItemStackListFactory/]: Added   58/  58 new items from 'Industrial Foregoing: Tools' creative tab's displayItems
[22May2025 19:33:47.530] [Render thread/DEBUG] [mezz.jei.library.plugins.vanilla.ingredients.ItemStackListFactory/]: Added  102/ 102 new items from 'Ender IO' creative tab's displayItems
[22May2025 19:33:47.531] [Render thread/DEBUG] [mezz.jei.library.plugins.vanilla.ingredients.ItemStackListFactory/]: Added   14/  18 new items from 'Engrenagens Ender IO' creative tab's displayItems
[22May2025 19:33:47.532] [Render thread/WARN] [mezz.jei.library.plugins.vanilla.ingredients.ItemStackListFactory/]: 4 duplicate items were found in 'Engrenagens Ender IO' creative tab's: displayItems
This may indicate that these types of item need a subtype interpreter added to JEI:
[enderio:staff_of_travelling, enderio:cold_fire_igniter, enderio:electromagnet, enderio:staff_of_levity]
[22May2025 19:33:47.534] [Render thread/DEBUG] [mezz.jei.library.plugins.vanilla.ingredients.ItemStackListFactory/]: Added  765/ 765 new items from 'Blocos Ender IO' creative tab's displayItems
[22May2025 19:33:47.534] [Render thread/DEBUG] [mezz.jei.library.plugins.vanilla.ingredients.ItemStackListFactory/]: Added   32/  32 new items from 'Máquinas Ender IO' creative tab's displayItems
[22May2025 19:33:47.541] [Render thread/DEBUG] [mezz.jei.library.plugins.vanilla.ingredients.ItemStackListFactory/]: Added  167/ 167 new items from 'Almas Ender IO' creative tab's displayItems
[22May2025 19:33:47.545] [Render thread/DEBUG] [mezz.jei.library.plugins.vanilla.ingredients.ItemStackListFactory/]: Added   31/  31 new items from 'Conduítes Ender IO' creative tab's displayItems
[22May2025 19:33:47.559] [Render thread/DEBUG] [mezz.jei.library.plugins.vanilla.ingredients.ItemStackListFactory/]: Added  137/ 527 new items from 'Mekanism' creative tab's displayItems
[22May2025 19:33:47.560] [Render thread/DEBUG] [mezz.jei.library.plugins.vanilla.ingredients.ItemStackListFactory/]: Added   20/  34 new items from 'Mekanism: Generators' creative tab's displayItems
[22May2025 19:33:47.564] [Render thread/DEBUG] [mezz.jei.library.plugins.vanilla.ingredients.ItemStackListFactory/]: Added  186/ 186 new items from 'Just Dire Things' creative tab's displayItems
[22May2025 19:33:47.602] [Render thread/INFO] [mezz.jei.library.load.PluginCallerTimerRunnable/]: Registering ingredients: jei:minecraft took 256.5 milliseconds
[22May2025 19:33:47.602] [Render thread/DEBUG] [mezz.jei.library.load.PluginCallerTimerRunnable/]: Registering ingredients: industrialforegoing:default...
[22May2025 19:33:47.602] [Render thread/DEBUG] [mezz.jei.library.load.PluginCallerTimerRunnable/]: Registering ingredients: enderio:conduits...
[22May2025 19:33:47.602] [Render thread/DEBUG] [mezz.jei.library.load.PluginCallerTimerRunnable/]: Registering ingredients: titanium:default...
[22May2025 19:33:47.602] [Render thread/DEBUG] [mezz.jei.library.load.PluginCallerTimerRunnable/]: Registering ingredients: jade:main...
[22May2025 19:33:47.602] [Render thread/DEBUG] [mezz.jei.library.load.PluginCallerTimerRunnable/]: Registering ingredients: jei:neoforge_gui...
[22May2025 19:33:47.602] [Render thread/DEBUG] [mezz.jei.library.load.PluginCallerTimerRunnable/]: Registering ingredients: jei:debug...
[22May2025 19:33:47.602] [Render thread/DEBUG] [mezz.jei.library.load.PluginCallerTimerRunnable/]: Registering ingredients: jei:gui...
[22May2025 19:33:47.602] [Render thread/DEBUG] [mezz.jei.library.load.PluginCallerTimerRunnable/]: Registering ingredients: enderio:base...
[22May2025 19:33:47.602] [Render thread/DEBUG] [mezz.jei.library.load.PluginCallerTimerRunnable/]: Registering ingredients: mekanism:jei_plugin...
[22May2025 19:33:47.615] [Render thread/INFO] [mezz.jei.library.load.PluginCallerTimerRunnable/]: Registering ingredients: mekanism:jei_plugin took 12.68 milliseconds
[22May2025 19:33:47.615] [Render thread/DEBUG] [mezz.jei.library.load.PluginCallerTimerRunnable/]: Registering ingredients: mekanismgenerators:jei_plugin...
[22May2025 19:33:47.615] [Render thread/DEBUG] [mezz.jei.library.load.PluginCallerTimerRunnable/]: Registering ingredients: justdirethings:jei_plugin...
[22May2025 19:33:47.615] [Render thread/DEBUG] [mezz.jei.library.load.PluginCallerTimerRunnable/]: Registering ingredients: enderio:machines...
[22May2025 19:33:47.615] [Render thread/DEBUG] [mezz.jei.library.load.PluginCallerTimerRunnable/]: Registering ingredients: jei:internal...
[22May2025 19:33:47.615] [Render thread/INFO] [mezz.jei.library.load.PluginCaller/]: Registering ingredients took 270.5 ms
[22May2025 19:33:47.616] [Render thread/INFO] [mezz.jei.library.load.PluginCaller/]: Registering extra ingredients...
[22May2025 19:33:47.616] [Render thread/DEBUG] [mezz.jei.library.load.PluginCallerTimerRunnable/]: Registering extra ingredients: jei:minecraft...
[22May2025 19:33:47.617] [Render thread/DEBUG] [mezz.jei.library.load.PluginCallerTimerRunnable/]: Registering extra ingredients: industrialforegoing:default...
[22May2025 19:33:47.617] [Render thread/DEBUG] [mezz.jei.library.load.PluginCallerTimerRunnable/]: Registering extra ingredients: enderio:conduits...
[22May2025 19:33:47.617] [Render thread/DEBUG] [mezz.jei.library.load.PluginCallerTimerRunnable/]: Registering extra ingredients: titanium:default...
[22May2025 19:33:47.617] [Render thread/DEBUG] [mezz.jei.library.load.PluginCallerTimerRunnable/]: Registering extra ingredients: jade:main...
[22May2025 19:33:47.617] [Render thread/DEBUG] [mezz.jei.library.load.PluginCallerTimerRunnable/]: Registering extra ingredients: jei:neoforge_gui...
[22May2025 19:33:47.617] [Render thread/DEBUG] [mezz.jei.library.load.PluginCallerTimerRunnable/]: Registering extra ingredients: jei:debug...
[22May2025 19:33:47.617] [Render thread/DEBUG] [mezz.jei.library.load.PluginCallerTimerRunnable/]: Registering extra ingredients: jei:gui...
[22May2025 19:33:47.617] [Render thread/DEBUG] [mezz.jei.library.load.PluginCallerTimerRunnable/]: Registering extra ingredients: enderio:base...
[22May2025 19:33:47.617] [Render thread/DEBUG] [mezz.jei.library.load.PluginCallerTimerRunnable/]: Registering extra ingredients: mekanism:jei_plugin...
[22May2025 19:33:47.617] [Render thread/DEBUG] [mezz.jei.library.load.PluginCallerTimerRunnable/]: Registering extra ingredients: mekanismgenerators:jei_plugin...
[22May2025 19:33:47.617] [Render thread/DEBUG] [mezz.jei.library.load.PluginCallerTimerRunnable/]: Registering extra ingredients: justdirethings:jei_plugin...
[22May2025 19:33:47.617] [Render thread/DEBUG] [mezz.jei.library.load.PluginCallerTimerRunnable/]: Registering extra ingredients: enderio:machines...
[22May2025 19:33:47.617] [Render thread/DEBUG] [mezz.jei.library.load.PluginCallerTimerRunnable/]: Registering extra ingredients: jei:internal...
[22May2025 19:33:47.617] [Render thread/INFO] [mezz.jei.library.load.PluginCaller/]: Registering extra ingredients took 716.3 μs
[22May2025 19:33:47.620] [Render thread/INFO] [mezz.jei.library.load.PluginCaller/]: Registering search ingredient aliases...
[22May2025 19:33:47.621] [Render thread/DEBUG] [mezz.jei.library.load.PluginCallerTimerRunnable/]: Registering search ingredient aliases: jei:minecraft...
[22May2025 19:33:47.622] [Render thread/DEBUG] [mezz.jei.library.load.PluginCallerTimerRunnable/]: Registering search ingredient aliases: industrialforegoing:default...
[22May2025 19:33:47.622] [Render thread/DEBUG] [mezz.jei.library.load.PluginCallerTimerRunnable/]: Registering search ingredient aliases: enderio:conduits...
[22May2025 19:33:47.622] [Render thread/DEBUG] [mezz.jei.library.load.PluginCallerTimerRunnable/]: Registering search ingredient aliases: titanium:default...
[22May2025 19:33:47.622] [Render thread/DEBUG] [mezz.jei.library.load.PluginCallerTimerRunnable/]: Registering search ingredient aliases: jade:main...
[22May2025 19:33:47.622] [Render thread/DEBUG] [mezz.jei.library.load.PluginCallerTimerRunnable/]: Registering search ingredient aliases: jei:neoforge_gui...
[22May2025 19:33:47.622] [Render thread/DEBUG] [mezz.jei.library.load.PluginCallerTimerRunnable/]: Registering search ingredient aliases: jei:debug...
[22May2025 19:33:47.622] [Render thread/DEBUG] [mezz.jei.library.load.PluginCallerTimerRunnable/]: Registering search ingredient aliases: jei:gui...
[22May2025 19:33:47.622] [Render thread/DEBUG] [mezz.jei.library.load.PluginCallerTimerRunnable/]: Registering search ingredient aliases: enderio:base...
[22May2025 19:33:47.622] [Render thread/DEBUG] [mezz.jei.library.load.PluginCallerTimerRunnable/]: Registering search ingredient aliases: mekanism:jei_plugin...
[22May2025 19:33:47.646] [Render thread/INFO] [mezz.jei.library.load.PluginCallerTimerRunnable/]: Registering search ingredient aliases: mekanism:jei_plugin took 24.12 milliseconds
[22May2025 19:33:47.646] [Render thread/DEBUG] [mezz.jei.library.load.PluginCallerTimerRunnable/]: Registering search ingredient aliases: mekanismgenerators:jei_plugin...
[22May2025 19:33:47.650] [Render thread/DEBUG] [mezz.jei.library.load.PluginCallerTimerRunnable/]: Registering search ingredient aliases: justdirethings:jei_plugin...
[22May2025 19:33:47.650] [Render thread/DEBUG] [mezz.jei.library.load.PluginCallerTimerRunnable/]: Registering search ingredient aliases: enderio:machines...
[22May2025 19:33:47.650] [Render thread/DEBUG] [mezz.jei.library.load.PluginCallerTimerRunnable/]: Registering search ingredient aliases: jei:internal...
[22May2025 19:33:47.650] [Render thread/INFO] [mezz.jei.library.load.PluginCaller/]: Registering search ingredient aliases took 29.04 ms
[22May2025 19:33:47.703] [Render thread/INFO] [mezz.jei.library.load.PluginCaller/]: Registering Mod Info...
[22May2025 19:33:47.703] [Render thread/DEBUG] [mezz.jei.library.load.PluginCallerTimerRunnable/]: Registering Mod Info: jei:minecraft...
[22May2025 19:33:47.704] [Render thread/DEBUG] [mezz.jei.library.load.PluginCallerTimerRunnable/]: Registering Mod Info: industrialforegoing:default...
[22May2025 19:33:47.704] [Render thread/DEBUG] [mezz.jei.library.load.PluginCallerTimerRunnable/]: Registering Mod Info: enderio:conduits...
[22May2025 19:33:47.704] [Render thread/DEBUG] [mezz.jei.library.load.PluginCallerTimerRunnable/]: Registering Mod Info: titanium:default...
[22May2025 19:33:47.704] [Render thread/DEBUG] [mezz.jei.library.load.PluginCallerTimerRunnable/]: Registering Mod Info: jade:main...
[22May2025 19:33:47.704] [Render thread/DEBUG] [mezz.jei.library.load.PluginCallerTimerRunnable/]: Registering Mod Info: jei:neoforge_gui...
[22May2025 19:33:47.704] [Render thread/DEBUG] [mezz.jei.library.load.PluginCallerTimerRunnable/]: Registering Mod Info: jei:debug...
[22May2025 19:33:47.704] [Render thread/DEBUG] [mezz.jei.library.load.PluginCallerTimerRunnable/]: Registering Mod Info: jei:gui...
[22May2025 19:33:47.704] [Render thread/DEBUG] [mezz.jei.library.load.PluginCallerTimerRunnable/]: Registering Mod Info: enderio:base...
[22May2025 19:33:47.704] [Render thread/DEBUG] [mezz.jei.library.load.PluginCallerTimerRunnable/]: Registering Mod Info: mekanism:jei_plugin...
[22May2025 19:33:47.704] [Render thread/DEBUG] [mezz.jei.library.load.PluginCallerTimerRunnable/]: Registering Mod Info: mekanismgenerators:jei_plugin...
[22May2025 19:33:47.704] [Render thread/DEBUG] [mezz.jei.library.load.PluginCallerTimerRunnable/]: Registering Mod Info: justdirethings:jei_plugin...
[22May2025 19:33:47.704] [Render thread/DEBUG] [mezz.jei.library.load.PluginCallerTimerRunnable/]: Registering Mod Info: enderio:machines...
[22May2025 19:33:47.704] [Render thread/DEBUG] [mezz.jei.library.load.PluginCallerTimerRunnable/]: Registering Mod Info: jei:internal...
[22May2025 19:33:47.704] [Render thread/INFO] [mezz.jei.library.load.PluginCaller/]: Registering Mod Info took 1.305 ms
[22May2025 19:33:47.752] [Render thread/INFO] [mezz.jei.library.load.PluginCaller/]: Registering categories...
[22May2025 19:33:47.752] [Render thread/DEBUG] [mezz.jei.library.load.PluginCallerTimerRunnable/]: Registering categories: jei:minecraft...
[22May2025 19:33:47.816] [Render thread/INFO] [mezz.jei.library.load.PluginCallerTimerRunnable/]: Registering categories: jei:minecraft took 62.63 milliseconds
[22May2025 19:33:47.816] [Render thread/DEBUG] [mezz.jei.library.load.PluginCallerTimerRunnable/]: Registering categories: industrialforegoing:default...
[22May2025 19:33:47.863] [Render thread/INFO] [mezz.jei.library.load.PluginCallerTimerRunnable/]: Registering categories: industrialforegoing:default took 47.60 milliseconds
[22May2025 19:33:47.863] [Render thread/DEBUG] [mezz.jei.library.load.PluginCallerTimerRunnable/]: Registering categories: enderio:conduits...
[22May2025 19:33:47.863] [Render thread/DEBUG] [mezz.jei.library.load.PluginCallerTimerRunnable/]: Registering categories: titanium:default...
[22May2025 19:33:47.863] [Render thread/DEBUG] [mezz.jei.library.load.PluginCallerTimerRunnable/]: Registering categories: jade:main...
[22May2025 19:33:47.863] [Render thread/DEBUG] [mezz.jei.library.load.PluginCallerTimerRunnable/]: Registering categories: jei:neoforge_gui...
[22May2025 19:33:47.863] [Render thread/DEBUG] [mezz.jei.library.load.PluginCallerTimerRunnable/]: Registering categories: jei:debug...
[22May2025 19:33:47.863] [Render thread/DEBUG] [mezz.jei.library.load.PluginCallerTimerRunnable/]: Registering categories: jei:gui...
[22May2025 19:33:47.863] [Render thread/DEBUG] [mezz.jei.library.load.PluginCallerTimerRunnable/]: Registering categories: enderio:base...
[22May2025 19:33:47.867] [Render thread/DEBUG] [mezz.jei.library.load.PluginCallerTimerRunnable/]: Registering categories: mekanism:jei_plugin...
[22May2025 19:33:47.987] [Render thread/INFO] [mezz.jei.library.load.PluginCallerTimerRunnable/]: Registering categories: mekanism:jei_plugin took 119.8 milliseconds
[22May2025 19:33:47.987] [Render thread/DEBUG] [mezz.jei.library.load.PluginCallerTimerRunnable/]: Registering categories: mekanismgenerators:jei_plugin...
[22May2025 19:33:47.993] [Render thread/DEBUG] [mezz.jei.library.load.PluginCallerTimerRunnable/]: Registering categories: justdirethings:jei_plugin...
[22May2025 19:33:48.002] [Render thread/DEBUG] [mezz.jei.library.load.PluginCallerTimerRunnable/]: Registering categories: enderio:machines...
[22May2025 19:33:48.026] [Render thread/INFO] [mezz.jei.library.load.PluginCallerTimerRunnable/]: Registering categories: enderio:machines took 22.83 milliseconds
[22May2025 19:33:48.026] [Render thread/DEBUG] [mezz.jei.library.load.PluginCallerTimerRunnable/]: Registering categories: jei:internal...
[22May2025 19:33:48.040] [Render thread/INFO] [mezz.jei.library.load.PluginCallerTimerRunnable/]: Registering categories: jei:internal took 14.20 milliseconds
[22May2025 19:33:48.040] [Render thread/INFO] [mezz.jei.library.load.PluginCaller/]: Registering categories took 288.4 ms
[22May2025 19:33:48.043] [Render thread/INFO] [mezz.jei.library.load.PluginCaller/]: Registering vanilla category extensions...
[22May2025 19:33:48.044] [Render thread/DEBUG] [mezz.jei.library.load.PluginCallerTimerRunnable/]: Registering vanilla category extensions: jei:minecraft...
[22May2025 19:33:48.054] [Render thread/DEBUG] [mezz.jei.library.load.PluginCallerTimerRunnable/]: Registering vanilla category extensions: industrialforegoing:default...
[22May2025 19:33:48.054] [Render thread/DEBUG] [mezz.jei.library.load.PluginCallerTimerRunnable/]: Registering vanilla category extensions: enderio:conduits...
[22May2025 19:33:48.054] [Render thread/DEBUG] [mezz.jei.library.load.PluginCallerTimerRunnable/]: Registering vanilla category extensions: titanium:default...
[22May2025 19:33:48.054] [Render thread/DEBUG] [mezz.jei.library.load.PluginCallerTimerRunnable/]: Registering vanilla category extensions: jade:main...
[22May2025 19:33:48.054] [Render thread/DEBUG] [mezz.jei.library.load.PluginCallerTimerRunnable/]: Registering vanilla category extensions: jei:neoforge_gui...
[22May2025 19:33:48.054] [Render thread/DEBUG] [mezz.jei.library.load.PluginCallerTimerRunnable/]: Registering vanilla category extensions: jei:debug...
[22May2025 19:33:48.054] [Render thread/DEBUG] [mezz.jei.library.load.PluginCallerTimerRunnable/]: Registering vanilla category extensions: jei:gui...
[22May2025 19:33:48.054] [Render thread/DEBUG] [mezz.jei.library.load.PluginCallerTimerRunnable/]: Registering vanilla category extensions: enderio:base...
[22May2025 19:33:48.057] [Render thread/DEBUG] [mezz.jei.library.load.PluginCallerTimerRunnable/]: Registering vanilla category extensions: mekanism:jei_plugin...
[22May2025 19:33:48.058] [Render thread/DEBUG] [mezz.jei.library.load.PluginCallerTimerRunnable/]: Registering vanilla category extensions: mekanismgenerators:jei_plugin...
[22May2025 19:33:48.058] [Render thread/DEBUG] [mezz.jei.library.load.PluginCallerTimerRunnable/]: Registering vanilla category extensions: justdirethings:jei_plugin...
[22May2025 19:33:48.063] [Render thread/DEBUG] [mezz.jei.library.load.PluginCallerTimerRunnable/]: Registering vanilla category extensions: enderio:machines...
[22May2025 19:33:48.063] [Render thread/DEBUG] [mezz.jei.library.load.PluginCallerTimerRunnable/]: Registering vanilla category extensions: jei:internal...
[22May2025 19:33:48.064] [Render thread/INFO] [mezz.jei.library.load.PluginCaller/]: Registering vanilla category extensions took 20.17 ms
[22May2025 19:33:48.068] [Render thread/INFO] [mezz.jei.library.load.PluginCaller/]: Registering recipe catalysts...
[22May2025 19:33:48.068] [Render thread/DEBUG] [mezz.jei.library.load.PluginCallerTimerRunnable/]: Registering recipe catalysts: jei:minecraft...
[22May2025 19:33:48.069] [Render thread/DEBUG] [mezz.jei.library.load.PluginCallerTimerRunnable/]: Registering recipe catalysts: industrialforegoing:default...
[22May2025 19:33:48.069] [Render thread/DEBUG] [mezz.jei.library.load.PluginCallerTimerRunnable/]: Registering recipe catalysts: enderio:conduits...
[22May2025 19:33:48.069] [Render thread/DEBUG] [mezz.jei.library.load.PluginCallerTimerRunnable/]: Registering recipe catalysts: titanium:default...
[22May2025 19:33:48.069] [Render thread/DEBUG] [mezz.jei.library.load.PluginCallerTimerRunnable/]: Registering recipe catalysts: jade:main...
[22May2025 19:33:48.069] [Render thread/DEBUG] [mezz.jei.library.load.PluginCallerTimerRunnable/]: Registering recipe catalysts: jei:neoforge_gui...
[22May2025 19:33:48.069] [Render thread/DEBUG] [mezz.jei.library.load.PluginCallerTimerRunnable/]: Registering recipe catalysts: jei:debug...
[22May2025 19:33:48.069] [Render thread/DEBUG] [mezz.jei.library.load.PluginCallerTimerRunnable/]: Registering recipe catalysts: jei:gui...
[22May2025 19:33:48.069] [Render thread/DEBUG] [mezz.jei.library.load.PluginCallerTimerRunnable/]: Registering recipe catalysts: enderio:base...
[22May2025 19:33:48.069] [Render thread/DEBUG] [mezz.jei.library.load.PluginCallerTimerRunnable/]: Registering recipe catalysts: mekanism:jei_plugin...
[22May2025 19:33:48.071] [Render thread/DEBUG] [mezz.jei.library.load.PluginCallerTimerRunnable/]: Registering recipe catalysts: mekanismgenerators:jei_plugin...
[22May2025 19:33:48.072] [Render thread/DEBUG] [mezz.jei.library.load.PluginCallerTimerRunnable/]: Registering recipe catalysts: justdirethings:jei_plugin...
[22May2025 19:33:48.072] [Render thread/DEBUG] [mezz.jei.library.load.PluginCallerTimerRunnable/]: Registering recipe catalysts: enderio:machines...
[22May2025 19:33:48.072] [Render thread/DEBUG] [mezz.jei.library.load.PluginCallerTimerRunnable/]: Registering recipe catalysts: jei:internal...
[22May2025 19:33:48.072] [Render thread/INFO] [mezz.jei.library.load.PluginCaller/]: Registering recipe catalysts took 4.230 ms
[22May2025 19:33:48.073] [Render thread/INFO] [mezz.jei.core.util.LoggedTimer/]: Building recipe registry...
[22May2025 19:33:48.117] [Render thread/INFO] [mezz.jei.core.util.LoggedTimer/]: Building recipe registry took 45.03 ms
[22May2025 19:33:48.122] [Render thread/INFO] [mezz.jei.library.load.PluginCaller/]: Registering advanced plugins...
[22May2025 19:33:48.122] [Render thread/DEBUG] [mezz.jei.library.load.PluginCallerTimerRunnable/]: Registering advanced plugins: jei:minecraft...
[22May2025 19:33:48.122] [Render thread/DEBUG] [mezz.jei.library.load.PluginCallerTimerRunnable/]: Registering advanced plugins: industrialforegoing:default...
[22May2025 19:33:48.122] [Render thread/DEBUG] [mezz.jei.library.load.PluginCallerTimerRunnable/]: Registering advanced plugins: enderio:conduits...
[22May2025 19:33:48.122] [Render thread/DEBUG] [mezz.jei.library.load.PluginCallerTimerRunnable/]: Registering advanced plugins: titanium:default...
[22May2025 19:33:48.122] [Render thread/DEBUG] [mezz.jei.library.load.PluginCallerTimerRunnable/]: Registering advanced plugins: jade:main...
[22May2025 19:33:48.122] [Render thread/DEBUG] [mezz.jei.library.load.PluginCallerTimerRunnable/]: Registering advanced plugins: jei:neoforge_gui...
[22May2025 19:33:48.122] [Render thread/DEBUG] [mezz.jei.library.load.PluginCallerTimerRunnable/]: Registering advanced plugins: jei:debug...
[22May2025 19:33:48.123] [Render thread/DEBUG] [mezz.jei.library.load.PluginCallerTimerRunnable/]: Registering advanced plugins: jei:gui...
[22May2025 19:33:48.123] [Render thread/DEBUG] [mezz.jei.library.load.PluginCallerTimerRunnable/]: Registering advanced plugins: enderio:base...
[22May2025 19:33:48.123] [Render thread/DEBUG] [mezz.jei.library.load.PluginCallerTimerRunnable/]: Registering advanced plugins: mekanism:jei_plugin...
[22May2025 19:33:48.123] [Render thread/DEBUG] [mezz.jei.library.load.PluginCallerTimerRunnable/]: Registering advanced plugins: mekanismgenerators:jei_plugin...
[22May2025 19:33:48.123] [Render thread/DEBUG] [mezz.jei.library.load.PluginCallerTimerRunnable/]: Registering advanced plugins: justdirethings:jei_plugin...
[22May2025 19:33:48.123] [Render thread/DEBUG] [mezz.jei.library.load.PluginCallerTimerRunnable/]: Registering advanced plugins: enderio:machines...
[22May2025 19:33:48.123] [Render thread/DEBUG] [mezz.jei.library.load.PluginCallerTimerRunnable/]: Registering advanced plugins: jei:internal...
[22May2025 19:33:48.123] [Render thread/INFO] [mezz.jei.library.load.PluginCaller/]: Registering advanced plugins took 951.5 μs
[22May2025 19:33:48.127] [Render thread/INFO] [mezz.jei.library.load.PluginCaller/]: Registering recipes...
[22May2025 19:33:48.127] [Render thread/DEBUG] [mezz.jei.library.load.PluginCallerTimerRunnable/]: Registering recipes: jei:minecraft...
[22May2025 19:33:48.169] [Render thread/DEBUG] [mezz.jei.library.recipes.RecipeManagerInternal/]: Adding recipes: RecipeType[uid=minecraft:crafting, recipeClass=class net.minecraft.world.item.crafting.RecipeHolder]
[22May2025 19:33:48.276] [Render thread/DEBUG] [mezz.jei.library.recipes.RecipeManagerInternal/]: Adding recipes: RecipeType[uid=minecraft:crafting, recipeClass=class net.minecraft.world.item.crafting.RecipeHolder]
[22May2025 19:33:48.279] [Render thread/DEBUG] [mezz.jei.library.recipes.RecipeManagerInternal/]: Adding recipes: RecipeType[uid=minecraft:stonecutting, recipeClass=class net.minecraft.world.item.crafting.RecipeHolder]
[22May2025 19:33:48.281] [Render thread/DEBUG] [mezz.jei.library.recipes.RecipeManagerInternal/]: Adding recipes: RecipeType[uid=minecraft:smelting, recipeClass=class net.minecraft.world.item.crafting.RecipeHolder]
[22May2025 19:33:48.282] [Render thread/DEBUG] [mezz.jei.library.recipes.RecipeManagerInternal/]: Adding recipes: RecipeType[uid=minecraft:smoking, recipeClass=class net.minecraft.world.item.crafting.RecipeHolder]
[22May2025 19:33:48.283] [Render thread/DEBUG] [mezz.jei.library.recipes.RecipeManagerInternal/]: Adding recipes: RecipeType[uid=minecraft:blasting, recipeClass=class net.minecraft.world.item.crafting.RecipeHolder]
[22May2025 19:33:48.283] [Render thread/DEBUG] [mezz.jei.library.recipes.RecipeManagerInternal/]: Adding recipes: RecipeType[uid=minecraft:campfire_cooking, recipeClass=class net.minecraft.world.item.crafting.RecipeHolder]
[22May2025 19:33:48.290] [Render thread/DEBUG] [mezz.jei.library.recipes.RecipeManagerInternal/]: Adding recipes: RecipeType[uid=minecraft:fuel, recipeClass=interface mezz.jei.api.recipe.vanilla.IJeiFuelingRecipe]
[22May2025 19:33:48.314] [Render thread/DEBUG] [mezz.jei.library.recipes.RecipeManagerInternal/]: Adding recipes: RecipeType[uid=minecraft:anvil, recipeClass=interface mezz.jei.api.recipe.vanilla.IJeiAnvilRecipe]
[22May2025 19:33:48.329] [Render thread/DEBUG] [mezz.jei.library.recipes.RecipeManagerInternal/]: Adding recipes: RecipeType[uid=minecraft:smithing, recipeClass=class net.minecraft.world.item.crafting.RecipeHolder]
[22May2025 19:33:48.347] [Render thread/DEBUG] [mezz.jei.library.recipes.RecipeManagerInternal/]: Adding recipes: RecipeType[uid=minecraft:compostable, recipeClass=interface mezz.jei.api.recipe.vanilla.IJeiCompostingRecipe]
[22May2025 19:33:48.379] [Render thread/DEBUG] [mezz.jei.library.recipes.RecipeManagerInternal/]: Adding recipes: RecipeType[uid=minecraft:brewing, recipeClass=interface mezz.jei.api.recipe.vanilla.IJeiBrewingRecipe]
[22May2025 19:33:48.382] [Render thread/INFO] [mezz.jei.library.load.PluginCallerTimerRunnable/]: Registering recipes: jei:minecraft took 254.7 milliseconds
[22May2025 19:33:48.382] [Render thread/DEBUG] [mezz.jei.library.load.PluginCallerTimerRunnable/]: Registering recipes: industrialforegoing:default...
[22May2025 19:33:48.385] [Render thread/DEBUG] [mezz.jei.library.recipes.RecipeManagerInternal/]: Adding recipes: RecipeType[uid=industrialforegoing:fluid_extractor, recipeClass=class com.buuz135.industrial.recipe.FluidExtractorRecipe]
[22May2025 19:33:48.388] [Render thread/DEBUG] [mezz.jei.library.recipes.RecipeManagerInternal/]: Adding recipes: RecipeType[uid=industrialforegoing:dissolution, recipeClass=class com.buuz135.industrial.recipe.DissolutionChamberRecipe]
[22May2025 19:33:48.398] [Render thread/DEBUG] [mezz.jei.library.recipes.RecipeManagerInternal/]: Adding recipes: RecipeType[uid=industrialforegoing:bioreactor, recipeClass=class com.buuz135.industrial.plugin.jei.category.BioReactorRecipeCategory$ReactorRecipeWrapper]
[22May2025 19:33:48.399] [Render thread/DEBUG] [mezz.jei.library.recipes.RecipeManagerInternal/]: Adding recipes: RecipeType[uid=industrialforegoing:laser_ore, recipeClass=class com.buuz135.industrial.recipe.LaserDrillOreRecipe]
[22May2025 19:33:48.399] [Render thread/DEBUG] [mezz.jei.library.recipes.RecipeManagerInternal/]: Adding recipes: RecipeType[uid=industrialforegoing:laser_fluid, recipeClass=class com.buuz135.industrial.recipe.LaserDrillFluidRecipe]
[22May2025 19:33:48.405] [Render thread/DEBUG] [mezz.jei.library.recipes.RecipeManagerInternal/]: Adding recipes: RecipeType[uid=industrialforegoing:mycelial_furnace, recipeClass=class com.buuz135.industrial.plugin.jei.generator.MycelialGeneratorRecipe]
[22May2025 19:33:48.407] [Render thread/DEBUG] [mezz.jei.library.recipes.RecipeManagerInternal/]: Adding recipes: RecipeType[uid=industrialforegoing:mycelial_slimey, recipeClass=class com.buuz135.industrial.plugin.jei.generator.MycelialGeneratorRecipe]
[22May2025 19:33:48.411] [Render thread/DEBUG] [mezz.jei.library.recipes.RecipeManagerInternal/]: Adding recipes: RecipeType[uid=industrialforegoing:mycelial_culinary, recipeClass=class com.buuz135.industrial.plugin.jei.generator.MycelialGeneratorRecipe]
[22May2025 19:33:48.414] [Render thread/DEBUG] [mezz.jei.library.recipes.RecipeManagerInternal/]: Adding recipes: RecipeType[uid=industrialforegoing:mycelial_potion, recipeClass=class com.buuz135.industrial.plugin.jei.generator.MycelialGeneratorRecipe]
[22May2025 19:33:48.447] [Render thread/DEBUG] [mezz.jei.library.recipes.RecipeManagerInternal/]: Adding recipes: RecipeType[uid=industrialforegoing:mycelial_disenchantment, recipeClass=class com.buuz135.industrial.plugin.jei.generator.MycelialGeneratorRecipe]
[22May2025 19:33:48.452] [Render thread/DEBUG] [mezz.jei.library.recipes.RecipeManagerInternal/]: Adding recipes: RecipeType[uid=industrialforegoing:mycelial_ender, recipeClass=class com.buuz135.industrial.plugin.jei.generator.MycelialGeneratorRecipe]
[22May2025 19:33:48.452] [Render thread/DEBUG] [mezz.jei.library.recipes.RecipeManagerInternal/]: Adding recipes: RecipeType[uid=industrialforegoing:mycelial_explosive, recipeClass=class com.buuz135.industrial.plugin.jei.generator.MycelialGeneratorRecipe]
[22May2025 19:33:48.453] [Render thread/DEBUG] [mezz.jei.library.recipes.RecipeManagerInternal/]: Adding recipes: RecipeType[uid=industrialforegoing:mycelial_frosty, recipeClass=class com.buuz135.industrial.plugin.jei.generator.MycelialGeneratorRecipe]
[22May2025 19:33:48.453] [Render thread/DEBUG] [mezz.jei.library.recipes.RecipeManagerInternal/]: Adding recipes: RecipeType[uid=industrialforegoing:mycelial_halitosis, recipeClass=class com.buuz135.industrial.plugin.jei.generator.MycelialGeneratorRecipe]
[22May2025 19:33:48.453] [Render thread/DEBUG] [mezz.jei.library.recipes.RecipeManagerInternal/]: Adding recipes: RecipeType[uid=industrialforegoing:mycelial_magma, recipeClass=class com.buuz135.industrial.plugin.jei.generator.MycelialGeneratorRecipe]
[22May2025 19:33:48.456] [Render thread/DEBUG] [mezz.jei.library.recipes.RecipeManagerInternal/]: Adding recipes: RecipeType[uid=industrialforegoing:mycelial_pink, recipeClass=class com.buuz135.industrial.plugin.jei.generator.MycelialGeneratorRecipe]
[22May2025 19:33:48.456] [Render thread/DEBUG] [mezz.jei.library.recipes.RecipeManagerInternal/]: Adding recipes: RecipeType[uid=industrialforegoing:mycelial_netherstar, recipeClass=class com.buuz135.industrial.plugin.jei.generator.MycelialGeneratorRecipe]
[22May2025 19:33:48.457] [Render thread/DEBUG] [mezz.jei.library.recipes.RecipeManagerInternal/]: Adding recipes: RecipeType[uid=industrialforegoing:mycelial_death, recipeClass=class com.buuz135.industrial.plugin.jei.generator.MycelialGeneratorRecipe]
[22May2025 19:33:48.457] [Render thread/DEBUG] [mezz.jei.library.recipes.RecipeManagerInternal/]: Adding recipes: RecipeType[uid=industrialforegoing:mycelial_rocket, recipeClass=class com.buuz135.industrial.plugin.jei.generator.MycelialGeneratorRecipe]
[22May2025 19:33:48.457] [Render thread/DEBUG] [mezz.jei.library.recipes.RecipeManagerInternal/]: Adding recipes: RecipeType[uid=industrialforegoing:mycelial_crimed, recipeClass=class com.buuz135.industrial.plugin.jei.generator.MycelialGeneratorRecipe]
[22May2025 19:33:48.457] [Render thread/DEBUG] [mezz.jei.library.recipes.RecipeManagerInternal/]: Adding recipes: RecipeType[uid=industrialforegoing:mycelial_meatallurgic, recipeClass=class com.buuz135.industrial.plugin.jei.generator.MycelialGeneratorRecipe]
[22May2025 19:33:48.487] [Render thread/DEBUG] [mezz.jei.library.recipes.RecipeManagerInternal/]: Adding recipes: RecipeType[uid=industrialforegoing:stone_work, recipeClass=class com.buuz135.industrial.plugin.jei.StoneWorkWrapper]
[22May2025 19:33:48.488] [Render thread/DEBUG] [mezz.jei.library.recipes.RecipeManagerInternal/]: Adding recipes: RecipeType[uid=industrialforegoing:machine_produce, recipeClass=class com.buuz135.industrial.plugin.jei.machineproduce.MachineProduceWrapper]
[22May2025 19:33:48.489] [Render thread/DEBUG] [mezz.jei.library.recipes.RecipeManagerInternal/]: Adding recipes: RecipeType[uid=industrialforegoing:stone_work_generator, recipeClass=class com.buuz135.industrial.recipe.StoneWorkGenerateRecipe]
[22May2025 19:33:48.494] [Render thread/DEBUG] [mezz.jei.library.recipes.RecipeManagerInternal/]: Adding recipes: RecipeType[uid=industrialforegoing:ore_washer, recipeClass=class com.buuz135.industrial.api.recipe.ore.OreFluidEntryRaw]
[22May2025 19:33:48.494] [Render thread/DEBUG] [mezz.jei.library.recipes.RecipeManagerInternal/]: Adding recipes: RecipeType[uid=industrialforegoing:fermenter, recipeClass=class com.buuz135.industrial.api.recipe.ore.OreFluidEntryFermenter]
[22May2025 19:33:48.494] [Render thread/DEBUG] [mezz.jei.library.recipes.RecipeManagerInternal/]: Adding recipes: RecipeType[uid=industrialforegoing:ore_sieve, recipeClass=class com.buuz135.industrial.api.recipe.ore.OreFluidEntrySieve]
[22May2025 19:33:48.495] [Render thread/INFO] [mezz.jei.library.load.PluginCallerTimerRunnable/]: Registering recipes: industrialforegoing:default took 112.7 milliseconds
[22May2025 19:33:48.495] [Render thread/DEBUG] [mezz.jei.library.load.PluginCallerTimerRunnable/]: Registering recipes: enderio:conduits...
[22May2025 19:33:48.495] [Render thread/DEBUG] [mezz.jei.library.load.PluginCallerTimerRunnable/]: Registering recipes: titanium:default...
[22May2025 19:33:48.495] [Render thread/DEBUG] [mezz.jei.library.load.PluginCallerTimerRunnable/]: Registering recipes: jade:main...
[22May2025 19:33:48.495] [Render thread/DEBUG] [mezz.jei.library.load.PluginCallerTimerRunnable/]: Registering recipes: jei:neoforge_gui...
[22May2025 19:33:48.495] [Render thread/DEBUG] [mezz.jei.library.load.PluginCallerTimerRunnable/]: Registering recipes: jei:debug...
[22May2025 19:33:48.495] [Render thread/DEBUG] [mezz.jei.library.load.PluginCallerTimerRunnable/]: Registering recipes: jei:gui...
[22May2025 19:33:48.495] [Render thread/DEBUG] [mezz.jei.library.load.PluginCallerTimerRunnable/]: Registering recipes: enderio:base...
[22May2025 19:33:48.496] [Render thread/DEBUG] [mezz.jei.library.recipes.RecipeManagerInternal/]: Adding recipes: RecipeType[uid=enderio:fire_crafting, recipeClass=class net.minecraft.world.item.crafting.RecipeHolder]
[22May2025 19:33:48.500] [Render thread/INFO] [mezz.jei.library.ingredients.IngredientManager/]: Ingredients are being removed at runtime: 83 net.minecraft.world.item.ItemStack
[22May2025 19:33:48.501] [Render thread/DEBUG] [mezz.jei.library.ingredients.IngredientManager/]: Ingredients removed at runtime: [enderio:broken_spawner
enderio:broken_spawner
enderio:broken_spawner
enderio:broken_spawner
enderio:broken_spawner
enderio:broken_spawner
enderio:broken_spawner
enderio:broken_spawner
enderio:broken_spawner
enderio:broken_spawner
enderio:broken_spawner
enderio:broken_spawner
enderio:broken_spawner
enderio:broken_spawner
enderio:broken_spawner
enderio:broken_spawner
enderio:broken_spawner
enderio:broken_spawner
enderio:broken_spawner
enderio:broken_spawner
enderio:broken_spawner
enderio:broken_spawner
enderio:broken_spawner
enderio:broken_spawner
enderio:broken_spawner
enderio:broken_spawner
enderio:broken_spawner
enderio:broken_spawner
enderio:broken_spawner
enderio:broken_spawner
enderio:broken_spawner
enderio:broken_spawner
enderio:broken_spawner
enderio:broken_spawner
enderio:broken_spawner
enderio:broken_spawner
enderio:broken_spawner
enderio:broken_spawner
enderio:broken_spawner
enderio:broken_spawner
enderio:broken_spawner
enderio:broken_spawner
enderio:broken_spawner
enderio:broken_spawner
enderio:broken_spawner
enderio:broken_spawner
enderio:broken_spawner
enderio:broken_spawner
enderio:broken_spawner
enderio:broken_spawner
enderio:broken_spawner
enderio:broken_spawner
enderio:broken_spawner
enderio:broken_spawner
enderio:broken_spawner
enderio:broken_spawner
enderio:broken_spawner
enderio:broken_spawner
enderio:broken_spawner
enderio:broken_spawner
enderio:broken_spawner
enderio:broken_spawner
enderio:broken_spawner
enderio:broken_spawner
enderio:broken_spawner
enderio:broken_spawner
enderio:broken_spawner
enderio:broken_spawner
enderio:broken_spawner
enderio:broken_spawner
enderio:broken_spawner
enderio:broken_spawner
enderio:broken_spawner
enderio:broken_spawner
enderio:broken_spawner
enderio:broken_spawner
enderio:broken_spawner
enderio:broken_spawner
enderio:broken_spawner
enderio:broken_spawner
enderio:broken_spawner
enderio:broken_spawner
enderio:broken_spawner]
[22May2025 19:33:48.504] [Render thread/INFO] [mezz.jei.library.ingredients.IngredientManager/]: Ingredients are being removed at runtime: 672 net.minecraft.world.item.ItemStack
[22May2025 19:33:48.505] [Render thread/DEBUG] [mezz.jei.library.ingredients.IngredientManager/]: Ingredients removed at runtime: [enderio:clear_glass_np_orange
enderio:clear_glass_np_black
enderio:clear_glass_np_light_blue
enderio:clear_glass_np_purple
enderio:clear_glass_np_brown
enderio:clear_glass_np_magenta
enderio:clear_glass_np_white
enderio:clear_glass_np_red
enderio:clear_glass_np_blue
enderio:clear_glass_np_green
enderio:clear_glass_np_yellow
enderio:clear_glass_np_pink
enderio:clear_glass_np_gray
enderio:clear_glass_np_lime
enderio:clear_glass_np_cyan
enderio:clear_glass_np_light_gray
enderio:fused_quartz_dna_orange
enderio:fused_quartz_dna_black
enderio:fused_quartz_dna_light_blue
enderio:fused_quartz_dna_purple
enderio:fused_quartz_dna_brown
enderio:fused_quartz_dna_magenta
enderio:fused_quartz_dna_white
enderio:fused_quartz_dna_red
enderio:fused_quartz_dna_blue
enderio:fused_quartz_dna_green
enderio:fused_quartz_dna_yellow
enderio:fused_quartz_dna_pink
enderio:fused_quartz_dna_gray
enderio:fused_quartz_dna_lime
enderio:fused_quartz_dna_cyan
enderio:fused_quartz_dna_light_gray
enderio:clear_glass_ep_orange
enderio:clear_glass_ep_black
enderio:clear_glass_ep_light_blue
enderio:clear_glass_ep_purple
enderio:clear_glass_ep_brown
enderio:clear_glass_ep_magenta
enderio:clear_glass_ep_white
enderio:clear_glass_ep_red
enderio:clear_glass_ep_blue
enderio:clear_glass_ep_green
enderio:clear_glass_ep_yellow
enderio:clear_glass_ep_pink
enderio:clear_glass_ep_gray
enderio:clear_glass_ep_lime
enderio:clear_glass_ep_cyan
enderio:clear_glass_ep_light_gray
enderio:fused_quartz_enm_orange
enderio:fused_quartz_enm_black
enderio:fused_quartz_enm_light_blue
enderio:fused_quartz_enm_purple
enderio:fused_quartz_enm_brown
enderio:fused_quartz_enm_magenta
enderio:fused_quartz_enm_white
enderio:fused_quartz_enm_red
enderio:fused_quartz_enm_blue
enderio:fused_quartz_enm_green
enderio:fused_quartz_enm_yellow
enderio:fused_quartz_enm_pink
enderio:fused_quartz_enm_gray
enderio:fused_quartz_enm_lime
enderio:fused_quartz_enm_cyan
enderio:fused_quartz_enm_light_gray
enderio:fused_quartz_da_orange
enderio:fused_quartz_da_black
enderio:fused_quartz_da_light_blue
enderio:fused_quartz_da_purple
enderio:fused_quartz_da_brown
enderio:fused_quartz_da_magenta
enderio:fused_quartz_da_white
enderio:fused_quartz_da_red
enderio:fused_quartz_da_blue
enderio:fused_quartz_da_green
enderio:fused_quartz_da_yellow
enderio:fused_quartz_da_pink
enderio:fused_quartz_da_gray
enderio:fused_quartz_da_lime
enderio:fused_quartz_da_cyan
enderio:fused_quartz_da_light_gray
enderio:clear_glass_enm_orange
enderio:clear_glass_enm_black
enderio:clear_glass_enm_light_blue
enderio:clear_glass_enm_purple
enderio:clear_glass_enm_brown
enderio:clear_glass_enm_magenta
enderio:clear_glass_enm_white
enderio:clear_glass_enm_red
enderio:clear_glass_enm_blue
enderio:clear_glass_enm_green
enderio:clear_glass_enm_yellow
enderio:clear_glass_enm_pink
enderio:clear_glass_enm_gray
enderio:clear_glass_enm_lime
enderio:clear_glass_enm_cyan
enderio:clear_glass_enm_light_gray
enderio:fused_quartz_d_orange
enderio:fused_quartz_d_black
enderio:fused_quartz_d_light_blue
enderio:fused_quartz_d_purple
enderio:fused_quartz_d_brown
enderio:fused_quartz_d_magenta
enderio:fused_quartz_d_white
enderio:fused_quartz_d_red
enderio:fused_quartz_d_blue
enderio:fused_quartz_d_green
enderio:fused_quartz_d_yellow
enderio:fused_quartz_d_pink
enderio:fused_quartz_d_gray
enderio:fused_quartz_d_lime
enderio:fused_quartz_d_cyan
enderio:fused_quartz_d_light_gray
enderio:clear_glass_da_orange
enderio:clear_glass_da_black
enderio:clear_glass_da_light_blue
enderio:clear_glass_da_purple
enderio:clear_glass_da_brown
enderio:clear_glass_da_magenta
enderio:clear_glass_da_white
enderio:clear_glass_da_red
enderio:clear_glass_da_blue
enderio:clear_glass_da_green
enderio:clear_glass_da_yellow
enderio:clear_glass_da_pink
enderio:clear_glass_da_gray
enderio:clear_glass_da_lime
enderio:clear_glass_da_cyan
enderio:clear_glass_da_light_gray
enderio:fused_quartz_np_orange
enderio:fused_quartz_np_black
enderio:fused_quartz_np_light_blue
enderio:fused_quartz_np_purple
enderio:fused_quartz_np_brown
enderio:fused_quartz_np_magenta
enderio:fused_quartz_np_white
enderio:fused_quartz_np_red
enderio:fused_quartz_np_blue
enderio:fused_quartz_np_green
enderio:fused_quartz_np_yellow
enderio:fused_quartz_np_pink
enderio:fused_quartz_np_gray
enderio:fused_quartz_np_lime
enderio:fused_quartz_np_cyan
enderio:fused_quartz_np_light_gray
enderio:fused_quartz_m_orange
enderio:fused_quartz_m_black
enderio:fused_quartz_m_light_blue
enderio:fused_quartz_m_purple
enderio:fused_quartz_m_brown
enderio:fused_quartz_m_magenta
enderio:fused_quartz_m_white
enderio:fused_quartz_m_red
enderio:fused_quartz_m_blue
enderio:fused_quartz_m_green
enderio:fused_quartz_m_yellow
enderio:fused_quartz_m_pink
enderio:fused_quartz_m_gray
enderio:fused_quartz_m_lime
enderio:fused_quartz_m_cyan
enderio:fused_quartz_m_light_gray
enderio:clear_glass_dm_orange
enderio:clear_glass_dm_black
enderio:clear_glass_dm_light_blue
enderio:clear_glass_dm_purple
enderio:clear_glass_dm_brown
enderio:clear_glass_dm_magenta
enderio:clear_glass_dm_white
enderio:clear_glass_dm_red
enderio:clear_glass_dm_blue
enderio:clear_glass_dm_green
enderio:clear_glass_dm_yellow
enderio:clear_glass_dm_pink
enderio:clear_glass_dm_gray
enderio:clear_glass_dm_lime
enderio:clear_glass_dm_cyan
enderio:clear_glass_dm_light_gray
enderio:clear_glass_dna_orange
enderio:clear_glass_dna_black
enderio:clear_glass_dna_light_blue
enderio:clear_glass_dna_purple
enderio:clear_glass_dna_brown
enderio:clear_glass_dna_magenta
enderio:clear_glass_dna_white
enderio:clear_glass_dna_red
enderio:clear_glass_dna_blue
enderio:clear_glass_dna_green
enderio:clear_glass_dna_yellow
enderio:clear_glass_dna_pink
enderio:clear_glass_dna_gray
enderio:clear_glass_dna_lime
enderio:clear_glass_dna_cyan
enderio:clear_glass_dna_light_gray
enderio:fused_quartz_ep_orange
enderio:fused_quartz_ep_black
enderio:fused_quartz_ep_light_blue
enderio:fused_quartz_ep_purple
enderio:fused_quartz_ep_brown
enderio:fused_quartz_ep_magenta
enderio:fused_quartz_ep_white
enderio:fused_quartz_ep_red
enderio:fused_quartz_ep_blue
enderio:fused_quartz_ep_green
enderio:fused_quartz_ep_yellow
enderio:fused_quartz_ep_pink
enderio:fused_quartz_ep_gray
enderio:fused_quartz_ep_lime
enderio:fused_quartz_ep_cyan
enderio:fused_quartz_ep_light_gray
enderio:clear_glass_e_orange
enderio:clear_glass_e_black
enderio:clear_glass_e_light_blue
enderio:clear_glass_e_purple
enderio:clear_glass_e_brown
enderio:clear_glass_e_magenta
enderio:clear_glass_e_white
enderio:clear_glass_e_red
enderio:clear_glass_e_blue
enderio:clear_glass_e_green
enderio:clear_glass_e_yellow
enderio:clear_glass_e_pink
enderio:clear_glass_e_gray
enderio:clear_glass_e_lime
enderio:clear_glass_e_cyan
enderio:clear_glass_e_light_gray
enderio:fused_quartz_dm_orange
enderio:fused_quartz_dm_black
enderio:fused_quartz_dm_light_blue
enderio:fused_quartz_dm_purple
enderio:fused_quartz_dm_brown
enderio:fused_quartz_dm_magenta
enderio:fused_quartz_dm_white
enderio:fused_quartz_dm_red
enderio:fused_quartz_dm_blue
enderio:fused_quartz_dm_green
enderio:fused_quartz_dm_yellow
enderio:fused_quartz_dm_pink
enderio:fused_quartz_dm_gray
enderio:fused_quartz_dm_lime
enderio:fused_quartz_dm_cyan
enderio:fused_quartz_dm_light_gray
enderio:clear_glass_dp_orange
enderio:clear_glass_dp_black
enderio:clear_glass_dp_light_blue
enderio:clear_glass_dp_purple
enderio:clear_glass_dp_brown
enderio:clear_glass_dp_magenta
enderio:clear_glass_dp_white
enderio:clear_glass_dp_red
enderio:clear_glass_dp_blue
enderio:clear_glass_dp_green
enderio:clear_glass_dp_yellow
enderio:clear_glass_dp_pink
enderio:clear_glass_dp_gray
enderio:clear_glass_dp_lime
enderio:clear_glass_dp_cyan
enderio:clear_glass_dp_light_gray
enderio:fused_quartz_e_orange
enderio:fused_quartz_e_black
enderio:fused_quartz_e_light_blue
enderio:fused_quartz_e_purple
enderio:fused_quartz_e_brown
enderio:fused_quartz_e_magenta
enderio:fused_quartz_e_white
enderio:fused_quartz_e_red
enderio:fused_quartz_e_blue
enderio:fused_quartz_e_green
enderio:fused_quartz_e_yellow
enderio:fused_quartz_e_pink
enderio:fused_quartz_e_gray
enderio:fused_quartz_e_lime
enderio:fused_quartz_e_cyan
enderio:fused_quartz_e_light_gray
enderio:fused_quartz_a_orange
enderio:fused_quartz_a_black
enderio:fused_quartz_a_light_blue
enderio:fused_quartz_a_purple
enderio:fused_quartz_a_brown
enderio:fused_quartz_a_magenta
enderio:fused_quartz_a_white
enderio:fused_quartz_a_red
enderio:fused_quartz_a_blue
enderio:fused_quartz_a_green
enderio:fused_quartz_a_yellow
enderio:fused_quartz_a_pink
enderio:fused_quartz_a_gray
enderio:fused_quartz_a_lime
enderio:fused_quartz_a_cyan
enderio:fused_quartz_a_light_gray
enderio:clear_glass_dnp_orange
enderio:clear_glass_dnp_black
enderio:clear_glass_dnp_light_blue
enderio:clear_glass_dnp_purple
enderio:clear_glass_dnp_brown
enderio:clear_glass_dnp_magenta
enderio:clear_glass_dnp_white
enderio:clear_glass_dnp_red
enderio:clear_glass_dnp_blue
enderio:clear_glass_dnp_green
enderio:clear_glass_dnp_yellow
enderio:clear_glass_dnp_pink
enderio:clear_glass_dnp_gray
enderio:clear_glass_dnp_lime
enderio:clear_glass_dnp_cyan
enderio:clear_glass_dnp_light_gray
enderio:clear_glass_ea_orange
enderio:clear_glass_ea_black
enderio:clear_glass_ea_light_blue
enderio:clear_glass_ea_purple
enderio:clear_glass_ea_brown
enderio:clear_glass_ea_magenta
enderio:clear_glass_ea_white
enderio:clear_glass_ea_red
enderio:clear_glass_ea_blue
enderio:clear_glass_ea_green
enderio:clear_glass_ea_yellow
enderio:clear_glass_ea_pink
enderio:clear_glass_ea_gray
enderio:clear_glass_ea_lime
enderio:clear_glass_ea_cyan
enderio:clear_glass_ea_light_gray
enderio:clear_glass_em_orange
enderio:clear_glass_em_black
enderio:clear_glass_em_light_blue
enderio:clear_glass_em_purple
enderio:clear_glass_em_brown
enderio:clear_glass_em_magenta
enderio:clear_glass_em_white
enderio:clear_glass_em_red
enderio:clear_glass_em_blue
enderio:clear_glass_em_green
enderio:clear_glass_em_yellow
enderio:clear_glass_em_pink
enderio:clear_glass_em_gray
enderio:clear_glass_em_lime
enderio:clear_glass_em_cyan
enderio:clear_glass_em_light_gray
enderio:fused_quartz_dp_orange
enderio:fused_quartz_dp_black
enderio:fused_quartz_dp_light_blue
enderio:fused_quartz_dp_purple
enderio:fused_quartz_dp_brown
enderio:fused_quartz_dp_magenta
enderio:fused_quartz_dp_white
enderio:fused_quartz_dp_red
enderio:fused_quartz_dp_blue
enderio:fused_quartz_dp_green
enderio:fused_quartz_dp_yellow
enderio:fused_quartz_dp_pink
enderio:fused_quartz_dp_gray
enderio:fused_quartz_dp_lime
enderio:fused_quartz_dp_cyan
enderio:fused_quartz_dp_light_gray
enderio:fused_quartz_enp_orange
enderio:fused_quartz_enp_black
enderio:fused_quartz_enp_light_blue
enderio:fused_quartz_enp_purple
enderio:fused_quartz_enp_brown
enderio:fused_quartz_enp_magenta
enderio:fused_quartz_enp_white
enderio:fused_quartz_enp_red
enderio:fused_quartz_enp_blue
enderio:fused_quartz_enp_green
enderio:fused_quartz_enp_yellow
enderio:fused_quartz_enp_pink
enderio:fused_quartz_enp_gray
enderio:fused_quartz_enp_lime
enderio:fused_quartz_enp_cyan
enderio:fused_quartz_enp_light_gray
enderio:clear_glass_d_orange
enderio:clear_glass_d_black
enderio:clear_glass_d_light_blue
enderio:clear_glass_d_purple
enderio:clear_glass_d_brown
enderio:clear_glass_d_magenta
enderio:clear_glass_d_white
enderio:clear_glass_d_red
enderio:clear_glass_d_blue
enderio:clear_glass_d_green
enderio:clear_glass_d_yellow
enderio:clear_glass_d_pink
enderio:clear_glass_d_gray
enderio:clear_glass_d_lime
enderio:clear_glass_d_cyan
enderio:clear_glass_d_light_gray
enderio:fused_quartz_em_orange
enderio:fused_quartz_em_black
enderio:fused_quartz_em_light_blue
enderio:fused_quartz_em_purple
enderio:fused_quartz_em_brown
enderio:fused_quartz_em_magenta
enderio:fused_quartz_em_white
enderio:fused_quartz_em_red
enderio:fused_quartz_em_blue
enderio:fused_quartz_em_green
enderio:fused_quartz_em_yellow
enderio:fused_quartz_em_pink
enderio:fused_quartz_em_gray
enderio:fused_quartz_em_lime
enderio:fused_quartz_em_cyan
enderio:fused_quartz_em_light_gray
enderio:clear_glass_p_orange
enderio:clear_glass_p_black
enderio:clear_glass_p_light_blue
enderio:clear_glass_p_purple
enderio:clear_glass_p_brown
enderio:clear_glass_p_magenta
enderio:clear_glass_p_white
enderio:clear_glass_p_red
enderio:clear_glass_p_blue
enderio:clear_glass_p_green
enderio:clear_glass_p_yellow
enderio:clear_glass_p_pink
enderio:clear_glass_p_gray
enderio:clear_glass_p_lime
enderio:clear_glass_p_cyan
enderio:clear_glass_p_light_gray
enderio:clear_glass_enp_orange
enderio:clear_glass_enp_black
enderio:clear_glass_enp_light_blue
enderio:clear_glass_enp_purple
enderio:clear_glass_enp_brown
enderio:clear_glass_enp_magenta
enderio:clear_glass_enp_white
enderio:clear_glass_enp_red
enderio:clear_glass_enp_blue
enderio:clear_glass_enp_green
enderio:clear_glass_enp_yellow
enderio:clear_glass_enp_pink
enderio:clear_glass_enp_gray
enderio:clear_glass_enp_lime
enderio:clear_glass_enp_cyan
enderio:clear_glass_enp_light_gray
enderio:fused_quartz_nm_orange
enderio:fused_quartz_nm_black
enderio:fused_quartz_nm_light_blue
enderio:fused_quartz_nm_purple
enderio:fused_quartz_nm_brown
enderio:fused_quartz_nm_magenta
enderio:fused_quartz_nm_white
enderio:fused_quartz_nm_red
enderio:fused_quartz_nm_blue
enderio:fused_quartz_nm_green
enderio:fused_quartz_nm_yellow
enderio:fused_quartz_nm_pink
enderio:fused_quartz_nm_gray
enderio:fused_quartz_nm_lime
enderio:fused_quartz_nm_cyan
enderio:fused_quartz_nm_light_gray
enderio:clear_glass_dnm_orange
enderio:clear_glass_dnm_black
enderio:clear_glass_dnm_light_blue
enderio:clear_glass_dnm_purple
enderio:clear_glass_dnm_brown
enderio:clear_glass_dnm_magenta
enderio:clear_glass_dnm_white
enderio:clear_glass_dnm_red
enderio:clear_glass_dnm_blue
enderio:clear_glass_dnm_green
enderio:clear_glass_dnm_yellow
enderio:clear_glass_dnm_pink
enderio:clear_glass_dnm_gray
enderio:clear_glass_dnm_lime
enderio:clear_glass_dnm_cyan
enderio:clear_glass_dnm_light_gray
enderio:clear_glass_na_orange
enderio:clear_glass_na_black
enderio:clear_glass_na_light_blue
enderio:clear_glass_na_purple
enderio:clear_glass_na_brown
enderio:clear_glass_na_magenta
enderio:clear_glass_na_white
enderio:clear_glass_na_red
enderio:clear_glass_na_blue
enderio:clear_glass_na_green
enderio:clear_glass_na_yellow
enderio:clear_glass_na_pink
enderio:clear_glass_na_gray
enderio:clear_glass_na_lime
enderio:clear_glass_na_cyan
enderio:clear_glass_na_light_gray
enderio:fused_quartz_ea_orange
enderio:fused_quartz_ea_black
enderio:fused_quartz_ea_light_blue
enderio:fused_quartz_ea_purple
enderio:fused_quartz_ea_brown
enderio:fused_quartz_ea_magenta
enderio:fused_quartz_ea_white
enderio:fused_quartz_ea_red
enderio:fused_quartz_ea_blue
enderio:fused_quartz_ea_green
enderio:fused_quartz_ea_yellow
enderio:fused_quartz_ea_pink
enderio:fused_quartz_ea_gray
enderio:fused_quartz_ea_lime
enderio:fused_quartz_ea_cyan
enderio:fused_quartz_ea_light_gray
enderio:clear_glass_nm_orange
enderio:clear_glass_nm_black
enderio:clear_glass_nm_light_blue
enderio:clear_glass_nm_purple
enderio:clear_glass_nm_brown
enderio:clear_glass_nm_magenta
enderio:clear_glass_nm_white
enderio:clear_glass_nm_red
enderio:clear_glass_nm_blue
enderio:clear_glass_nm_green
enderio:clear_glass_nm_yellow
enderio:clear_glass_nm_pink
enderio:clear_glass_nm_gray
enderio:clear_glass_nm_lime
enderio:clear_glass_nm_cyan
enderio:clear_glass_nm_light_gray
enderio:clear_glass_a_orange
enderio:clear_glass_a_black
enderio:clear_glass_a_light_blue
enderio:clear_glass_a_purple
enderio:clear_glass_a_brown
enderio:clear_glass_a_magenta
enderio:clear_glass_a_white
enderio:clear_glass_a_red
enderio:clear_glass_a_blue
enderio:clear_glass_a_green
enderio:clear_glass_a_yellow
enderio:clear_glass_a_pink
enderio:clear_glass_a_gray
enderio:clear_glass_a_lime
enderio:clear_glass_a_cyan
enderio:clear_glass_a_light_gray
enderio:fused_quartz_dnp_orange
enderio:fused_quartz_dnp_black
enderio:fused_quartz_dnp_light_blue
enderio:fused_quartz_dnp_purple
enderio:fused_quartz_dnp_brown
enderio:fused_quartz_dnp_magenta
enderio:fused_quartz_dnp_white
enderio:fused_quartz_dnp_red
enderio:fused_quartz_dnp_blue
enderio:fused_quartz_dnp_green
enderio:fused_quartz_dnp_yellow
enderio:fused_quartz_dnp_pink
enderio:fused_quartz_dnp_gray
enderio:fused_quartz_dnp_lime
enderio:fused_quartz_dnp_cyan
enderio:fused_quartz_dnp_light_gray
enderio:fused_quartz_dnm_orange
enderio:fused_quartz_dnm_black
enderio:fused_quartz_dnm_light_blue
enderio:fused_quartz_dnm_purple
enderio:fused_quartz_dnm_brown
enderio:fused_quartz_dnm_magenta
enderio:fused_quartz_dnm_white
enderio:fused_quartz_dnm_red
enderio:fused_quartz_dnm_blue
enderio:fused_quartz_dnm_green
enderio:fused_quartz_dnm_yellow
enderio:fused_quartz_dnm_pink
enderio:fused_quartz_dnm_gray
enderio:fused_quartz_dnm_lime
enderio:fused_quartz_dnm_cyan
enderio:fused_quartz_dnm_light_gray
enderio:fused_quartz_ena_orange
enderio:fused_quartz_ena_black
enderio:fused_quartz_ena_light_blue
enderio:fused_quartz_ena_purple
enderio:fused_quartz_ena_brown
enderio:fused_quartz_ena_magenta
enderio:fused_quartz_ena_white
enderio:fused_quartz_ena_red
enderio:fused_quartz_ena_blue
enderio:fused_quartz_ena_green
enderio:fused_quartz_ena_yellow
enderio:fused_quartz_ena_pink
enderio:fused_quartz_ena_gray
enderio:fused_quartz_ena_lime
enderio:fused_quartz_ena_cyan
enderio:fused_quartz_ena_light_gray
enderio:clear_glass_orange
enderio:clear_glass_black
enderio:clear_glass_light_blue
enderio:clear_glass_purple
enderio:clear_glass_brown
enderio:clear_glass_magenta
enderio:clear_glass_white
enderio:clear_glass_red
enderio:clear_glass_blue
enderio:clear_glass_green
enderio:clear_glass_yellow
enderio:clear_glass_pink
enderio:clear_glass_gray
enderio:clear_glass_lime
enderio:clear_glass_cyan
enderio:clear_glass_light_gray
enderio:fused_quartz_na_orange
enderio:fused_quartz_na_black
enderio:fused_quartz_na_light_blue
enderio:fused_quartz_na_purple
enderio:fused_quartz_na_brown
enderio:fused_quartz_na_magenta
enderio:fused_quartz_na_white
enderio:fused_quartz_na_red
enderio:fused_quartz_na_blue
enderio:fused_quartz_na_green
enderio:fused_quartz_na_yellow
enderio:fused_quartz_na_pink
enderio:fused_quartz_na_gray
enderio:fused_quartz_na_lime
enderio:fused_quartz_na_cyan
enderio:fused_quartz_na_light_gray
enderio:clear_glass_ena_orange
enderio:clear_glass_ena_black
enderio:clear_glass_ena_light_blue
enderio:clear_glass_ena_purple
enderio:clear_glass_ena_brown
enderio:clear_glass_ena_magenta
enderio:clear_glass_ena_white
enderio:clear_glass_ena_red
enderio:clear_glass_ena_blue
enderio:clear_glass_ena_green
enderio:clear_glass_ena_yellow
enderio:clear_glass_ena_pink
enderio:clear_glass_ena_gray
enderio:clear_glass_ena_lime
enderio:clear_glass_ena_cyan
enderio:clear_glass_ena_light_gray
enderio:fused_quartz_p_orange
enderio:fused_quartz_p_black
enderio:fused_quartz_p_light_blue
enderio:fused_quartz_p_purple
enderio:fused_quartz_p_brown
enderio:fused_quartz_p_magenta
enderio:fused_quartz_p_white
enderio:fused_quartz_p_red
enderio:fused_quartz_p_blue
enderio:fused_quartz_p_green
enderio:fused_quartz_p_yellow
enderio:fused_quartz_p_pink
enderio:fused_quartz_p_gray
enderio:fused_quartz_p_lime
enderio:fused_quartz_p_cyan
enderio:fused_quartz_p_light_gray
enderio:clear_glass_m_orange
enderio:clear_glass_m_black
enderio:clear_glass_m_light_blue
enderio:clear_glass_m_purple
enderio:clear_glass_m_brown
enderio:clear_glass_m_magenta
enderio:clear_glass_m_white
enderio:clear_glass_m_red
enderio:clear_glass_m_blue
enderio:clear_glass_m_green
enderio:clear_glass_m_yellow
enderio:clear_glass_m_pink
enderio:clear_glass_m_gray
enderio:clear_glass_m_lime
enderio:clear_glass_m_cyan
enderio:clear_glass_m_light_gray
enderio:fused_quartz_orange
enderio:fused_quartz_black
enderio:fused_quartz_light_blue
enderio:fused_quartz_purple
enderio:fused_quartz_brown
enderio:fused_quartz_magenta
enderio:fused_quartz_white
enderio:fused_quartz_red
enderio:fused_quartz_blue
enderio:fused_quartz_green
enderio:fused_quartz_yellow
enderio:fused_quartz_pink
enderio:fused_quartz_gray
enderio:fused_quartz_lime
enderio:fused_quartz_cyan
enderio:fused_quartz_light_gray]
[22May2025 19:33:48.510] [Render thread/INFO] [mezz.jei.library.load.PluginCallerTimerRunnable/]: Registering recipes: enderio:base took 14.75 milliseconds
[22May2025 19:33:48.510] [Render thread/DEBUG] [mezz.jei.library.load.PluginCallerTimerRunnable/]: Registering recipes: mekanism:jei_plugin...
[22May2025 19:33:48.515] [Render thread/DEBUG] [mezz.jei.library.recipes.RecipeManagerInternal/]: Adding recipes: RecipeType[uid=mekanism:smelting, recipeClass=class net.minecraft.world.item.crafting.RecipeHolder]
[22May2025 19:33:48.517] [Render thread/DEBUG] [mezz.jei.library.recipes.RecipeManagerInternal/]: Adding recipes: RecipeType[uid=mekanism:enriching, recipeClass=class net.minecraft.world.item.crafting.RecipeHolder]
[22May2025 19:33:48.518] [Render thread/DEBUG] [mezz.jei.library.recipes.RecipeManagerInternal/]: Adding recipes: RecipeType[uid=mekanism:crushing, recipeClass=class net.minecraft.world.item.crafting.RecipeHolder]
[22May2025 19:33:48.520] [Render thread/DEBUG] [mezz.jei.library.recipes.RecipeManagerInternal/]: Adding recipes: RecipeType[uid=mekanism:combining, recipeClass=class net.minecraft.world.item.crafting.RecipeHolder]
[22May2025 19:33:48.520] [Render thread/DEBUG] [mezz.jei.library.recipes.RecipeManagerInternal/]: Adding recipes: RecipeType[uid=mekanism:purifying, recipeClass=class net.minecraft.world.item.crafting.RecipeHolder]
[22May2025 19:33:48.533] [Render thread/DEBUG] [mezz.jei.library.recipes.RecipeManagerInternal/]: Adding recipes: RecipeType[uid=mekanism:compressing, recipeClass=class net.minecraft.world.item.crafting.RecipeHolder]
[22May2025 19:33:48.534] [Render thread/DEBUG] [mezz.jei.library.recipes.RecipeManagerInternal/]: Adding recipes: RecipeType[uid=mekanism:injecting, recipeClass=class net.minecraft.world.item.crafting.RecipeHolder]
[22May2025 19:33:48.540] [Render thread/DEBUG] [mezz.jei.library.recipes.RecipeManagerInternal/]: Adding recipes: RecipeType[uid=mekanism:sawing, recipeClass=class net.minecraft.world.item.crafting.RecipeHolder]
[22May2025 19:33:48.541] [Render thread/DEBUG] [mezz.jei.library.recipes.RecipeManagerInternal/]: Adding recipes: RecipeType[uid=mekanism:metallurgic_infusing, recipeClass=class net.minecraft.world.item.crafting.RecipeHolder]
[22May2025 19:33:48.543] [Render thread/DEBUG] [mezz.jei.library.recipes.RecipeManagerInternal/]: Adding recipes: RecipeType[uid=mekanism:crystallizing, recipeClass=class net.minecraft.world.item.crafting.RecipeHolder]
[22May2025 19:33:48.544] [Render thread/DEBUG] [mezz.jei.library.recipes.RecipeManagerInternal/]: Adding recipes: RecipeType[uid=mekanism:dissolution, recipeClass=class net.minecraft.world.item.crafting.RecipeHolder]
[22May2025 19:33:48.545] [Render thread/DEBUG] [mezz.jei.library.recipes.RecipeManagerInternal/]: Adding recipes: RecipeType[uid=mekanism:chemical_infusing, recipeClass=class net.minecraft.world.item.crafting.RecipeHolder]
[22May2025 19:33:48.545] [Render thread/DEBUG] [mezz.jei.library.recipes.RecipeManagerInternal/]: Adding recipes: RecipeType[uid=mekanism:oxidizing, recipeClass=class net.minecraft.world.item.crafting.RecipeHolder]
[22May2025 19:33:48.546] [Render thread/DEBUG] [mezz.jei.library.recipes.RecipeManagerInternal/]: Adding recipes: RecipeType[uid=mekanism:washing, recipeClass=class net.minecraft.world.item.crafting.RecipeHolder]
[22May2025 19:33:48.547] [Render thread/DEBUG] [mezz.jei.library.recipes.RecipeManagerInternal/]: Adding recipes: RecipeType[uid=mekanism:activating, recipeClass=class net.minecraft.world.item.crafting.RecipeHolder]
[22May2025 19:33:48.547] [Render thread/DEBUG] [mezz.jei.library.recipes.RecipeManagerInternal/]: Adding recipes: RecipeType[uid=mekanism:centrifuging, recipeClass=class net.minecraft.world.item.crafting.RecipeHolder]
[22May2025 19:33:48.547] [Render thread/DEBUG] [mezz.jei.library.recipes.RecipeManagerInternal/]: Adding recipes: RecipeType[uid=mekanism:separating, recipeClass=class net.minecraft.world.item.crafting.RecipeHolder]
[22May2025 19:33:48.550] [Render thread/DEBUG] [mezz.jei.library.recipes.RecipeManagerInternal/]: Adding recipes: RecipeType[uid=mekanism:evaporating, recipeClass=class net.minecraft.world.item.crafting.RecipeHolder]
[22May2025 19:33:48.550] [Render thread/DEBUG] [mezz.jei.library.recipes.RecipeManagerInternal/]: Adding recipes: RecipeType[uid=mekanism:reaction, recipeClass=class net.minecraft.world.item.crafting.RecipeHolder]
[22May2025 19:33:48.553] [Render thread/DEBUG] [mezz.jei.library.recipes.RecipeManagerInternal/]: Adding recipes: RecipeType[uid=mekanism:nucleosynthesizing, recipeClass=class net.minecraft.world.item.crafting.RecipeHolder]
[22May2025 19:33:48.554] [Render thread/DEBUG] [mezz.jei.library.recipes.RecipeManagerInternal/]: Adding recipes: RecipeType[uid=mekanism:pigment_extracting, recipeClass=class net.minecraft.world.item.crafting.RecipeHolder]
[22May2025 19:33:48.555] [Render thread/DEBUG] [mezz.jei.library.recipes.RecipeManagerInternal/]: Adding recipes: RecipeType[uid=mekanism:pigment_mixing, recipeClass=class net.minecraft.world.item.crafting.RecipeHolder]
[22May2025 19:33:48.556] [Render thread/DEBUG] [mezz.jei.library.recipes.RecipeManagerInternal/]: Adding recipes: RecipeType[uid=mekanism:painting, recipeClass=class net.minecraft.world.item.crafting.RecipeHolder]
[22May2025 19:33:48.558] [Render thread/DEBUG] [mezz.jei.library.recipes.RecipeManagerInternal/]: Adding recipes: RecipeType[uid=mekanism:condensentrating, recipeClass=class net.minecraft.world.item.crafting.RecipeHolder]
[22May2025 19:33:48.559] [Render thread/DEBUG] [mezz.jei.library.recipes.RecipeManagerInternal/]: Adding recipes: RecipeType[uid=mekanism:decondensentrating, recipeClass=class net.minecraft.world.item.crafting.RecipeHolder]
[22May2025 19:33:48.575] [Render thread/DEBUG] [mezz.jei.library.recipes.RecipeManagerInternal/]: Adding recipes: RecipeType[uid=mekanism:nutritional_liquifier, recipeClass=class mekanism.api.recipes.ItemStackToFluidOptionalItemRecipe]
[22May2025 19:33:48.576] [Render thread/DEBUG] [mezz.jei.library.recipes.RecipeManagerInternal/]: Adding recipes: RecipeType[uid=mekanism:sps_casing, recipeClass=class mekanism.client.recipe_viewer.recipe.SPSRecipeViewerRecipe]
[22May2025 19:33:48.580] [Render thread/DEBUG] [mezz.jei.library.recipes.RecipeManagerInternal/]: Adding recipes: RecipeType[uid=mekanism:boiler_casing, recipeClass=class mekanism.client.recipe_viewer.recipe.BoilerRecipeViewerRecipe]
[22May2025 19:33:48.580] [Render thread/DEBUG] [mezz.jei.library.recipes.RecipeManagerInternal/]: Adding recipes: RecipeType[uid=mekanism:energy_conversion, recipeClass=class net.minecraft.world.item.crafting.RecipeHolder]
[22May2025 19:33:48.580] [Render thread/DEBUG] [mezz.jei.library.recipes.RecipeManagerInternal/]: Adding recipes: RecipeType[uid=mekanism:chemical_conversion, recipeClass=class net.minecraft.world.item.crafting.RecipeHolder]
[22May2025 19:33:48.582] [Render thread/DEBUG] [mezz.jei.library.recipes.RecipeManagerInternal/]: Adding recipes: RecipeType[uid=minecraft:anvil, recipeClass=interface mezz.jei.api.recipe.vanilla.IJeiAnvilRecipe]
[22May2025 19:33:48.582] [Render thread/DEBUG] [mezz.jei.library.recipes.RecipeManagerInternal/]: Adding recipes: RecipeType[uid=minecraft:anvil, recipeClass=interface mezz.jei.api.recipe.vanilla.IJeiAnvilRecipe]
[22May2025 19:33:48.588] [Render thread/DEBUG] [mezz.jei.library.recipes.RecipeManagerInternal/]: Adding recipes: RecipeType[uid=jei:information, recipeClass=interface mezz.jei.api.recipe.vanilla.IJeiIngredientInfoRecipe]
[22May2025 19:33:48.589] [Render thread/DEBUG] [mezz.jei.library.recipes.RecipeManagerInternal/]: Adding recipes: RecipeType[uid=jei:information, recipeClass=interface mezz.jei.api.recipe.vanilla.IJeiIngredientInfoRecipe]
[22May2025 19:33:48.591] [Render thread/INFO] [mezz.jei.library.load.PluginCallerTimerRunnable/]: Registering recipes: mekanism:jei_plugin took 81.23 milliseconds
[22May2025 19:33:48.591] [Render thread/DEBUG] [mezz.jei.library.load.PluginCallerTimerRunnable/]: Registering recipes: mekanismgenerators:jei_plugin...
[22May2025 19:33:48.592] [Render thread/DEBUG] [mezz.jei.library.recipes.RecipeManagerInternal/]: Adding recipes: RecipeType[uid=mekanismgenerators:fission, recipeClass=class mekanism.generators.client.recipe_viewer.recipe.FissionRecipeViewerRecipe]
[22May2025 19:33:48.592] [Render thread/DEBUG] [mezz.jei.library.load.PluginCallerTimerRunnable/]: Registering recipes: justdirethings:jei_plugin...
[22May2025 19:33:48.593] [Render thread/DEBUG] [mezz.jei.library.recipes.RecipeManagerInternal/]: Adding recipes: RecipeType[uid=justdirethings:goo_spread_recipe, recipeClass=class com.direwolf20.justdirethings.datagen.recipes.GooSpreadRecipe]
[22May2025 19:33:48.593] [Render thread/DEBUG] [mezz.jei.library.recipes.RecipeManagerInternal/]: Adding recipes: RecipeType[uid=justdirethings:goo_spread_recipe_tag, recipeClass=class com.direwolf20.justdirethings.datagen.recipes.GooSpreadRecipeTag]
[22May2025 19:33:48.595] [Render thread/DEBUG] [mezz.jei.library.recipes.RecipeManagerInternal/]: Adding recipes: RecipeType[uid=justdirethings:fluid_drop_recipe, recipeClass=class com.direwolf20.justdirethings.datagen.recipes.FluidDropRecipe]
[22May2025 19:33:48.597] [Render thread/DEBUG] [mezz.jei.library.recipes.RecipeManagerInternal/]: Adding recipes: RecipeType[uid=justdirethings:ore_to_resource, recipeClass=class com.direwolf20.justdirethings.client.jei.OreToResourceRecipe]
[22May2025 19:33:48.597] [Render thread/DEBUG] [mezz.jei.library.load.PluginCallerTimerRunnable/]: Registering recipes: enderio:machines...
[22May2025 19:33:48.600] [Render thread/DEBUG] [mezz.jei.library.recipes.RecipeManagerInternal/]: Adding recipes: RecipeType[uid=enderio:alloy_smelting, recipeClass=class net.minecraft.world.item.crafting.RecipeHolder]
[22May2025 19:33:48.606] [Render thread/DEBUG] [mezz.jei.library.recipes.RecipeManagerInternal/]: Adding recipes: RecipeType[uid=enderio:enchanter, recipeClass=class com.enderio.machines.common.integrations.jei.util.WrappedEnchanterRecipe]
[22May2025 19:33:48.610] [Render thread/DEBUG] [mezz.jei.library.recipes.RecipeManagerInternal/]: Adding recipes: RecipeType[uid=enderio:primitive_alloy_smelting, recipeClass=class net.minecraft.world.item.crafting.RecipeHolder]
[22May2025 19:33:48.611] [Render thread/DEBUG] [mezz.jei.library.recipes.RecipeManagerInternal/]: Adding recipes: RecipeType[uid=enderio:sagmilling, recipeClass=class net.minecraft.world.item.crafting.RecipeHolder]
[22May2025 19:33:48.619] [Render thread/DEBUG] [mezz.jei.library.recipes.RecipeManagerInternal/]: Adding recipes: RecipeType[uid=enderio:slicing, recipeClass=class net.minecraft.world.item.crafting.RecipeHolder]
[22May2025 19:33:48.619] [Render thread/DEBUG] [mezz.jei.library.recipes.RecipeManagerInternal/]: Adding recipes: RecipeType[uid=enderio:soul_binding, recipeClass=class net.minecraft.world.item.crafting.RecipeHolder]
[22May2025 19:33:48.625] [Render thread/DEBUG] [mezz.jei.library.recipes.RecipeManagerInternal/]: Adding recipes: RecipeType[uid=enderio:tank, recipeClass=class net.minecraft.world.item.crafting.RecipeHolder]
[22May2025 19:33:48.625] [Render thread/DEBUG] [mezz.jei.library.recipes.RecipeManagerInternal/]: Adding recipes: RecipeType[uid=enderio:soul_engine, recipeClass=class com.enderio.machines.common.souldata.EngineSoul$SoulData]
[22May2025 19:33:48.627] [Render thread/DEBUG] [mezz.jei.library.recipes.RecipeManagerInternal/]: Adding recipes: RecipeType[uid=enderio:vat_fermenting, recipeClass=class net.minecraft.world.item.crafting.RecipeHolder]
[22May2025 19:33:48.629] [Render thread/INFO] [mezz.jei.library.load.PluginCallerTimerRunnable/]: Registering recipes: enderio:machines took 31.40 milliseconds
[22May2025 19:33:48.629] [Render thread/DEBUG] [mezz.jei.library.load.PluginCallerTimerRunnable/]: Registering recipes: jei:internal...
[22May2025 19:33:48.632] [Render thread/DEBUG] [mezz.jei.library.plugins.jei.tags.TagInfoRecipeMaker/]: No valid ingredients found for minecraft:block tag: #mekanism:miner_blacklist (mekanism:miner_blacklist)
[22May2025 19:33:48.633] [Render thread/DEBUG] [mezz.jei.library.plugins.jei.tags.TagInfoRecipeMaker/]: No valid ingredients found for minecraft:block tag: #justdirethings:noautoclick (justdirethings:noautoclick)
[22May2025 19:33:48.633] [Render thread/DEBUG] [mezz.jei.library.plugins.jei.tags.TagInfoRecipeMaker/]: No valid ingredients found for minecraft:block tag: #minecraft:incorrect_for_diamond_tool (minecraft:incorrect_for_diamond_tool)
[22May2025 19:33:48.633] [Render thread/DEBUG] [mezz.jei.library.plugins.jei.tags.TagInfoRecipeMaker/]: No valid ingredients found for minecraft:block tag: #enderio:dark_steel_explodable_allow_list (enderio:dark_steel_explodable_allow_list)
[22May2025 19:33:48.634] [Render thread/DEBUG] [mezz.jei.library.plugins.jei.tags.TagInfoRecipeMaker/]: No valid ingredients found for minecraft:block tag: #minecraft:strider_warm_blocks (minecraft:strider_warm_blocks)
[22May2025 19:33:48.634] [Render thread/DEBUG] [mezz.jei.library.plugins.jei.tags.TagInfoRecipeMaker/]: No valid ingredients found for minecraft:block tag: #minecraft:invalid_spawn_inside (minecraft:invalid_spawn_inside)
[22May2025 19:33:48.634] [Render thread/DEBUG] [mezz.jei.library.plugins.jei.tags.TagInfoRecipeMaker/]: No valid ingredients found for minecraft:block tag: #mekanism:incorrect_for_meka_tool (mekanism:incorrect_for_meka_tool)
[22May2025 19:33:48.634] [Render thread/DEBUG] [mezz.jei.library.plugins.jei.tags.TagInfoRecipeMaker/]: No valid ingredients found for minecraft:block tag: #minecraft:fire (minecraft:fire)
[22May2025 19:33:48.635] [Render thread/DEBUG] [mezz.jei.library.plugins.jei.tags.TagInfoRecipeMaker/]: No valid ingredients found for minecraft:block tag: Needs Netherite Tools (neoforge:needs_netherite_tool)
[22May2025 19:33:48.635] [Render thread/DEBUG] [mezz.jei.library.plugins.jei.tags.TagInfoRecipeMaker/]: No valid ingredients found for minecraft:block tag: #mekanism:incorrect_for_disassembler (mekanism:incorrect_for_disassembler)
[22May2025 19:33:48.635] [Render thread/DEBUG] [mezz.jei.library.plugins.jei.tags.TagInfoRecipeMaker/]: No valid ingredients found for minecraft:block tag: #minecraft:candle_cakes (minecraft:candle_cakes)
[22May2025 19:33:48.635] [Render thread/DEBUG] [mezz.jei.library.plugins.jei.tags.TagInfoRecipeMaker/]: No valid ingredients found for minecraft:block tag: #minecraft:air (minecraft:air)
[22May2025 19:33:48.635] [Render thread/DEBUG] [mezz.jei.library.plugins.jei.tags.TagInfoRecipeMaker/]: No valid ingredients found for minecraft:block tag: #justdirethings:tick_speed_deny (justdirethings:tick_speed_deny)
[22May2025 19:33:48.636] [Render thread/DEBUG] [mezz.jei.library.plugins.jei.tags.TagInfoRecipeMaker/]: No valid ingredients found for minecraft:block tag: #minecraft:portals (minecraft:portals)
[22May2025 19:33:48.636] [Render thread/DEBUG] [mezz.jei.library.plugins.jei.tags.TagInfoRecipeMaker/]: No valid ingredients found for minecraft:block tag: #enderio:dark_steel_explodable_deny_list (enderio:dark_steel_explodable_deny_list)
[22May2025 19:33:48.636] [Render thread/DEBUG] [mezz.jei.library.plugins.jei.tags.TagInfoRecipeMaker/]: No valid ingredients found for minecraft:block tag: #minecraft:incorrect_for_netherite_tool (minecraft:incorrect_for_netherite_tool)
[22May2025 19:33:48.636] [Render thread/DEBUG] [mezz.jei.library.plugins.jei.tags.TagInfoRecipeMaker/]: No valid ingredients found for minecraft:block tag: Ropes (c:ropes)
[22May2025 19:33:48.636] [Render thread/DEBUG] [mezz.jei.library.recipes.RecipeManagerInternal/]: Adding recipes: RecipeType[uid=minecraft:tag_recipes/block, recipeClass=interface mezz.jei.library.plugins.jei.tags.ITagInfoRecipe]
[22May2025 19:33:48.649] [Render thread/DEBUG] [mezz.jei.library.plugins.jei.tags.TagInfoRecipeMaker/]: No valid ingredients found for minecraft:item tag: #justdirethings:auto_smoke_deny (justdirethings:auto_smoke_deny)
[22May2025 19:33:48.650] [Render thread/DEBUG] [mezz.jei.library.plugins.jei.tags.TagInfoRecipeMaker/]: No valid ingredients found for minecraft:item tag: Candies (c:foods/candy)
[22May2025 19:33:48.650] [Render thread/DEBUG] [mezz.jei.library.plugins.jei.tags.TagInfoRecipeMaker/]: No valid ingredients found for minecraft:item tag: #justdirethings:auto_smelt_deny (justdirethings:auto_smelt_deny)
[22May2025 19:33:48.650] [Render thread/DEBUG] [mezz.jei.library.plugins.jei.tags.TagInfoRecipeMaker/]: No valid ingredients found for minecraft:item tag: Juice (c:drinks/juice)
[22May2025 19:33:48.650] [Render thread/DEBUG] [mezz.jei.library.plugins.jei.tags.TagInfoRecipeMaker/]: No valid ingredients found for minecraft:item tag: #industrialforegoing:enchantment_extractor_blacklist (industrialforegoing:enchantment_extractor_blacklist)
[22May2025 19:33:48.650] [Render thread/DEBUG] [mezz.jei.library.plugins.jei.tags.TagInfoRecipeMaker/]: No valid ingredients found for minecraft:item tag: Ropes (c:ropes)
[22May2025 19:33:48.651] [Render thread/DEBUG] [mezz.jei.library.plugins.jei.tags.TagInfoRecipeMaker/]: No valid ingredients found for minecraft:item tag: Water (c:drinks/water)
[22May2025 19:33:48.651] [Render thread/DEBUG] [mezz.jei.library.recipes.RecipeManagerInternal/]: Adding recipes: RecipeType[uid=minecraft:tag_recipes/item, recipeClass=interface mezz.jei.library.plugins.jei.tags.ITagInfoRecipe]
[22May2025 19:33:48.664] [Render thread/DEBUG] [mezz.jei.library.plugins.jei.tags.TagInfoRecipeMaker/]: No valid ingredients found for minecraft:fluid tag: Mushroom Stew (c:mushroom_stew)
[22May2025 19:33:48.664] [Render thread/DEBUG] [mezz.jei.library.plugins.jei.tags.TagInfoRecipeMaker/]: No valid ingredients found for minecraft:fluid tag: Beetroot Soup (c:beetroot_soup)
[22May2025 19:33:48.664] [Render thread/DEBUG] [mezz.jei.library.plugins.jei.tags.TagInfoRecipeMaker/]: No valid ingredients found for minecraft:fluid tag: Potion (c:potion)
[22May2025 19:33:48.664] [Render thread/DEBUG] [mezz.jei.library.plugins.jei.tags.TagInfoRecipeMaker/]: No valid ingredients found for minecraft:fluid tag: Suspicious Stew (c:suspicious_stew)
[22May2025 19:33:48.664] [Render thread/DEBUG] [mezz.jei.library.plugins.jei.tags.TagInfoRecipeMaker/]: No valid ingredients found for minecraft:fluid tag: Honey (c:honey)
[22May2025 19:33:48.664] [Render thread/DEBUG] [mezz.jei.library.plugins.jei.tags.TagInfoRecipeMaker/]: No valid ingredients found for minecraft:fluid tag: Rabbit Stew (c:rabbit_stew)
[22May2025 19:33:48.664] [Render thread/DEBUG] [mezz.jei.library.recipes.RecipeManagerInternal/]: Adding recipes: RecipeType[uid=minecraft:tag_recipes/fluid, recipeClass=interface mezz.jei.library.plugins.jei.tags.ITagInfoRecipe]
[22May2025 19:33:48.665] [Render thread/INFO] [mezz.jei.library.load.PluginCallerTimerRunnable/]: Registering recipes: jei:internal took 36.11 milliseconds
[22May2025 19:33:48.665] [Render thread/INFO] [mezz.jei.library.load.PluginCaller/]: Registering recipes took 538.4 ms
[22May2025 19:33:48.685] [Render thread/INFO] [mezz.jei.library.load.PluginCaller/]: Registering recipes transfer handlers...
[22May2025 19:33:48.686] [Render thread/DEBUG] [mezz.jei.library.load.PluginCallerTimerRunnable/]: Registering recipes transfer handlers: jei:minecraft...
[22May2025 19:33:48.692] [Render thread/DEBUG] [mezz.jei.library.load.PluginCallerTimerRunnable/]: Registering recipes transfer handlers: industrialforegoing:default...
[22May2025 19:33:48.692] [Render thread/DEBUG] [mezz.jei.library.load.PluginCallerTimerRunnable/]: Registering recipes transfer handlers: enderio:conduits...
[22May2025 19:33:48.692] [Render thread/DEBUG] [mezz.jei.library.load.PluginCallerTimerRunnable/]: Registering recipes transfer handlers: titanium:default...
[22May2025 19:33:48.692] [Render thread/DEBUG] [mezz.jei.library.load.PluginCallerTimerRunnable/]: Registering recipes transfer handlers: jade:main...
[22May2025 19:33:48.692] [Render thread/DEBUG] [mezz.jei.library.load.PluginCallerTimerRunnable/]: Registering recipes transfer handlers: jei:neoforge_gui...
[22May2025 19:33:48.692] [Render thread/DEBUG] [mezz.jei.library.load.PluginCallerTimerRunnable/]: Registering recipes transfer handlers: jei:debug...
[22May2025 19:33:48.692] [Render thread/DEBUG] [mezz.jei.library.load.PluginCallerTimerRunnable/]: Registering recipes transfer handlers: jei:gui...
[22May2025 19:33:48.692] [Render thread/DEBUG] [mezz.jei.library.load.PluginCallerTimerRunnable/]: Registering recipes transfer handlers: enderio:base...
[22May2025 19:33:48.692] [Render thread/DEBUG] [mezz.jei.library.load.PluginCallerTimerRunnable/]: Registering recipes transfer handlers: mekanism:jei_plugin...
[22May2025 19:33:48.696] [Render thread/DEBUG] [mezz.jei.library.load.PluginCallerTimerRunnable/]: Registering recipes transfer handlers: mekanismgenerators:jei_plugin...
[22May2025 19:33:48.696] [Render thread/DEBUG] [mezz.jei.library.load.PluginCallerTimerRunnable/]: Registering recipes transfer handlers: justdirethings:jei_plugin...
[22May2025 19:33:48.696] [Render thread/DEBUG] [mezz.jei.library.load.PluginCallerTimerRunnable/]: Registering recipes transfer handlers: enderio:machines...
[22May2025 19:33:48.698] [Render thread/DEBUG] [mezz.jei.library.load.PluginCallerTimerRunnable/]: Registering recipes transfer handlers: jei:internal...
[22May2025 19:33:48.698] [Render thread/INFO] [mezz.jei.library.load.PluginCaller/]: Registering recipes transfer handlers took 12.68 ms
[22May2025 19:33:48.713] [Render thread/INFO] [mezz.jei.core.util.LoggedTimer/]: Building runtime...
[22May2025 19:33:48.724] [Render thread/INFO] [mezz.jei.library.load.PluginCaller/]: Registering gui handlers...
[22May2025 19:33:48.724] [Render thread/DEBUG] [mezz.jei.library.load.PluginCallerTimerRunnable/]: Registering gui handlers: jei:minecraft...
[22May2025 19:33:48.729] [Render thread/DEBUG] [mezz.jei.library.load.PluginCallerTimerRunnable/]: Registering gui handlers: industrialforegoing:default...
[22May2025 19:33:48.732] [Render thread/DEBUG] [mezz.jei.library.load.PluginCallerTimerRunnable/]: Registering gui handlers: enderio:conduits...
[22May2025 19:33:48.732] [Render thread/DEBUG] [mezz.jei.library.load.PluginCallerTimerRunnable/]: Registering gui handlers: titanium:default...
[22May2025 19:33:48.733] [Render thread/DEBUG] [mezz.jei.library.load.PluginCallerTimerRunnable/]: Registering gui handlers: jade:main...
[22May2025 19:33:48.733] [Render thread/DEBUG] [mezz.jei.library.load.PluginCallerTimerRunnable/]: Registering gui handlers: jei:neoforge_gui...
[22May2025 19:33:48.733] [Render thread/DEBUG] [mezz.jei.library.load.PluginCallerTimerRunnable/]: Registering gui handlers: jei:debug...
[22May2025 19:33:48.733] [Render thread/DEBUG] [mezz.jei.library.load.PluginCallerTimerRunnable/]: Registering gui handlers: jei:gui...
[22May2025 19:33:48.744] [Render thread/INFO] [mezz.jei.library.load.PluginCallerTimerRunnable/]: Registering gui handlers: jei:gui took 11.08 milliseconds
[22May2025 19:33:48.744] [Render thread/DEBUG] [mezz.jei.library.load.PluginCallerTimerRunnable/]: Registering gui handlers: enderio:base...
[22May2025 19:33:48.745] [Render thread/DEBUG] [mezz.jei.library.load.PluginCallerTimerRunnable/]: Registering gui handlers: mekanism:jei_plugin...
[22May2025 19:33:48.750] [Render thread/DEBUG] [mezz.jei.library.load.PluginCallerTimerRunnable/]: Registering gui handlers: mekanismgenerators:jei_plugin...
[22May2025 19:33:48.750] [Render thread/DEBUG] [mezz.jei.library.load.PluginCallerTimerRunnable/]: Registering gui handlers: justdirethings:jei_plugin...
[22May2025 19:33:48.751] [Render thread/DEBUG] [mezz.jei.library.load.PluginCallerTimerRunnable/]: Registering gui handlers: enderio:machines...
[22May2025 19:33:48.753] [Render thread/DEBUG] [mezz.jei.library.load.PluginCallerTimerRunnable/]: Registering gui handlers: jei:internal...
[22May2025 19:33:48.753] [Render thread/INFO] [mezz.jei.library.load.PluginCaller/]: Registering gui handlers took 28.22 ms
[22May2025 19:33:48.764] [Render thread/INFO] [mezz.jei.library.load.PluginCaller/]: Registering Runtime...
[22May2025 19:33:48.764] [Render thread/DEBUG] [mezz.jei.library.load.PluginCallerTimerRunnable/]: Registering Runtime: jei:minecraft...
[22May2025 19:33:48.764] [Render thread/DEBUG] [mezz.jei.library.load.PluginCallerTimerRunnable/]: Registering Runtime: industrialforegoing:default...
[22May2025 19:33:48.764] [Render thread/DEBUG] [mezz.jei.library.load.PluginCallerTimerRunnable/]: Registering Runtime: enderio:conduits...
[22May2025 19:33:48.764] [Render thread/DEBUG] [mezz.jei.library.load.PluginCallerTimerRunnable/]: Registering Runtime: titanium:default...
[22May2025 19:33:48.764] [Render thread/DEBUG] [mezz.jei.library.load.PluginCallerTimerRunnable/]: Registering Runtime: jade:main...
[22May2025 19:33:48.765] [Render thread/DEBUG] [mezz.jei.library.load.PluginCallerTimerRunnable/]: Registering Runtime: jei:neoforge_gui...
[22May2025 19:33:48.767] [Render thread/INFO] [mezz.jei.gui.startup.JeiGuiStarter/]: Starting JEI GUI
[22May2025 19:33:48.768] [Render thread/INFO] [mezz.jei.core.util.LoggedTimer/]: Building ingredient list...
[22May2025 19:33:48.769] [Render thread/DEBUG] [mezz.jei.gui.ingredients.IngredientListElementFactory/]: Registering ingredients: ItemStack
[22May2025 19:33:48.805] [Render thread/DEBUG] [mezz.jei.gui.ingredients.IngredientListElementFactory/]: Registering ingredients: FluidStack
[22May2025 19:33:48.807] [Render thread/DEBUG] [mezz.jei.gui.ingredients.IngredientListElementFactory/]: Registering ingredients: ChemicalStack
[22May2025 19:33:48.807] [Render thread/INFO] [mezz.jei.core.util.LoggedTimer/]: Building ingredient list took 39.95 ms
[22May2025 19:33:48.807] [Render thread/INFO] [mezz.jei.core.util.LoggedTimer/]: Building ingredient filter...
[22May2025 19:33:48.835] [entity-deserializer/DEBUG] [mixin/]: Mixing compat116plus.VillagerBreedTaskMixin from pehkui.mixins.json into net.minecraft.world.entity.ai.behavior.VillagerMakeLove
[22May2025 19:33:48.836] [entity-deserializer/DEBUG] [mixin/]: pehkui.mixins.json:compat116plus.VillagerBreedTaskMixin from mod pehkui: Class version 65 required is higher than the class version supported by the current version of Mixin (JAVA_17 supports class version 61)
[22May2025 19:33:48.837] [entity-deserializer/DEBUG] [mixin/]: pehkui.mixins.json:compat116plus.VillagerBreedTaskMixin from mod pehkui->@Inject::pehkui$createChild(Lnet/minecraft/server/level/ServerLevel;Lnet/minecraft/world/entity/npc/Villager;Lnet/minecraft/world/entity/npc/Villager;Lorg/spongepowered/asm/mixin/injection/callback/CallbackInfoReturnable;)V doesn't use it's CallbackInfoReturnable
[22May2025 19:33:48.837] [entity-deserializer/DEBUG] [mixin/]: pehkui.mixins.json:compat116plus.VillagerBreedTaskMixin from mod pehkui->@Inject::pehkui$createChild(Lnet/minecraft/server/level/ServerLevel;Lnet/minecraft/world/entity/npc/Villager;Lnet/minecraft/world/entity/npc/Villager;Lorg/spongepowered/asm/mixin/injection/callback/CallbackInfoReturnable;)V has 0 override(s) in child classes
[22May2025 19:33:48.837] [entity-deserializer/DEBUG] [mixin/]: pehkui.mixins.json:compat116plus.VillagerBreedTaskMixin from mod pehkui->@Inject::pehkui$createChild(Lnet/minecraft/server/level/ServerLevel;Lnet/minecraft/world/entity/npc/Villager;Lnet/minecraft/world/entity/npc/Villager;Lorg/spongepowered/asm/mixin/injection/callback/CallbackInfoReturnable;)V won't be passed a CallbackInfoReturnable as a result
[22May2025 19:33:48.871] [Render thread/INFO] [mezz.jei.gui.ingredients.IngredientFilter/]: Adding 3127 ingredients
[22May2025 19:33:49.248] [JEI Config Save Delay/DEBUG] [mezz.jei.common.config.file.ConfigSerializer/]: Saving config file: D:\Modding\Simple Incubator\run\config\jei\jei-debug.ini
[22May2025 19:33:49.248] [JEI Config Save Delay/DEBUG] [mezz.jei.common.config.file.ConfigSerializer/]: Saving config file: D:\Modding\Simple Incubator\run\config\jei\jei-mod-id-format.ini
[22May2025 19:33:49.248] [JEI Config Save Delay/DEBUG] [mezz.jei.common.config.file.ConfigSerializer/]: Saving config file: D:\Modding\Simple Incubator\run\config\jei\jei-colors.ini
[22May2025 19:33:49.250] [JEI Config Save Delay/DEBUG] [mezz.jei.common.config.file.ConfigSerializer/]: Saving config file: D:\Modding\Simple Incubator\run\config\jei\jei-client.ini
[22May2025 19:33:49.273] [Render thread/INFO] [mezz.jei.gui.ingredients.IngredientFilter/]: Added 3127 ingredients
[22May2025 19:33:49.274] [Render thread/INFO] [mezz.jei.core.util.LoggedTimer/]: Building ingredient filter took 466.1 ms
[22May2025 19:33:49.464] [Render thread/INFO] [mezz.jei.library.load.PluginCallerTimerRunnable/]: Registering Runtime: jei:neoforge_gui took 699.2 milliseconds
[22May2025 19:33:49.464] [Render thread/DEBUG] [mezz.jei.library.load.PluginCallerTimerRunnable/]: Registering Runtime: jei:debug...
[22May2025 19:33:49.464] [Render thread/DEBUG] [mezz.jei.library.load.PluginCallerTimerRunnable/]: Registering Runtime: jei:gui...
[22May2025 19:33:49.464] [Render thread/DEBUG] [mezz.jei.library.load.PluginCallerTimerRunnable/]: Registering Runtime: enderio:base...
[22May2025 19:33:49.464] [Render thread/DEBUG] [mezz.jei.library.load.PluginCallerTimerRunnable/]: Registering Runtime: mekanism:jei_plugin...
[22May2025 19:33:49.464] [Render thread/DEBUG] [mezz.jei.library.load.PluginCallerTimerRunnable/]: Registering Runtime: mekanismgenerators:jei_plugin...
[22May2025 19:33:49.464] [Render thread/DEBUG] [mezz.jei.library.load.PluginCallerTimerRunnable/]: Registering Runtime: justdirethings:jei_plugin...
[22May2025 19:33:49.464] [Render thread/DEBUG] [mezz.jei.library.load.PluginCallerTimerRunnable/]: Registering Runtime: enderio:machines...
[22May2025 19:33:49.464] [Render thread/DEBUG] [mezz.jei.library.load.PluginCallerTimerRunnable/]: Registering Runtime: jei:internal...
[22May2025 19:33:49.464] [Render thread/INFO] [mezz.jei.library.load.PluginCaller/]: Registering Runtime took 700.3 ms
[22May2025 19:33:49.467] [Render thread/INFO] [mezz.jei.core.util.LoggedTimer/]: Building runtime took 754.0 ms
[22May2025 19:33:49.467] [Render thread/INFO] [mezz.jei.library.load.PluginCaller/]: Sending Runtime...
[22May2025 19:33:49.468] [Render thread/DEBUG] [mezz.jei.library.load.PluginCallerTimerRunnable/]: Sending Runtime: jei:minecraft...
[22May2025 19:33:49.468] [Render thread/DEBUG] [mezz.jei.library.load.PluginCallerTimerRunnable/]: Sending Runtime: industrialforegoing:default...
[22May2025 19:33:49.468] [Render thread/DEBUG] [mezz.jei.library.load.PluginCallerTimerRunnable/]: Sending Runtime: enderio:conduits...
[22May2025 19:33:49.468] [Render thread/DEBUG] [mezz.jei.library.load.PluginCallerTimerRunnable/]: Sending Runtime: titanium:default...
[22May2025 19:33:49.468] [Render thread/DEBUG] [mezz.jei.library.load.PluginCallerTimerRunnable/]: Sending Runtime: jade:main...
[22May2025 19:33:49.468] [Render thread/DEBUG] [mezz.jei.library.load.PluginCallerTimerRunnable/]: Sending Runtime: jei:neoforge_gui...
[22May2025 19:33:49.468] [Render thread/DEBUG] [mezz.jei.library.load.PluginCallerTimerRunnable/]: Sending Runtime: jei:debug...
[22May2025 19:33:49.468] [Render thread/DEBUG] [mezz.jei.library.load.PluginCallerTimerRunnable/]: Sending Runtime: jei:gui...
[22May2025 19:33:49.468] [Render thread/DEBUG] [mezz.jei.library.load.PluginCallerTimerRunnable/]: Sending Runtime: enderio:base...
[22May2025 19:33:49.468] [Render thread/DEBUG] [mezz.jei.library.load.PluginCallerTimerRunnable/]: Sending Runtime: mekanism:jei_plugin...
[22May2025 19:33:49.468] [Render thread/DEBUG] [mezz.jei.library.load.PluginCallerTimerRunnable/]: Sending Runtime: mekanismgenerators:jei_plugin...
[22May2025 19:33:49.468] [Render thread/DEBUG] [mezz.jei.library.load.PluginCallerTimerRunnable/]: Sending Runtime: justdirethings:jei_plugin...
[22May2025 19:33:49.469] [Render thread/DEBUG] [mezz.jei.library.load.PluginCallerTimerRunnable/]: Sending Runtime: enderio:machines...
[22May2025 19:33:49.469] [Render thread/DEBUG] [mezz.jei.library.load.PluginCallerTimerRunnable/]: Sending Runtime: jei:internal...
[22May2025 19:33:49.469] [Render thread/INFO] [mezz.jei.library.load.PluginCaller/]: Sending Runtime took 1.767 ms
[22May2025 19:33:49.469] [Render thread/INFO] [mezz.jei.core.util.LoggedTimer/]: Starting JEI took 2.224 s
[22May2025 19:33:49.502] [Render thread/INFO] [snownee.jade.Jade/]: Received config from the server: 
[22May2025 19:33:49.512] [Render thread/INFO] [net.minecraft.client.gui.components.ChatComponent/]: [System] [CHAT] [Warning] Ender IO is in alpha - expect bugs and take backups often!
[22May2025 19:33:49.529] [Render thread/INFO] [net.minecraft.client.gui.components.ChatComponent/]: [System] [CHAT] [Mekanism] Aviso: Mekanism está atualmente em alfa e não é recomendado seu uso generalizado em modpacks. É provável que você encontre erros sérios e vários outros problemas que você pode ler mais sobre aqui.
[22May2025 19:33:49.535] [Render thread/INFO] [net.minecraft.advancements.AdvancementTree/]: Loaded 307 advancements
[22May2025 19:33:49.752] [Render thread/DEBUG] [mixin/]: Mixing compat117plus.ProjectileUtilMixin from pehkui.mixins.json into net.minecraft.world.entity.projectile.ProjectileUtil
[22May2025 19:33:49.753] [Render thread/DEBUG] [mixin/]: pehkui.mixins.json:compat117plus.ProjectileUtilMixin from mod pehkui: Class version 65 required is higher than the class version supported by the current version of Mixin (JAVA_17 supports class version 61)
[22May2025 19:33:49.754] [Render thread/DEBUG] [mixin/]: Mixing compat1203plus.ProjectileUtilMixin from pehkui.mixins.json into net.minecraft.world.entity.projectile.ProjectileUtil
[22May2025 19:33:49.754] [Render thread/DEBUG] [mixin/]: pehkui.mixins.json:compat1203plus.ProjectileUtilMixin from mod pehkui: Class version 65 required is higher than the class version supported by the current version of Mixin (JAVA_17 supports class version 61)
[22May2025 19:33:49.761] [JEI Config File Watcher/DEBUG] [mezz.jei.common.config.file.FileWatcherThread/]: Detected changes in files:
D:\Modding\Simple Incubator\run\config\jei\jei-colors.ini
D:\Modding\Simple Incubator\run\config\jei\jei-mod-id-format.ini
D:\Modding\Simple Incubator\run\config\jei\jei-debug.ini
D:\Modding\Simple Incubator\run\config\jei\jei-client.ini
[22May2025 19:33:49.847] [Render thread/WARN] [Iris/]: Error while parsing the block ID map entry for "block.10104":
[22May2025 19:33:49.847] [Render thread/WARN] [Iris/]: - The block minecraft:stone_slab has no property with the name variant, ignoring!
[22May2025 19:33:49.869] [Render thread/INFO] [ChunkBuilder/]: Stopping worker threads
[22May2025 19:33:49.881] [Render thread/INFO] [ChunkBuilder/]: Started 10 worker threads
[22May2025 19:33:49.992] [Render thread/DEBUG] [Sodium/]: Loaded net.caffeinemc.mods.sodium.neoforge.level.NeoForgeLevelRenderHooks@7272e0b2 for service interface net.caffeinemc.mods.sodium.client.services.PlatformLevelRenderHooks
[22May2025 19:33:50.173] [Render thread/DEBUG] [Sodium/]: Loaded net.caffeinemc.mods.sodium.neoforge.model.NeoForgeModelAccess@d0c1136 for service interface net.caffeinemc.mods.sodium.client.services.PlatformModelAccess
[22May2025 19:33:50.174] [Render thread/DEBUG] [Sodium/]: Loaded net.caffeinemc.mods.sodium.neoforge.level.NeoForgeLevelAccess@6139cfc5 for service interface net.caffeinemc.mods.sodium.client.services.PlatformLevelAccess
[22May2025 19:33:50.192] [Render thread/DEBUG] [Sodium/]: Loaded net.caffeinemc.mods.sodium.neoforge.block.NeoForgeBlockAccess@5650e8a3 for service interface net.caffeinemc.mods.sodium.client.services.PlatformBlockAccess
[22May2025 19:33:50.206] [Render thread/DEBUG] [mixin/]: Mixing ChunkRendererRegionBuilderMixin from fabric-block-view-api-v2.client.mixins.json into net.minecraft.client.renderer.chunk.RenderRegionCache
[22May2025 19:33:50.207] [Render thread/DEBUG] [mixin/]: fabric-block-view-api-v2.client.mixins.json:ChunkRendererRegionBuilderMixin from mod fabric_block_view_api_v2: Class version 65 required is higher than the class version supported by the current version of Mixin (JAVA_17 supports class version 61)
[22May2025 19:33:50.213] [Render thread/DEBUG] [mixin/]: fabric-block-view-api-v2.client.mixins.json:ChunkRendererRegionBuilderMixin from mod fabric_block_view_api_v2->@Inject::copyDataForChunk(Lnet/minecraft/world/level/Level;Lnet/minecraft/core/SectionPos;ZLorg/spongepowered/asm/mixin/injection/callback/CallbackInfoReturnable;)V doesn't use it's CallbackInfoReturnable
[22May2025 19:33:50.213] [Render thread/DEBUG] [mixin/]: fabric-block-view-api-v2.client.mixins.json:ChunkRendererRegionBuilderMixin from mod fabric_block_view_api_v2->@Inject::copyDataForChunk(Lnet/minecraft/world/level/Level;Lnet/minecraft/core/SectionPos;ZLorg/spongepowered/asm/mixin/injection/callback/CallbackInfoReturnable;)V has 0 override(s) in child classes
[22May2025 19:33:50.213] [Render thread/DEBUG] [mixin/]: fabric-block-view-api-v2.client.mixins.json:ChunkRendererRegionBuilderMixin from mod fabric_block_view_api_v2->@Inject::copyDataForChunk(Lnet/minecraft/world/level/Level;Lnet/minecraft/core/SectionPos;ZLorg/spongepowered/asm/mixin/injection/callback/CallbackInfoReturnable;)V won't be passed a CallbackInfoReturnable as a result
[22May2025 19:33:50.213] [Render thread/DEBUG] [mixin/]: fabric-block-view-api-v2.client.mixins.json:ChunkRendererRegionBuilderMixin from mod fabric_block_view_api_v2->@Inject::createDataMap(Lnet/minecraft/world/level/Level;Lnet/minecraft/core/SectionPos;ZLorg/spongepowered/asm/mixin/injection/callback/CallbackInfoReturnable;)V does use it's CallbackInfoReturnable
[22May2025 19:33:50.436] [Render thread/DEBUG] [mixin/]: Mixing sodium.cloud.MixinCloudRenderer from sodium-extra.mixins.json into net.caffeinemc.mods.sodium.client.render.immediate.CloudRenderer
[22May2025 19:33:50.436] [Render thread/DEBUG] [mixin/]: sodium-extra.mixins.json:sodium.cloud.MixinCloudRenderer from mod sodium_extra: Class version 65 required is higher than the class version supported by the current version of Mixin (JAVA_17 supports class version 61)
[22May2025 19:33:50.436] [Render thread/DEBUG] [mixin/]: Mixing CloudRendererAccessor from mixins.iris.compat.sodium.json into net.caffeinemc.mods.sodium.client.render.immediate.CloudRenderer
[22May2025 19:33:50.437] [Render thread/DEBUG] [mixin/]: mixins.iris.compat.sodium.json:CloudRendererAccessor from mod iris: Class version 65 required is higher than the class version supported by the current version of Mixin (JAVA_8 supports class version 52)
[22May2025 19:33:50.437] [Render thread/DEBUG] [mixin/]: Mixing MixinCloudRenderer from mixins.iris.compat.sodium.json into net.caffeinemc.mods.sodium.client.render.immediate.CloudRenderer
[22May2025 19:33:50.437] [Render thread/DEBUG] [mixin/]: mixins.iris.compat.sodium.json:MixinCloudRenderer from mod iris: Class version 65 required is higher than the class version supported by the current version of Mixin (JAVA_8 supports class version 52)
[22May2025 19:33:50.441] [Render thread/DEBUG] [mixin/]: mixins.iris.compat.sodium.json:MixinCloudRenderer from mod iris->@Inject::writeIrisVertex(JFFFILorg/spongepowered/asm/mixin/injection/callback/CallbackInfoReturnable;)V does use it's CallbackInfoReturnable
[22May2025 19:33:50.441] [Render thread/DEBUG] [mixin/]: mixins.iris.compat.sodium.json:MixinCloudRenderer from mod iris->@Inject::computeNormal2D(Lnet/caffeinemc/mods/sodium/api/vertex/buffer/VertexBufferWriter;IIILorg/spongepowered/asm/mixin/injection/callback/CallbackInfo;)V doesn't use it's CallbackInfo
[22May2025 19:33:50.441] [Render thread/DEBUG] [mixin/]: mixins.iris.compat.sodium.json:MixinCloudRenderer from mod iris->@Inject::computeNormal3D(Lnet/caffeinemc/mods/sodium/api/vertex/buffer/VertexBufferWriter;IIIILorg/spongepowered/asm/mixin/injection/callback/CallbackInfo;)V doesn't use it's CallbackInfo
[22May2025 19:33:50.441] [Render thread/DEBUG] [mixin/]: mixins.iris.compat.sodium.json:MixinCloudRenderer from mod iris->@Inject::computeNormal3DUp(Lnet/caffeinemc/mods/sodium/api/vertex/buffer/VertexBufferWriter;IIIILorg/spongepowered/asm/mixin/injection/callback/CallbackInfo;)V doesn't use it's CallbackInfo
[22May2025 19:33:50.441] [Render thread/DEBUG] [mixin/]: mixins.iris.compat.sodium.json:MixinCloudRenderer from mod iris->@Inject::computeNormal3DNegX(Lnet/caffeinemc/mods/sodium/api/vertex/buffer/VertexBufferWriter;IIIILorg/spongepowered/asm/mixin/injection/callback/CallbackInfo;)V doesn't use it's CallbackInfo
[22May2025 19:33:50.441] [Render thread/DEBUG] [mixin/]: mixins.iris.compat.sodium.json:MixinCloudRenderer from mod iris->@Inject::computeNormal3DPosX(Lnet/caffeinemc/mods/sodium/api/vertex/buffer/VertexBufferWriter;IIIILorg/spongepowered/asm/mixin/injection/callback/CallbackInfo;)V doesn't use it's CallbackInfo
[22May2025 19:33:50.441] [Render thread/DEBUG] [mixin/]: mixins.iris.compat.sodium.json:MixinCloudRenderer from mod iris->@Inject::computeNormal3DNegZ(Lnet/caffeinemc/mods/sodium/api/vertex/buffer/VertexBufferWriter;IIIILorg/spongepowered/asm/mixin/injection/callback/CallbackInfo;)V doesn't use it's CallbackInfo
[22May2025 19:33:50.441] [Render thread/DEBUG] [mixin/]: mixins.iris.compat.sodium.json:MixinCloudRenderer from mod iris->@Inject::computeNormal3DPosZ(Lnet/caffeinemc/mods/sodium/api/vertex/buffer/VertexBufferWriter;IIIILorg/spongepowered/asm/mixin/injection/callback/CallbackInfo;)V doesn't use it's CallbackInfo
[22May2025 19:33:50.441] [Render thread/DEBUG] [mixin/]: mixins.iris.compat.sodium.json:MixinCloudRenderer from mod iris->@Inject::changeGeometry2(Lorg/spongepowered/asm/mixin/injection/callback/CallbackInfoReturnable;)V doesn't use it's CallbackInfoReturnable
[22May2025 19:33:50.455] [Render thread/WARN] [net.minecraft.client.renderer.ShaderInstance/]: Shader clouds could not find uniform named ModelViewMat in the specified shader program.
[22May2025 19:33:50.455] [Render thread/WARN] [net.minecraft.client.renderer.ShaderInstance/]: Shader clouds could not find uniform named ProjMat in the specified shader program.
[22May2025 19:33:50.455] [Render thread/WARN] [net.minecraft.client.renderer.ShaderInstance/]: Shader clouds could not find uniform named ColorModulator in the specified shader program.
[22May2025 19:33:50.455] [Render thread/WARN] [net.minecraft.client.renderer.ShaderInstance/]: Shader clouds could not find uniform named FogStart in the specified shader program.
[22May2025 19:33:50.455] [Render thread/WARN] [net.minecraft.client.renderer.ShaderInstance/]: Shader clouds could not find uniform named FogEnd in the specified shader program.
[22May2025 19:33:50.455] [Render thread/WARN] [net.minecraft.client.renderer.ShaderInstance/]: Shader clouds could not find uniform named FogColor in the specified shader program.
[22May2025 19:33:50.467] [Render thread/DEBUG] [mixin/]: Mixing client.compat115plus.InGameOverlayRendererMixin from pehkui.mixins.json into net.minecraft.client.renderer.ScreenEffectRenderer
[22May2025 19:33:50.467] [Render thread/DEBUG] [mixin/]: pehkui.mixins.json:client.compat115plus.InGameOverlayRendererMixin from mod pehkui: Class version 65 required is higher than the class version supported by the current version of Mixin (JAVA_17 supports class version 61)
[22May2025 19:33:50.468] [Render thread/DEBUG] [mixin/]: Mixing MixinScreenEffectRenderer from mixins.iris.json into net.minecraft.client.renderer.ScreenEffectRenderer
[22May2025 19:33:50.468] [Render thread/DEBUG] [mixin/]: mixins.iris.json:MixinScreenEffectRenderer from mod iris: Class version 65 required is higher than the class version supported by the current version of Mixin (JAVA_8 supports class version 52)
[22May2025 19:33:50.468] [Render thread/DEBUG] [mixin/]: mixins.iris.json:MixinScreenEffectRenderer from mod iris->@Inject::iris$disableUnderWaterOverlayRendering(Lnet/minecraft/client/Minecraft;Lcom/mojang/blaze3d/vertex/PoseStack;Lorg/spongepowered/asm/mixin/injection/callback/CallbackInfo;)V does use it's CallbackInfo
[22May2025 19:33:50.478] [Render thread/DEBUG] [mixin/]: Mixing core.render.immediate.consumer.VertexMultiConsumerMixin$DoubleMixin from sodium-common.mixins.json into com.mojang.blaze3d.vertex.VertexMultiConsumer$Double
[22May2025 19:33:50.479] [Render thread/DEBUG] [mixin/]: sodium-common.mixins.json:core.render.immediate.consumer.VertexMultiConsumerMixin$DoubleMixin from mod sodium: Class version 65 required is higher than the class version supported by the current version of Mixin (JAVA_17 supports class version 61)
[22May2025 19:33:50.479] [Render thread/DEBUG] [mixin/]: sodium-common.mixins.json:core.render.immediate.consumer.VertexMultiConsumerMixin$DoubleMixin from mod sodium->@Inject::checkFullStatus(Lorg/spongepowered/asm/mixin/injection/callback/CallbackInfo;)V doesn't use it's CallbackInfo
[22May2025 19:33:50.479] [Render thread/DEBUG] [mixin/]: sodium-common.mixins.json:core.render.immediate.consumer.VertexMultiConsumerMixin$DoubleMixin from mod sodium->@Inject::checkFullStatus(Lorg/spongepowered/asm/mixin/injection/callback/CallbackInfo;)V has 0 override(s) in child classes
[22May2025 19:33:50.480] [Render thread/DEBUG] [mixin/]: sodium-common.mixins.json:core.render.immediate.consumer.VertexMultiConsumerMixin$DoubleMixin from mod sodium->@Inject::checkFullStatus(Lorg/spongepowered/asm/mixin/injection/callback/CallbackInfo;)V won't be passed a CallbackInfo as a result
[22May2025 19:33:50.513] [Render thread/DEBUG] [mezz.jei.common.config.file.ConfigSerializer/]: Skipping loading config file, it was just saved by us: D:\Modding\Simple Incubator\run\config\jei\jei-debug.ini
[22May2025 19:33:50.694] [Render thread/DEBUG] [mixin/]: Mixing MixinRenderRegionArenas from mixins.iris.compat.sodium.json into net.caffeinemc.mods.sodium.client.render.chunk.region.RenderRegion$DeviceResources
[22May2025 19:33:50.694] [Render thread/DEBUG] [mixin/]: mixins.iris.compat.sodium.json:MixinRenderRegionArenas from mod iris: Class version 65 required is higher than the class version supported by the current version of Mixin (JAVA_8 supports class version 52)
[22May2025 19:33:54.445] [Render thread/DEBUG] [mixin/]: Mixing core.render.immediate.consumer.SpriteCoordinateExpanderMixin from sodium-common.mixins.json into net.minecraft.client.renderer.SpriteCoordinateExpander
[22May2025 19:33:54.446] [Render thread/DEBUG] [mixin/]: sodium-common.mixins.json:core.render.immediate.consumer.SpriteCoordinateExpanderMixin from mod sodium: Class version 65 required is higher than the class version supported by the current version of Mixin (JAVA_17 supports class version 61)
[22May2025 19:33:54.448] [Render thread/DEBUG] [mixin/]: sodium-common.mixins.json:core.render.immediate.consumer.SpriteCoordinateExpanderMixin from mod sodium->@Inject::onInit(Lcom/mojang/blaze3d/vertex/VertexConsumer;Lnet/minecraft/client/renderer/texture/TextureAtlasSprite;Lorg/spongepowered/asm/mixin/injection/callback/CallbackInfo;)V doesn't use it's CallbackInfo
[22May2025 19:33:54.448] [Render thread/DEBUG] [mixin/]: sodium-common.mixins.json:core.render.immediate.consumer.SpriteCoordinateExpanderMixin from mod sodium->@Inject::onInit(Lcom/mojang/blaze3d/vertex/VertexConsumer;Lnet/minecraft/client/renderer/texture/TextureAtlasSprite;Lorg/spongepowered/asm/mixin/injection/callback/CallbackInfo;)V has 0 override(s) in child classes
[22May2025 19:33:54.448] [Render thread/DEBUG] [mixin/]: sodium-common.mixins.json:core.render.immediate.consumer.SpriteCoordinateExpanderMixin from mod sodium->@Inject::onInit(Lcom/mojang/blaze3d/vertex/VertexConsumer;Lnet/minecraft/client/renderer/texture/TextureAtlasSprite;Lorg/spongepowered/asm/mixin/injection/callback/CallbackInfo;)V won't be passed a CallbackInfo as a result
[22May2025 19:33:56.195] [Render thread/DEBUG] [mezz.jei.common.config.file.ConfigSerializer/]: Skipping loading config file, it was just saved by us: D:\Modding\Simple Incubator\run\config\jei\jei-client.ini
[22May2025 19:34:16.526] [Server thread/INFO] [net.minecraft.server.MinecraftServer/]: [Dev: 3 entidades mortas]
[22May2025 19:34:16.537] [Render thread/INFO] [net.minecraft.client.gui.components.ChatComponent/]: [System] [CHAT] 3 entidades mortas
[22May2025 19:34:24.534] [Server thread/INFO] [net.minecraft.server.MinecraftServer/]: [Dev: 67 entidades mortas]
[22May2025 19:34:24.539] [Render thread/INFO] [net.minecraft.client.gui.components.ChatComponent/]: [System] [CHAT] 67 entidades mortas
[22May2025 19:34:26.268] [Server thread/INFO] [net.minecraft.server.MinecraftServer/]: [Dev: 155 entidades mortas]
[22May2025 19:34:26.284] [Render thread/INFO] [net.minecraft.client.gui.components.ChatComponent/]: [System] [CHAT] 155 entidades mortas
[22May2025 19:34:28.050] [Server thread/INFO] [net.minecraft.server.MinecraftServer/]: [Dev: 253 entidades mortas]
[22May2025 19:34:28.065] [Render thread/INFO] [net.minecraft.client.gui.components.ChatComponent/]: [System] [CHAT] 253 entidades mortas
[22May2025 19:35:01.993] [Render thread/DEBUG] [mezz.jei.common.config.file.ConfigSerializer/]: Skipping loading config file, it was just saved by us: D:\Modding\Simple Incubator\run\config\jei\jei-mod-id-format.ini
[22May2025 19:35:34.324] [Server thread/INFO] [net.minecraft.server.MinecraftServer/]: [Dev: Dev recebeu 1x [Receptor de Incubação]]
[22May2025 19:35:34.336] [Render thread/INFO] [net.minecraft.client.gui.components.ChatComponent/]: [System] [CHAT] Dev recebeu 1x [Receptor de Incubação]
[22May2025 19:36:23.376] [Server thread/INFO] [net.minecraft.server.MinecraftServer/]: [Dev: Dev recebeu 1x [Módulo de Atualização Mk3]]
[22May2025 19:36:23.392] [Render thread/INFO] [net.minecraft.client.gui.components.ChatComponent/]: [System] [CHAT] Dev recebeu 1x [Módulo de Atualização Mk3]
[22May2025 19:37:56.837] [Server thread/INFO] [net.minecraft.server.MinecraftServer/]: [Dev: O modo de jogo foi definido para Criativo]
[22May2025 19:37:56.846] [Render thread/INFO] [net.minecraft.client.gui.components.ChatComponent/]: [System] [CHAT] O modo de jogo foi definido para Criativo
[22May2025 19:38:14.724] [Server thread/WARN] [mezz.jei.common.network.packets.PacketDeletePlayerItem/]: Player 'literal{Dev} (380df991-f603-344c-a090-369bad2a924a)' tried to delete ItemStack 'translation{key='chat.square_brackets', args=[empty[siblings=[translation{key='block.minecraft.stone_brick_wall', args=[]}]]]}[style={color=white,hoverEvent=TypedHoverEvent[action=<action show_item>, value=net.minecraft.network.chat.HoverEvent$ItemStackInfo@4a1c142a]}]' but is currently holding a different ItemStack 'translation{key='chat.square_brackets', args=[empty[siblings=[translation{key='block.minecraft.air', args=[]}]]]}'.
[22May2025 19:38:17.495] [Server thread/INFO] [net.minecraft.server.MinecraftServer/]: [Dev: O modo de jogo foi definido para Sobrevivência]
[22May2025 19:38:17.505] [Render thread/INFO] [net.minecraft.client.gui.components.ChatComponent/]: [System] [CHAT] O modo de jogo foi definido para Sobrevivência
[22May2025 19:38:32.218] [Render thread/INFO] [net.minecraft.advancements.AdvancementTree/]: Loaded 307 advancements
[22May2025 19:38:45.618] [Server thread/DEBUG] [net.neoforged.neoforge.common.CommonHooks/WP]: Gathered mod list to write to world save Super Plano
[22May2025 19:41:20.625] [Render thread/INFO] [net.minecraft.advancements.AdvancementTree/]: Loaded 307 advancements
[22May2025 19:43:04.807] [Server thread/INFO] [net.minecraft.client.server.IntegratedServer/]: Saving and pausing game...
[22May2025 19:43:04.826] [Server thread/INFO] [net.minecraft.server.MinecraftServer/]: Saving chunks for level 'ServerLevel[Super Plano]'/minecraft:overworld
[22May2025 19:43:04.843] [Server thread/INFO] [net.minecraft.server.MinecraftServer/]: Saving chunks for level 'ServerLevel[Super Plano]'/minecraft:the_end
[22May2025 19:43:04.843] [Server thread/INFO] [net.minecraft.server.MinecraftServer/]: Saving chunks for level 'ServerLevel[Super Plano]'/minecraft:the_nether
[22May2025 19:43:04.844] [Server thread/DEBUG] [net.neoforged.neoforge.common.CommonHooks/WP]: Gathered mod list to write to world save Super Plano
[22May2025 19:43:06.915] [Render thread/INFO] [mezz.jei.neoforge.startup.StartEventObserver/]: JEI StartEventObserver received class net.neoforged.neoforge.client.event.ClientPlayerNetworkEvent$LoggingOut
[22May2025 19:43:06.916] [Render thread/INFO] [mezz.jei.neoforge.startup.StartEventObserver/]: JEI StartEventObserver transitioning state from JEI_STARTED to LISTENING
[22May2025 19:43:06.916] [Render thread/INFO] [mezz.jei.library.startup.JeiStarter/]: Stopping JEI
[22May2025 19:43:06.916] [Render thread/INFO] [mezz.jei.library.load.PluginCaller/]: Sending Runtime Unavailable...
[22May2025 19:43:06.917] [Render thread/DEBUG] [mezz.jei.library.load.PluginCallerTimerRunnable/]: Sending Runtime Unavailable: jei:minecraft...
[22May2025 19:43:06.917] [Render thread/DEBUG] [mezz.jei.library.load.PluginCallerTimerRunnable/]: Sending Runtime Unavailable: industrialforegoing:default...
[22May2025 19:43:06.917] [Render thread/DEBUG] [mezz.jei.library.load.PluginCallerTimerRunnable/]: Sending Runtime Unavailable: enderio:conduits...
[22May2025 19:43:06.917] [Render thread/DEBUG] [mezz.jei.library.load.PluginCallerTimerRunnable/]: Sending Runtime Unavailable: titanium:default...
[22May2025 19:43:06.917] [Render thread/DEBUG] [mezz.jei.library.load.PluginCallerTimerRunnable/]: Sending Runtime Unavailable: jade:main...
[22May2025 19:43:06.917] [Render thread/DEBUG] [mezz.jei.library.load.PluginCallerTimerRunnable/]: Sending Runtime Unavailable: jei:neoforge_gui...
[22May2025 19:43:06.917] [Render thread/INFO] [mezz.jei.neoforge.plugins.neoforge.NeoForgeGuiPlugin/]: Stopping JEI GUI
[22May2025 19:43:06.920] [Render thread/DEBUG] [mezz.jei.library.load.PluginCallerTimerRunnable/]: Sending Runtime Unavailable: jei:debug...
[22May2025 19:43:06.920] [Render thread/DEBUG] [mezz.jei.library.load.PluginCallerTimerRunnable/]: Sending Runtime Unavailable: jei:gui...
[22May2025 19:43:06.921] [Render thread/DEBUG] [mezz.jei.library.load.PluginCallerTimerRunnable/]: Sending Runtime Unavailable: enderio:base...
[22May2025 19:43:06.921] [Render thread/DEBUG] [mezz.jei.library.load.PluginCallerTimerRunnable/]: Sending Runtime Unavailable: mekanism:jei_plugin...
[22May2025 19:43:06.921] [Render thread/DEBUG] [mezz.jei.library.load.PluginCallerTimerRunnable/]: Sending Runtime Unavailable: mekanismgenerators:jei_plugin...
[22May2025 19:43:06.921] [Render thread/DEBUG] [mezz.jei.library.load.PluginCallerTimerRunnable/]: Sending Runtime Unavailable: justdirethings:jei_plugin...
[22May2025 19:43:06.921] [Render thread/DEBUG] [mezz.jei.library.load.PluginCallerTimerRunnable/]: Sending Runtime Unavailable: enderio:machines...
[22May2025 19:43:06.921] [Render thread/DEBUG] [mezz.jei.library.load.PluginCallerTimerRunnable/]: Sending Runtime Unavailable: jei:internal...
[22May2025 19:43:06.921] [Render thread/INFO] [mezz.jei.library.load.PluginCaller/]: Sending Runtime Unavailable took 4.098 ms
[22May2025 19:43:06.970] [Server thread/INFO] [net.minecraft.server.network.ServerGamePacketListenerImpl/]: Dev lost connection: Desconectado
[22May2025 19:43:06.970] [Server thread/INFO] [net.minecraft.server.MinecraftServer/]: Dev saiu do jogo
[22May2025 19:43:06.986] [Server thread/INFO] [net.minecraft.server.network.ServerCommonPacketListenerImpl/]: Stopping singleplayer server as player logged out
[22May2025 19:43:07.008] [Server thread/INFO] [net.minecraft.server.MinecraftServer/]: Stopping server
[22May2025 19:43:07.010] [Server thread/INFO] [net.minecraft.server.MinecraftServer/]: Saving players
[22May2025 19:43:07.010] [Server thread/INFO] [net.minecraft.server.MinecraftServer/]: Saving worlds
[22May2025 19:43:07.104] [Server thread/INFO] [net.minecraft.server.MinecraftServer/]: Saving chunks for level 'ServerLevel[Super Plano]'/minecraft:overworld
[22May2025 19:43:07.173] [Server thread/INFO] [net.minecraft.server.MinecraftServer/]: Saving chunks for level 'ServerLevel[Super Plano]'/minecraft:the_end
[22May2025 19:43:07.184] [Server thread/INFO] [net.minecraft.server.MinecraftServer/]: Saving chunks for level 'ServerLevel[Super Plano]'/minecraft:the_nether
[22May2025 19:43:07.195] [Server thread/DEBUG] [net.neoforged.neoforge.common.CommonHooks/WP]: Gathered mod list to write to world save Super Plano
[22May2025 19:43:07.201] [Server thread/INFO] [net.minecraft.server.MinecraftServer/]: ThreadedAnvilChunkStorage (Super Plano): All chunks are saved
[22May2025 19:43:07.202] [Server thread/INFO] [net.minecraft.server.MinecraftServer/]: ThreadedAnvilChunkStorage (DIM1): All chunks are saved
[22May2025 19:43:07.202] [Server thread/INFO] [net.minecraft.server.MinecraftServer/]: ThreadedAnvilChunkStorage (DIM-1): All chunks are saved
[22May2025 19:43:07.202] [Server thread/INFO] [net.minecraft.server.MinecraftServer/]: ThreadedAnvilChunkStorage: All dimensions are saved
[22May2025 19:43:07.244] [Server thread/DEBUG] [net.neoforged.fml.config.ConfigTracker/CONFIG]: Unloading configs type SERVER
[22May2025 19:43:07.261] [Render thread/INFO] [ChunkBuilder/]: Stopping worker threads
[22May2025 19:43:07.699] [Render thread/INFO] [net.minecraft.client.Minecraft/]: Stopping!
