[22May2025 19:33:15.353] [main/INFO] [cpw.mods.modlauncher.Launcher/MODLAUNCHER]: ModLauncher running: args [--launchTarget, forgeclientdev, --version, 21.1.172, --assetIndex, 17, --assetsDir, C:\\Users\\Rodrigo\\.mcreator\\gradle\\caches\\neoformruntime\\assets, --gameDir, ., --fml.fmlVersion, 4.0.39, --fml.mcVersion, 1.21.1, --fml.neoForgeVersion, 21.1.172, --fml.neoFormVersion, 20240808.144430]
[22May2025 19:33:15.357] [main/INFO] [cpw.mods.modlauncher.Launcher/MODLAUNCHER]: JVM identified as Eclipse Adoptium OpenJDK 64-Bit Server VM 21.0.4+7-LTS
[22May2025 19:33:15.358] [main/INFO] [cpw.mods.modlauncher.Launcher/MODLAUNCHER]: ModLauncher 11.0.4+main.d2e20e43 starting: java version 21.0.4 by Eclipse Adoptium; OS Windows 11 arch amd64 version 10.0
[22May2025 19:33:15.486] [main/WARN] [net.neoforged.fml.loading.FMLConfig/CORE]: Configuration file D:\Modding\Simple Incubator\run\config\fml.toml is not correct. Correcting
[22May2025 19:33:15.567] [main/INFO] [net.neoforged.fml.loading.ImmediateWindowHandler/]: Loading ImmediateWindowProvider fmlearlywindow
[22May2025 19:33:15.679] [main/INFO] [EARLYDISPLAY/]: Trying GL version 4.6
[22May2025 19:33:15.838] [main/INFO] [EARLYDISPLAY/]: Requested GL version 4.6 got version 4.6
[22May2025 19:33:15.945] [main/INFO] [mixin/]: SpongePowered MIXIN Subsystem Version=0.8.7 Source=union:/C:/Users/Rodrigo/.mcreator/gradle/caches/modules-2/files-2.1/net.fabricmc/sponge-mixin/0.15.2+mixin.0.8.7/2af2f021d8e02a0220dc27a7a72b4666d66d44ca/sponge-mixin-0.15.2+mixin.0.8.7.jar%23138!/ Service=ModLauncher Env=CLIENT
[22May2025 19:33:16.029] [main/WARN] [net.neoforged.fml.loading.FMLConfig/CORE]: Configuration file D:\Modding\Simple Incubator\run\config\fml.toml is not correct. Correcting
[22May2025 19:33:16.146] [pool-2-thread-1/INFO] [EARLYDISPLAY/]: GL info: AMD Radeon RX 6600 XT GL version 4.6.0 Core Profile Context 25.5.1.250417, ATI Technologies Inc.
[22May2025 19:33:16.545] [main/INFO] [net.neoforged.fml.loading.moddiscovery.locators.JarInJarDependencyLocator/]: Found 17 dependencies adding them to mods collection
[22May2025 19:33:16.547] [main/INFO] [net.neoforged.fml.loading.moddiscovery.ModDiscoverer/]: 
     Mod List:
		Name Version (Mod Id)

		Better Advancements 0.4.3.21 (betteradvancements)
		Ender Core 7.1.8-alpha (endercore)
		Ender IO 7.1.8-alpha (enderio)
		Ender IO Armory 7.1.8-alpha (enderio_armory)
		Ender IO Base 7.1.8-alpha (enderio_base)
		Ender IO Conduits 7.1.8-alpha (enderio_conduits)
		Ender IO Machines 7.1.8-alpha (enderio_machines)
		Ender IO Modded Conduits 7.1.8-alpha (enderio_conduits_modded)
		Forgified Fabric API Base 0.4.42+d1308ded19 (fabric_api_base)
		Forgified Fabric BlockView API (v2) 1.0.10+9afaaf8c19 (fabric_block_view_api_v2)
		Forgified Fabric Renderer API (v1) 3.4.0+acb05a3919 (fabric_renderer_api_v1)
		Forgified Fabric Rendering Data Attachment (v1) 0.3.48+73761d2e19 (fabric_rendering_data_attachment_v1)
		GeckoLib 4 4.7.3 (geckolib)
		Industrial Foregoing 1.21-3.6.29 (industrialforegoing)
		Iris 1.8.6+mc1.21.1 (iris)
		Jade 15.9.2+neoforge (jade)
		Just Dire Things 1.5.5 (justdirethings)
		Just Enough Items 19.21.0.247 (jei)
		Kleiders Custom Renderer 7.2.0 (kleiders_custom_renderer)
		Mekanism 10.7.7 (mekanism)
		Mekanism: Generators 10.7.7 (mekanismgenerators)
		Minecraft 1.21.1 (minecraft)
		NeoForge 21.1.172 (neoforge)
		Pehkui 3.8.3+1.21-neoforge (pehkui)
		Player Animator 2.0.1+1.21.1 (playeranimator)
		Simple Incubator 1.1 (simple_incubator)
		Sodium 0.6.1+mc1.21.1 (sodium)
		Sodium Extra 0.6.0+mc1.21.1 (sodium_extra)
		Titanium 4.0.37 (titanium)
[22May2025 19:33:17.770] [main/INFO] [mixin/]: Compatibility level set to JAVA_21
[22May2025 19:33:17.831] [main/INFO] [cpw.mods.modlauncher.LaunchServiceHandler/MODLAUNCHER]: Launching target 'forgeclientdev' with arguments [--version, 21.1.172, --gameDir, ., --assetsDir, C:\Users\Rodrigo\.mcreator\gradle\caches\neoformruntime\assets, --assetIndex, 17]
[22May2025 19:33:17.983] [main/INFO] [Sodium Extra Config/]: Loaded configuration file for Sodium Extra: 36 options available, 0 override(s) found
[22May2025 19:33:17.984] [main/WARN] [mixin/]: Reference map 'sodium-extra.refmap.json' for sodium-extra.mixins.json could not be read. If this is a development environment you can ignore this message
[22May2025 19:33:17.985] [main/WARN] [mixin/]: Reference map 'geckolib.refmap.json' for geckolib.mixins.json could not be read. If this is a development environment you can ignore this message
[22May2025 19:33:17.994] [main/WARN] [mixin/]: Reference map 'iris.refmap.json' for mixins.iris.json could not be read. If this is a development environment you can ignore this message
[22May2025 19:33:17.995] [main/WARN] [mixin/]: Reference map 'iris.refmap.json' for mixins.iris.fantastic.json could not be read. If this is a development environment you can ignore this message
[22May2025 19:33:17.995] [main/WARN] [mixin/]: Reference map 'iris.refmap.json' for mixins.iris.vertexformat.json could not be read. If this is a development environment you can ignore this message
[22May2025 19:33:17.996] [main/WARN] [mixin/]: Reference map 'iris.refmap.json' for iris-batched-entity-rendering.mixins.json could not be read. If this is a development environment you can ignore this message
[22May2025 19:33:17.996] [main/WARN] [mixin/]: Reference map 'iris.refmap.json' for mixins.iris.compat.sodium.json could not be read. If this is a development environment you can ignore this message
[22May2025 19:33:18.008] [main/INFO] [Sodium/]: Loaded configuration file for Sodium: 43 options available, 1 override(s) found
[22May2025 19:33:18.009] [main/WARN] [mixin/]: Reference map 'mixins.justdirethings.refmap.json' for mixins.justdirethings.json could not be read. If this is a development environment you can ignore this message
[22May2025 19:33:18.718] [main/WARN] [mixin/]: Error loading class: com/portingdeadmods/cable_facades/events/GameClientEvents$2 (java.lang.ClassNotFoundException: com.portingdeadmods.cable_facades.events.GameClientEvents$2)
[22May2025 19:33:18.724] [main/WARN] [mixin/]: Error loading class: blusunrize/immersiveengineering/client/utils/IEGLShaders (java.lang.ClassNotFoundException: blusunrize.immersiveengineering.client.utils.IEGLShaders)
[22May2025 19:33:18.736] [main/WARN] [Sodium/]: Force-disabling mixin 'features.render.world.sky.FogRendererMixin' as rule 'mixin.features.render.world.sky' (added by mods [iris]) disables it and children
[22May2025 19:33:18.737] [main/WARN] [Sodium/]: Force-disabling mixin 'features.render.world.sky.ClientLevelMixin' as rule 'mixin.features.render.world.sky' (added by mods [iris]) disables it and children
[22May2025 19:33:18.737] [main/WARN] [Sodium/]: Force-disabling mixin 'features.render.world.sky.LevelRendererMixin' as rule 'mixin.features.render.world.sky' (added by mods [iris]) disables it and children
[22May2025 19:33:18.866] [main/INFO] [MixinExtras|Service/]: Initializing MixinExtras via com.llamalad7.mixinextras.service.MixinExtrasServiceImpl(version=0.4.1).
[22May2025 19:33:20.951] [Datafixer Bootstrap/INFO] [com.mojang.datafixers.DataFixerBuilder/]: 229 Datafixer optimizations took 440 milliseconds
[22May2025 19:33:21.108] [main/WARN] [oshi.driver.windows.perfmon.PerfmonDisabled/]: Invalid registry value type detected for PerfOS counters. Should be REG_DWORD. Ignoring: HKEY_LOCAL_MACHINE\SYSTEM\CurrentControlSet\Services\PerfOS\Performance\Disable Performance Counters.
[22May2025 19:33:26.694] [main/WARN] [net.minecraft.commands.Commands/]: Ambiguity between arguments [teleport, location] and [teleport, destination] with inputs: [0.1 -0.5 .9, 0 0 0]
[22May2025 19:33:26.694] [main/WARN] [net.minecraft.commands.Commands/]: Ambiguity between arguments [teleport, location] and [teleport, targets] with inputs: [0.1 -0.5 .9, 0 0 0]
[22May2025 19:33:26.696] [main/WARN] [net.minecraft.commands.Commands/]: Ambiguity between arguments [teleport, destination] and [teleport, targets] with inputs: [Player, 0123, @e, dd12be42-52a9-4a91-a8a1-11c01849e498]
[22May2025 19:33:26.697] [main/WARN] [net.minecraft.commands.Commands/]: Ambiguity between arguments [teleport, targets] and [teleport, destination] with inputs: [Player, 0123, dd12be42-52a9-4a91-a8a1-11c01849e498]
[22May2025 19:33:26.697] [main/WARN] [net.minecraft.commands.Commands/]: Ambiguity between arguments [teleport, targets, location] and [teleport, targets, destination] with inputs: [0.1 -0.5 .9, 0 0 0]
[22May2025 19:33:26.851] [Render thread/WARN] [net.minecraft.server.packs.VanillaPackResourcesBuilder/]: Assets URL 'union:/D:/Modding/Simple%20Incubator/build/moddev/artifacts/neoforge-21.1.172-minecraft.jar%23205!/assets/.mcassetsroot' uses unexpected schema
[22May2025 19:33:26.851] [Render thread/WARN] [net.minecraft.server.packs.VanillaPackResourcesBuilder/]: Assets URL 'union:/D:/Modding/Simple%20Incubator/build/moddev/artifacts/neoforge-21.1.172-minecraft.jar%23205!/data/.mcassetsroot' uses unexpected schema
[22May2025 19:33:26.885] [Render thread/INFO] [com.mojang.authlib.yggdrasil.YggdrasilAuthenticationService/]: Environment: Environment[sessionHost=https://sessionserver.mojang.com, servicesHost=https://api.minecraftservices.com, name=PROD]
[22May2025 19:33:26.893] [Render thread/INFO] [net.minecraft.client.Minecraft/]: Setting user: Dev
[22May2025 19:33:27.001] [Render thread/INFO] [net.minecraft.client.Minecraft/]: Backend library: LWJGL version 3.3.3+5
[22May2025 19:33:27.040] [Render thread/INFO] [com.mojang.blaze3d.platform.Window/]: OpenGL Vendor: ATI Technologies Inc.
[22May2025 19:33:27.040] [Render thread/INFO] [com.mojang.blaze3d.platform.Window/]: OpenGL Renderer: AMD Radeon RX 6600 XT
[22May2025 19:33:27.040] [Render thread/INFO] [com.mojang.blaze3d.platform.Window/]: OpenGL Version: 4.6.0 Core Profile Context 25.5.1.250417
[22May2025 19:33:27.202] [Render thread/INFO] [Iris/]: Debug functionality is disabled.
[22May2025 19:33:27.207] [Render thread/INFO] [Iris/]: OpenGL 4.5 detected, enabling DSA.
[22May2025 19:33:27.549] [Render thread/INFO] [Iris/]: Profile: Custom (+32 options changed by user)
[22May2025 19:33:28.081] [Render thread/INFO] [Iris/]: Using shaderpack: ComplementaryReimagined_r5.4.zip
[22May2025 19:33:28.145] [ForkJoinPool.commonPool-worker-7/WARN] [Iris/]: [Iris Update Check] This version doesn't have an update index, skipping.
[22May2025 19:33:28.212] [modloading-worker-0/INFO] [PluginManager/]: Scanning classes for industrialforegoing
[22May2025 19:33:28.212] [modloading-worker-0/INFO] [PluginManager/]: Scanning classes for titanium
[22May2025 19:33:28.316] [modloading-worker-0/INFO] [net.neoforged.neoforge.common.NeoForgeMod/NEOFORGE-MOD]: NeoForge mod loading, version 21.1.172, for MC 1.21.1
[22May2025 19:33:28.789] [modloading-worker-0/INFO] [mezz.jei.library.load.PluginCaller/]: Sending ConfigManager...
[22May2025 19:33:28.802] [modloading-worker-0/INFO] [mezz.jei.library.load.PluginCaller/]: Sending ConfigManager took 6.068 ms
[22May2025 19:33:31.309] [Render thread/INFO] [Iris/]: Hardware information:
[22May2025 19:33:31.309] [Render thread/INFO] [Iris/]: CPU: 16x AMD Ryzen 7 5800X 8-Core Processor 
[22May2025 19:33:31.309] [Render thread/INFO] [Iris/]: GPU: AMD Radeon RX 6600 XT (Supports OpenGL 4.6.0 Core Profile Context 25.5.1.250417)
[22May2025 19:33:31.309] [Render thread/INFO] [Iris/]: OS: Windows 11 (10.0)
[22May2025 19:33:31.550] [Render thread/INFO] [net.neoforged.neoforge.gametest.GameTestHooks/]: Enabled Gametest Namespaces: []
[22May2025 19:33:31.999] [Render thread/INFO] [net.minecraft.server.packs.resources.ReloadableResourceManager/]: Reloading ResourceManager: vanilla, mod_resources, mod/sodium, mod/industrialforegoing, mod/fabric_api_base, mod/fabric_renderer_api_v1, mod/enderio_conduits, mod/titanium, mod/sodium_extra, mod/jade, mod/geckolib, mod/playeranimator, mod/jei, mod/enderio_armory, mod/pehkui, mod/enderio_base, mod/mekanism, mod/enderio, mod/endercore, mod/neoforge, mod/kleiders_custom_renderer, mod/fabric_block_view_api_v2, mod/iris, mod/enderio_conduits_modded, mod/mekanismgenerators, mod/fabric_rendering_data_attachment_v1, mod/justdirethings, mod/enderio_machines, mod/simple_incubator, mod/betteradvancements, file/Leon's Spawneggs Backport.zip
[22May2025 19:33:32.019] [Worker-Main-6/INFO] [mekanism.common.Mekanism/]: Version 10.7.7 initializing...
[22May2025 19:33:32.034] [Worker-Main-6/INFO] [mekanism.common.Mekanism/]: Initialized HolidayManager.
[22May2025 19:33:32.113] [Worker-Main-6/INFO] [mekanism.common.Mekanism/]: Fake player readout: UUID = 46e82cd0-d480-3d48-800a-77431ede078e, name = [Mekanism]
[22May2025 19:33:32.113] [Worker-Main-6/INFO] [mekanism.common.Mekanism/]: Mod loaded.
[22May2025 19:33:32.114] [Worker-Main-6/INFO] [mekanism.common.Mekanism/]: Loaded 'Mekanism: Generators' module.
[22May2025 19:33:32.175] [Worker-Main-10/INFO] [net.minecraft.client.gui.font.providers.UnihexProvider/]: Found unifont_jp_patch-15.1.05.hex, loading
[22May2025 19:33:32.175] [Worker-Main-4/INFO] [net.minecraft.client.gui.font.providers.UnihexProvider/]: Found unifont_all_no_pua-15.1.05.hex, loading
[22May2025 19:33:32.220] [Worker-Main-6/ERROR] [net.minecraft.client.resources.model.ModelManager/]: Failed to load model enderio:models/block/athena/advanced_capacitor_bank_part.json
com.google.gson.JsonParseException: Model loader 'athena:athena' not found. Registered loaders: mekanism:transmitter, mekanism:energy_cube, endercore:modloaded, neoforge:empty, enderio:conduit_item, enderio:conduit, enderio:facades_item, neoforge:item_layers, enderio:painted_block, neoforge:separate_transforms, enderio:io_overlay, mekanism:data_based, mekanism:robit, neoforge:elements, neoforge:obj, neoforge:fluid_container, neoforge:composite
	at TRANSFORMER/neoforge@21.1.172/net.neoforged.neoforge.client.model.ExtendedBlockModelDeserializer.deserializeGeometry(ExtendedBlockModelDeserializer.java:102) ~[neoforge-21.1.172-minecraft.jar%23206!/:?]
	at TRANSFORMER/neoforge@21.1.172/net.neoforged.neoforge.client.model.ExtendedBlockModelDeserializer.deserialize(ExtendedBlockModelDeserializer.java:53) ~[neoforge-21.1.172-minecraft.jar%23206!/:?]
	at TRANSFORMER/neoforge@21.1.172/net.neoforged.neoforge.client.model.ExtendedBlockModelDeserializer.deserialize(ExtendedBlockModelDeserializer.java:37) ~[neoforge-21.1.172-minecraft.jar%23206!/:?]
	at MC-BOOTSTRAP/com.google.gson@2.10.1/com.google.gson.internal.bind.TreeTypeAdapter.read(TreeTypeAdapter.java:76) ~[gson-2.10.1.jar%23110!/:?]
	at TRANSFORMER/minecraft@1.21.1/net.minecraft.util.GsonHelper.fromNullableJson(GsonHelper.java:432) ~[neoforge-21.1.172-minecraft.jar%23205!/:?]
	at TRANSFORMER/minecraft@1.21.1/net.minecraft.util.GsonHelper.fromJson(GsonHelper.java:439) ~[neoforge-21.1.172-minecraft.jar%23205!/:?]
	at TRANSFORMER/minecraft@1.21.1/net.minecraft.util.GsonHelper.fromJson(GsonHelper.java:491) ~[neoforge-21.1.172-minecraft.jar%23205!/:?]
	at TRANSFORMER/minecraft@1.21.1/net.minecraft.client.renderer.block.model.BlockModel.fromStream(BlockModel.java:83) ~[neoforge-21.1.172-minecraft.jar%23205!/:?]
	at TRANSFORMER/minecraft@1.21.1/net.minecraft.client.resources.model.ModelManager.lambda$loadBlockModels$8(ModelManager.java:144) ~[neoforge-21.1.172-minecraft.jar%23205!/:?]
	at java.base/java.util.concurrent.CompletableFuture$AsyncSupply.run(CompletableFuture.java:1768) [?:?]
	at java.base/java.util.concurrent.CompletableFuture$AsyncSupply.exec(CompletableFuture.java:1760) [?:?]
	at java.base/java.util.concurrent.ForkJoinTask.doExec(ForkJoinTask.java:387) [?:?]
	at java.base/java.util.concurrent.ForkJoinPool$WorkQueue.topLevelExec(ForkJoinPool.java:1312) [?:?]
	at java.base/java.util.concurrent.ForkJoinPool.scan(ForkJoinPool.java:1843) [?:?]
	at java.base/java.util.concurrent.ForkJoinPool.runWorker(ForkJoinPool.java:1808) [?:?]
	at java.base/java.util.concurrent.ForkJoinWorkerThread.run(ForkJoinWorkerThread.java:188) [?:?]
[22May2025 19:33:32.223] [Worker-Main-6/ERROR] [net.minecraft.client.resources.model.ModelManager/]: Failed to load model enderio:models/block/athena/basic_capacitor_bank_part.json
com.google.gson.JsonParseException: Model loader 'athena:athena' not found. Registered loaders: mekanism:transmitter, mekanism:energy_cube, endercore:modloaded, neoforge:empty, enderio:conduit_item, enderio:conduit, enderio:facades_item, neoforge:item_layers, enderio:painted_block, neoforge:separate_transforms, enderio:io_overlay, mekanism:data_based, mekanism:robit, neoforge:elements, neoforge:obj, neoforge:fluid_container, neoforge:composite
	at TRANSFORMER/neoforge@21.1.172/net.neoforged.neoforge.client.model.ExtendedBlockModelDeserializer.deserializeGeometry(ExtendedBlockModelDeserializer.java:102) ~[neoforge-21.1.172-minecraft.jar%23206!/:?]
	at TRANSFORMER/neoforge@21.1.172/net.neoforged.neoforge.client.model.ExtendedBlockModelDeserializer.deserialize(ExtendedBlockModelDeserializer.java:53) ~[neoforge-21.1.172-minecraft.jar%23206!/:?]
	at TRANSFORMER/neoforge@21.1.172/net.neoforged.neoforge.client.model.ExtendedBlockModelDeserializer.deserialize(ExtendedBlockModelDeserializer.java:37) ~[neoforge-21.1.172-minecraft.jar%23206!/:?]
	at MC-BOOTSTRAP/com.google.gson@2.10.1/com.google.gson.internal.bind.TreeTypeAdapter.read(TreeTypeAdapter.java:76) ~[gson-2.10.1.jar%23110!/:?]
	at TRANSFORMER/minecraft@1.21.1/net.minecraft.util.GsonHelper.fromNullableJson(GsonHelper.java:432) ~[neoforge-21.1.172-minecraft.jar%23205!/:?]
	at TRANSFORMER/minecraft@1.21.1/net.minecraft.util.GsonHelper.fromJson(GsonHelper.java:439) ~[neoforge-21.1.172-minecraft.jar%23205!/:?]
	at TRANSFORMER/minecraft@1.21.1/net.minecraft.util.GsonHelper.fromJson(GsonHelper.java:491) ~[neoforge-21.1.172-minecraft.jar%23205!/:?]
	at TRANSFORMER/minecraft@1.21.1/net.minecraft.client.renderer.block.model.BlockModel.fromStream(BlockModel.java:83) ~[neoforge-21.1.172-minecraft.jar%23205!/:?]
	at TRANSFORMER/minecraft@1.21.1/net.minecraft.client.resources.model.ModelManager.lambda$loadBlockModels$8(ModelManager.java:144) ~[neoforge-21.1.172-minecraft.jar%23205!/:?]
	at java.base/java.util.concurrent.CompletableFuture$AsyncSupply.run(CompletableFuture.java:1768) [?:?]
	at java.base/java.util.concurrent.CompletableFuture$AsyncSupply.exec(CompletableFuture.java:1760) [?:?]
	at java.base/java.util.concurrent.ForkJoinTask.doExec(ForkJoinTask.java:387) [?:?]
	at java.base/java.util.concurrent.ForkJoinPool$WorkQueue.topLevelExec(ForkJoinPool.java:1312) [?:?]
	at java.base/java.util.concurrent.ForkJoinPool.scan(ForkJoinPool.java:1843) [?:?]
	at java.base/java.util.concurrent.ForkJoinPool.runWorker(ForkJoinPool.java:1808) [?:?]
	at java.base/java.util.concurrent.ForkJoinWorkerThread.run(ForkJoinWorkerThread.java:188) [?:?]
[22May2025 19:33:32.225] [Worker-Main-6/ERROR] [net.minecraft.client.resources.model.ModelManager/]: Failed to load model enderio:models/block/athena/vibrant_capacitor_bank_part.json
com.google.gson.JsonParseException: Model loader 'athena:athena' not found. Registered loaders: mekanism:transmitter, mekanism:energy_cube, endercore:modloaded, neoforge:empty, enderio:conduit_item, enderio:conduit, enderio:facades_item, neoforge:item_layers, enderio:painted_block, neoforge:separate_transforms, enderio:io_overlay, mekanism:data_based, mekanism:robit, neoforge:elements, neoforge:obj, neoforge:fluid_container, neoforge:composite
	at TRANSFORMER/neoforge@21.1.172/net.neoforged.neoforge.client.model.ExtendedBlockModelDeserializer.deserializeGeometry(ExtendedBlockModelDeserializer.java:102) ~[neoforge-21.1.172-minecraft.jar%23206!/:?]
	at TRANSFORMER/neoforge@21.1.172/net.neoforged.neoforge.client.model.ExtendedBlockModelDeserializer.deserialize(ExtendedBlockModelDeserializer.java:53) ~[neoforge-21.1.172-minecraft.jar%23206!/:?]
	at TRANSFORMER/neoforge@21.1.172/net.neoforged.neoforge.client.model.ExtendedBlockModelDeserializer.deserialize(ExtendedBlockModelDeserializer.java:37) ~[neoforge-21.1.172-minecraft.jar%23206!/:?]
	at MC-BOOTSTRAP/com.google.gson@2.10.1/com.google.gson.internal.bind.TreeTypeAdapter.read(TreeTypeAdapter.java:76) ~[gson-2.10.1.jar%23110!/:?]
	at TRANSFORMER/minecraft@1.21.1/net.minecraft.util.GsonHelper.fromNullableJson(GsonHelper.java:432) ~[neoforge-21.1.172-minecraft.jar%23205!/:?]
	at TRANSFORMER/minecraft@1.21.1/net.minecraft.util.GsonHelper.fromJson(GsonHelper.java:439) ~[neoforge-21.1.172-minecraft.jar%23205!/:?]
	at TRANSFORMER/minecraft@1.21.1/net.minecraft.util.GsonHelper.fromJson(GsonHelper.java:491) ~[neoforge-21.1.172-minecraft.jar%23205!/:?]
	at TRANSFORMER/minecraft@1.21.1/net.minecraft.client.renderer.block.model.BlockModel.fromStream(BlockModel.java:83) ~[neoforge-21.1.172-minecraft.jar%23205!/:?]
	at TRANSFORMER/minecraft@1.21.1/net.minecraft.client.resources.model.ModelManager.lambda$loadBlockModels$8(ModelManager.java:144) ~[neoforge-21.1.172-minecraft.jar%23205!/:?]
	at java.base/java.util.concurrent.CompletableFuture$AsyncSupply.run(CompletableFuture.java:1768) [?:?]
	at java.base/java.util.concurrent.CompletableFuture$AsyncSupply.exec(CompletableFuture.java:1760) [?:?]
	at java.base/java.util.concurrent.ForkJoinTask.doExec(ForkJoinTask.java:387) [?:?]
	at java.base/java.util.concurrent.ForkJoinPool$WorkQueue.topLevelExec(ForkJoinPool.java:1312) [?:?]
	at java.base/java.util.concurrent.ForkJoinPool.scan(ForkJoinPool.java:1843) [?:?]
	at java.base/java.util.concurrent.ForkJoinPool.runWorker(ForkJoinPool.java:1808) [?:?]
	at java.base/java.util.concurrent.ForkJoinWorkerThread.run(ForkJoinWorkerThread.java:188) [?:?]
[22May2025 19:33:32.448] [Worker-Main-13/WARN] [net.minecraft.client.renderer.texture.SpriteContents/]: Unused frames in sprite enderio:block/primitive_alloy_smelter_front_active: [4, 5]
[22May2025 19:33:32.576] [Worker-Main-5/WARN] [net.minecraft.client.renderer.texture.SpriteContents/]: Unused frames in sprite enderio:block/alloy_smelter_front_active: [4, 5]
[22May2025 19:33:32.634] [Worker-Main-3/WARN] [net.minecraft.client.renderer.texture.SpriteContents/]: Unused frames in sprite justdirethings:item/creaturecatcher_side_animation: [8]
[22May2025 19:33:32.658] [Worker-Main-14/WARN] [net.minecraft.client.renderer.texture.SpriteContents/]: Unused frames in sprite justdirethings:item/creaturecatcher_top_animation: [8]
[22May2025 19:33:33.090] [Worker-Main-6/WARN] [net.minecraft.client.resources.model.BlockStateModelLoader/]: Exception loading blockstate definition: 'industrialforegoing:blockstates/latex.json' missing model for variant: 'industrialforegoing:latex#level=12'
[22May2025 19:33:33.090] [Worker-Main-6/WARN] [net.minecraft.client.resources.model.BlockStateModelLoader/]: Exception loading blockstate definition: 'industrialforegoing:blockstates/latex.json' missing model for variant: 'industrialforegoing:latex#level=11'
[22May2025 19:33:33.090] [Worker-Main-6/WARN] [net.minecraft.client.resources.model.BlockStateModelLoader/]: Exception loading blockstate definition: 'industrialforegoing:blockstates/latex.json' missing model for variant: 'industrialforegoing:latex#level=14'
[22May2025 19:33:33.090] [Worker-Main-6/WARN] [net.minecraft.client.resources.model.BlockStateModelLoader/]: Exception loading blockstate definition: 'industrialforegoing:blockstates/latex.json' missing model for variant: 'industrialforegoing:latex#level=13'
[22May2025 19:33:33.090] [Worker-Main-6/WARN] [net.minecraft.client.resources.model.BlockStateModelLoader/]: Exception loading blockstate definition: 'industrialforegoing:blockstates/latex.json' missing model for variant: 'industrialforegoing:latex#level=6'
[22May2025 19:33:33.090] [Worker-Main-6/WARN] [net.minecraft.client.resources.model.BlockStateModelLoader/]: Exception loading blockstate definition: 'industrialforegoing:blockstates/latex.json' missing model for variant: 'industrialforegoing:latex#level=7'
[22May2025 19:33:33.090] [Worker-Main-6/WARN] [net.minecraft.client.resources.model.BlockStateModelLoader/]: Exception loading blockstate definition: 'industrialforegoing:blockstates/latex.json' missing model for variant: 'industrialforegoing:latex#level=8'
[22May2025 19:33:33.090] [Worker-Main-6/WARN] [net.minecraft.client.resources.model.BlockStateModelLoader/]: Exception loading blockstate definition: 'industrialforegoing:blockstates/latex.json' missing model for variant: 'industrialforegoing:latex#level=10'
[22May2025 19:33:33.090] [Worker-Main-6/WARN] [net.minecraft.client.resources.model.BlockStateModelLoader/]: Exception loading blockstate definition: 'industrialforegoing:blockstates/latex.json' missing model for variant: 'industrialforegoing:latex#level=9'
[22May2025 19:33:33.090] [Worker-Main-6/WARN] [net.minecraft.client.resources.model.BlockStateModelLoader/]: Exception loading blockstate definition: 'industrialforegoing:blockstates/latex.json' missing model for variant: 'industrialforegoing:latex#level=2'
[22May2025 19:33:33.090] [Worker-Main-6/WARN] [net.minecraft.client.resources.model.BlockStateModelLoader/]: Exception loading blockstate definition: 'industrialforegoing:blockstates/latex.json' missing model for variant: 'industrialforegoing:latex#level=3'
[22May2025 19:33:33.091] [Worker-Main-6/WARN] [net.minecraft.client.resources.model.BlockStateModelLoader/]: Exception loading blockstate definition: 'industrialforegoing:blockstates/latex.json' missing model for variant: 'industrialforegoing:latex#level=4'
[22May2025 19:33:33.091] [Worker-Main-6/WARN] [net.minecraft.client.resources.model.BlockStateModelLoader/]: Exception loading blockstate definition: 'industrialforegoing:blockstates/latex.json' missing model for variant: 'industrialforegoing:latex#level=5'
[22May2025 19:33:33.091] [Worker-Main-6/WARN] [net.minecraft.client.resources.model.BlockStateModelLoader/]: Exception loading blockstate definition: 'industrialforegoing:blockstates/latex.json' missing model for variant: 'industrialforegoing:latex#level=15'
[22May2025 19:33:33.091] [Worker-Main-6/WARN] [net.minecraft.client.resources.model.BlockStateModelLoader/]: Exception loading blockstate definition: 'industrialforegoing:blockstates/latex.json' missing model for variant: 'industrialforegoing:latex#level=0'
[22May2025 19:33:33.091] [Worker-Main-6/WARN] [net.minecraft.client.resources.model.BlockStateModelLoader/]: Exception loading blockstate definition: 'industrialforegoing:blockstates/latex.json' missing model for variant: 'industrialforegoing:latex#level=1'
[22May2025 19:33:33.091] [Worker-Main-6/WARN] [net.minecraft.client.resources.model.BlockStateModelLoader/]: Exception loading blockstate definition: 'industrialforegoing:blockstates/meat.json' missing model for variant: 'industrialforegoing:meat#level=2'
[22May2025 19:33:33.091] [Worker-Main-6/WARN] [net.minecraft.client.resources.model.BlockStateModelLoader/]: Exception loading blockstate definition: 'industrialforegoing:blockstates/meat.json' missing model for variant: 'industrialforegoing:meat#level=1'
[22May2025 19:33:33.091] [Worker-Main-6/WARN] [net.minecraft.client.resources.model.BlockStateModelLoader/]: Exception loading blockstate definition: 'industrialforegoing:blockstates/meat.json' missing model for variant: 'industrialforegoing:meat#level=0'
[22May2025 19:33:33.091] [Worker-Main-6/WARN] [net.minecraft.client.resources.model.BlockStateModelLoader/]: Exception loading blockstate definition: 'industrialforegoing:blockstates/meat.json' missing model for variant: 'industrialforegoing:meat#level=6'
[22May2025 19:33:33.091] [Worker-Main-6/WARN] [net.minecraft.client.resources.model.BlockStateModelLoader/]: Exception loading blockstate definition: 'industrialforegoing:blockstates/meat.json' missing model for variant: 'industrialforegoing:meat#level=5'
[22May2025 19:33:33.091] [Worker-Main-6/WARN] [net.minecraft.client.resources.model.BlockStateModelLoader/]: Exception loading blockstate definition: 'industrialforegoing:blockstates/meat.json' missing model for variant: 'industrialforegoing:meat#level=4'
[22May2025 19:33:33.091] [Worker-Main-6/WARN] [net.minecraft.client.resources.model.BlockStateModelLoader/]: Exception loading blockstate definition: 'industrialforegoing:blockstates/meat.json' missing model for variant: 'industrialforegoing:meat#level=3'
[22May2025 19:33:33.091] [Worker-Main-6/WARN] [net.minecraft.client.resources.model.BlockStateModelLoader/]: Exception loading blockstate definition: 'industrialforegoing:blockstates/meat.json' missing model for variant: 'industrialforegoing:meat#level=12'
[22May2025 19:33:33.091] [Worker-Main-6/WARN] [net.minecraft.client.resources.model.BlockStateModelLoader/]: Exception loading blockstate definition: 'industrialforegoing:blockstates/meat.json' missing model for variant: 'industrialforegoing:meat#level=9'
[22May2025 19:33:33.091] [Worker-Main-6/WARN] [net.minecraft.client.resources.model.BlockStateModelLoader/]: Exception loading blockstate definition: 'industrialforegoing:blockstates/meat.json' missing model for variant: 'industrialforegoing:meat#level=13'
[22May2025 19:33:33.091] [Worker-Main-6/WARN] [net.minecraft.client.resources.model.BlockStateModelLoader/]: Exception loading blockstate definition: 'industrialforegoing:blockstates/meat.json' missing model for variant: 'industrialforegoing:meat#level=8'
[22May2025 19:33:33.091] [Worker-Main-6/WARN] [net.minecraft.client.resources.model.BlockStateModelLoader/]: Exception loading blockstate definition: 'industrialforegoing:blockstates/meat.json' missing model for variant: 'industrialforegoing:meat#level=14'
[22May2025 19:33:33.091] [Worker-Main-6/WARN] [net.minecraft.client.resources.model.BlockStateModelLoader/]: Exception loading blockstate definition: 'industrialforegoing:blockstates/meat.json' missing model for variant: 'industrialforegoing:meat#level=7'
[22May2025 19:33:33.091] [Worker-Main-6/WARN] [net.minecraft.client.resources.model.BlockStateModelLoader/]: Exception loading blockstate definition: 'industrialforegoing:blockstates/meat.json' missing model for variant: 'industrialforegoing:meat#level=15'
[22May2025 19:33:33.091] [Worker-Main-6/WARN] [net.minecraft.client.resources.model.BlockStateModelLoader/]: Exception loading blockstate definition: 'industrialforegoing:blockstates/meat.json' missing model for variant: 'industrialforegoing:meat#level=10'
[22May2025 19:33:33.091] [Worker-Main-6/WARN] [net.minecraft.client.resources.model.BlockStateModelLoader/]: Exception loading blockstate definition: 'industrialforegoing:blockstates/meat.json' missing model for variant: 'industrialforegoing:meat#level=11'
[22May2025 19:33:33.091] [Worker-Main-6/WARN] [net.minecraft.client.resources.model.BlockStateModelLoader/]: Exception loading blockstate definition: 'industrialforegoing:blockstates/sewage.json' missing model for variant: 'industrialforegoing:sewage#level=2'
[22May2025 19:33:33.091] [Worker-Main-6/WARN] [net.minecraft.client.resources.model.BlockStateModelLoader/]: Exception loading blockstate definition: 'industrialforegoing:blockstates/sewage.json' missing model for variant: 'industrialforegoing:sewage#level=3'
[22May2025 19:33:33.091] [Worker-Main-6/WARN] [net.minecraft.client.resources.model.BlockStateModelLoader/]: Exception loading blockstate definition: 'industrialforegoing:blockstates/sewage.json' missing model for variant: 'industrialforegoing:sewage#level=4'
[22May2025 19:33:33.091] [Worker-Main-6/WARN] [net.minecraft.client.resources.model.BlockStateModelLoader/]: Exception loading blockstate definition: 'industrialforegoing:blockstates/sewage.json' missing model for variant: 'industrialforegoing:sewage#level=5'
[22May2025 19:33:33.091] [Worker-Main-6/WARN] [net.minecraft.client.resources.model.BlockStateModelLoader/]: Exception loading blockstate definition: 'industrialforegoing:blockstates/sewage.json' missing model for variant: 'industrialforegoing:sewage#level=15'
[22May2025 19:33:33.091] [Worker-Main-6/WARN] [net.minecraft.client.resources.model.BlockStateModelLoader/]: Exception loading blockstate definition: 'industrialforegoing:blockstates/sewage.json' missing model for variant: 'industrialforegoing:sewage#level=0'
[22May2025 19:33:33.091] [Worker-Main-6/WARN] [net.minecraft.client.resources.model.BlockStateModelLoader/]: Exception loading blockstate definition: 'industrialforegoing:blockstates/sewage.json' missing model for variant: 'industrialforegoing:sewage#level=1'
[22May2025 19:33:33.091] [Worker-Main-6/WARN] [net.minecraft.client.resources.model.BlockStateModelLoader/]: Exception loading blockstate definition: 'industrialforegoing:blockstates/sewage.json' missing model for variant: 'industrialforegoing:sewage#level=12'
[22May2025 19:33:33.091] [Worker-Main-6/WARN] [net.minecraft.client.resources.model.BlockStateModelLoader/]: Exception loading blockstate definition: 'industrialforegoing:blockstates/sewage.json' missing model for variant: 'industrialforegoing:sewage#level=11'
[22May2025 19:33:33.092] [Worker-Main-6/WARN] [net.minecraft.client.resources.model.BlockStateModelLoader/]: Exception loading blockstate definition: 'industrialforegoing:blockstates/sewage.json' missing model for variant: 'industrialforegoing:sewage#level=14'
[22May2025 19:33:33.092] [Worker-Main-6/WARN] [net.minecraft.client.resources.model.BlockStateModelLoader/]: Exception loading blockstate definition: 'industrialforegoing:blockstates/sewage.json' missing model for variant: 'industrialforegoing:sewage#level=13'
[22May2025 19:33:33.092] [Worker-Main-6/WARN] [net.minecraft.client.resources.model.BlockStateModelLoader/]: Exception loading blockstate definition: 'industrialforegoing:blockstates/sewage.json' missing model for variant: 'industrialforegoing:sewage#level=6'
[22May2025 19:33:33.092] [Worker-Main-6/WARN] [net.minecraft.client.resources.model.BlockStateModelLoader/]: Exception loading blockstate definition: 'industrialforegoing:blockstates/sewage.json' missing model for variant: 'industrialforegoing:sewage#level=7'
[22May2025 19:33:33.092] [Worker-Main-6/WARN] [net.minecraft.client.resources.model.BlockStateModelLoader/]: Exception loading blockstate definition: 'industrialforegoing:blockstates/sewage.json' missing model for variant: 'industrialforegoing:sewage#level=8'
[22May2025 19:33:33.092] [Worker-Main-6/WARN] [net.minecraft.client.resources.model.BlockStateModelLoader/]: Exception loading blockstate definition: 'industrialforegoing:blockstates/sewage.json' missing model for variant: 'industrialforegoing:sewage#level=10'
[22May2025 19:33:33.092] [Worker-Main-6/WARN] [net.minecraft.client.resources.model.BlockStateModelLoader/]: Exception loading blockstate definition: 'industrialforegoing:blockstates/sewage.json' missing model for variant: 'industrialforegoing:sewage#level=9'
[22May2025 19:33:33.092] [Worker-Main-6/WARN] [net.minecraft.client.resources.model.BlockStateModelLoader/]: Exception loading blockstate definition: 'industrialforegoing:blockstates/essence.json' missing model for variant: 'industrialforegoing:essence#level=13'
[22May2025 19:33:33.092] [Worker-Main-6/WARN] [net.minecraft.client.resources.model.BlockStateModelLoader/]: Exception loading blockstate definition: 'industrialforegoing:blockstates/essence.json' missing model for variant: 'industrialforegoing:essence#level=14'
[22May2025 19:33:33.092] [Worker-Main-6/WARN] [net.minecraft.client.resources.model.BlockStateModelLoader/]: Exception loading blockstate definition: 'industrialforegoing:blockstates/essence.json' missing model for variant: 'industrialforegoing:essence#level=15'
[22May2025 19:33:33.092] [Worker-Main-6/WARN] [net.minecraft.client.resources.model.BlockStateModelLoader/]: Exception loading blockstate definition: 'industrialforegoing:blockstates/essence.json' missing model for variant: 'industrialforegoing:essence#level=3'
[22May2025 19:33:33.092] [Worker-Main-6/WARN] [net.minecraft.client.resources.model.BlockStateModelLoader/]: Exception loading blockstate definition: 'industrialforegoing:blockstates/essence.json' missing model for variant: 'industrialforegoing:essence#level=2'
[22May2025 19:33:33.092] [Worker-Main-6/WARN] [net.minecraft.client.resources.model.BlockStateModelLoader/]: Exception loading blockstate definition: 'industrialforegoing:blockstates/essence.json' missing model for variant: 'industrialforegoing:essence#level=1'
[22May2025 19:33:33.092] [Worker-Main-6/WARN] [net.minecraft.client.resources.model.BlockStateModelLoader/]: Exception loading blockstate definition: 'industrialforegoing:blockstates/essence.json' missing model for variant: 'industrialforegoing:essence#level=0'
[22May2025 19:33:33.092] [Worker-Main-6/WARN] [net.minecraft.client.resources.model.BlockStateModelLoader/]: Exception loading blockstate definition: 'industrialforegoing:blockstates/essence.json' missing model for variant: 'industrialforegoing:essence#level=9'
[22May2025 19:33:33.092] [Worker-Main-6/WARN] [net.minecraft.client.resources.model.BlockStateModelLoader/]: Exception loading blockstate definition: 'industrialforegoing:blockstates/essence.json' missing model for variant: 'industrialforegoing:essence#level=8'
[22May2025 19:33:33.092] [Worker-Main-6/WARN] [net.minecraft.client.resources.model.BlockStateModelLoader/]: Exception loading blockstate definition: 'industrialforegoing:blockstates/essence.json' missing model for variant: 'industrialforegoing:essence#level=7'
[22May2025 19:33:33.092] [Worker-Main-6/WARN] [net.minecraft.client.resources.model.BlockStateModelLoader/]: Exception loading blockstate definition: 'industrialforegoing:blockstates/essence.json' missing model for variant: 'industrialforegoing:essence#level=6'
[22May2025 19:33:33.092] [Worker-Main-6/WARN] [net.minecraft.client.resources.model.BlockStateModelLoader/]: Exception loading blockstate definition: 'industrialforegoing:blockstates/essence.json' missing model for variant: 'industrialforegoing:essence#level=5'
[22May2025 19:33:33.092] [Worker-Main-6/WARN] [net.minecraft.client.resources.model.BlockStateModelLoader/]: Exception loading blockstate definition: 'industrialforegoing:blockstates/essence.json' missing model for variant: 'industrialforegoing:essence#level=4'
[22May2025 19:33:33.092] [Worker-Main-6/WARN] [net.minecraft.client.resources.model.BlockStateModelLoader/]: Exception loading blockstate definition: 'industrialforegoing:blockstates/essence.json' missing model for variant: 'industrialforegoing:essence#level=10'
[22May2025 19:33:33.092] [Worker-Main-6/WARN] [net.minecraft.client.resources.model.BlockStateModelLoader/]: Exception loading blockstate definition: 'industrialforegoing:blockstates/essence.json' missing model for variant: 'industrialforegoing:essence#level=11'
[22May2025 19:33:33.092] [Worker-Main-6/WARN] [net.minecraft.client.resources.model.BlockStateModelLoader/]: Exception loading blockstate definition: 'industrialforegoing:blockstates/essence.json' missing model for variant: 'industrialforegoing:essence#level=12'
[22May2025 19:33:33.092] [Worker-Main-6/WARN] [net.minecraft.client.resources.model.BlockStateModelLoader/]: Exception loading blockstate definition: 'industrialforegoing:blockstates/sludge.json' missing model for variant: 'industrialforegoing:sludge#level=5'
[22May2025 19:33:33.092] [Worker-Main-6/WARN] [net.minecraft.client.resources.model.BlockStateModelLoader/]: Exception loading blockstate definition: 'industrialforegoing:blockstates/sludge.json' missing model for variant: 'industrialforegoing:sludge#level=4'
[22May2025 19:33:33.092] [Worker-Main-6/WARN] [net.minecraft.client.resources.model.BlockStateModelLoader/]: Exception loading blockstate definition: 'industrialforegoing:blockstates/sludge.json' missing model for variant: 'industrialforegoing:sludge#level=3'
[22May2025 19:33:33.092] [Worker-Main-6/WARN] [net.minecraft.client.resources.model.BlockStateModelLoader/]: Exception loading blockstate definition: 'industrialforegoing:blockstates/sludge.json' missing model for variant: 'industrialforegoing:sludge#level=2'
[22May2025 19:33:33.092] [Worker-Main-6/WARN] [net.minecraft.client.resources.model.BlockStateModelLoader/]: Exception loading blockstate definition: 'industrialforegoing:blockstates/sludge.json' missing model for variant: 'industrialforegoing:sludge#level=9'
[22May2025 19:33:33.092] [Worker-Main-6/WARN] [net.minecraft.client.resources.model.BlockStateModelLoader/]: Exception loading blockstate definition: 'industrialforegoing:blockstates/sludge.json' missing model for variant: 'industrialforegoing:sludge#level=8'
[22May2025 19:33:33.093] [Worker-Main-6/WARN] [net.minecraft.client.resources.model.BlockStateModelLoader/]: Exception loading blockstate definition: 'industrialforegoing:blockstates/sludge.json' missing model for variant: 'industrialforegoing:sludge#level=7'
[22May2025 19:33:33.093] [Worker-Main-6/WARN] [net.minecraft.client.resources.model.BlockStateModelLoader/]: Exception loading blockstate definition: 'industrialforegoing:blockstates/sludge.json' missing model for variant: 'industrialforegoing:sludge#level=6'
[22May2025 19:33:33.093] [Worker-Main-6/WARN] [net.minecraft.client.resources.model.BlockStateModelLoader/]: Exception loading blockstate definition: 'industrialforegoing:blockstates/sludge.json' missing model for variant: 'industrialforegoing:sludge#level=1'
[22May2025 19:33:33.093] [Worker-Main-6/WARN] [net.minecraft.client.resources.model.BlockStateModelLoader/]: Exception loading blockstate definition: 'industrialforegoing:blockstates/sludge.json' missing model for variant: 'industrialforegoing:sludge#level=0'
[22May2025 19:33:33.093] [Worker-Main-6/WARN] [net.minecraft.client.resources.model.BlockStateModelLoader/]: Exception loading blockstate definition: 'industrialforegoing:blockstates/sludge.json' missing model for variant: 'industrialforegoing:sludge#level=10'
[22May2025 19:33:33.093] [Worker-Main-6/WARN] [net.minecraft.client.resources.model.BlockStateModelLoader/]: Exception loading blockstate definition: 'industrialforegoing:blockstates/sludge.json' missing model for variant: 'industrialforegoing:sludge#level=15'
[22May2025 19:33:33.093] [Worker-Main-6/WARN] [net.minecraft.client.resources.model.BlockStateModelLoader/]: Exception loading blockstate definition: 'industrialforegoing:blockstates/sludge.json' missing model for variant: 'industrialforegoing:sludge#level=11'
[22May2025 19:33:33.093] [Worker-Main-6/WARN] [net.minecraft.client.resources.model.BlockStateModelLoader/]: Exception loading blockstate definition: 'industrialforegoing:blockstates/sludge.json' missing model for variant: 'industrialforegoing:sludge#level=12'
[22May2025 19:33:33.093] [Worker-Main-6/WARN] [net.minecraft.client.resources.model.BlockStateModelLoader/]: Exception loading blockstate definition: 'industrialforegoing:blockstates/sludge.json' missing model for variant: 'industrialforegoing:sludge#level=13'
[22May2025 19:33:33.093] [Worker-Main-6/WARN] [net.minecraft.client.resources.model.BlockStateModelLoader/]: Exception loading blockstate definition: 'industrialforegoing:blockstates/sludge.json' missing model for variant: 'industrialforegoing:sludge#level=14'
[22May2025 19:33:33.093] [Worker-Main-6/WARN] [net.minecraft.client.resources.model.BlockStateModelLoader/]: Exception loading blockstate definition: 'industrialforegoing:blockstates/pink_slime.json' missing model for variant: 'industrialforegoing:pink_slime#level=9'
[22May2025 19:33:33.093] [Worker-Main-6/WARN] [net.minecraft.client.resources.model.BlockStateModelLoader/]: Exception loading blockstate definition: 'industrialforegoing:blockstates/pink_slime.json' missing model for variant: 'industrialforegoing:pink_slime#level=8'
[22May2025 19:33:33.093] [Worker-Main-6/WARN] [net.minecraft.client.resources.model.BlockStateModelLoader/]: Exception loading blockstate definition: 'industrialforegoing:blockstates/pink_slime.json' missing model for variant: 'industrialforegoing:pink_slime#level=7'
[22May2025 19:33:33.093] [Worker-Main-6/WARN] [net.minecraft.client.resources.model.BlockStateModelLoader/]: Exception loading blockstate definition: 'industrialforegoing:blockstates/pink_slime.json' missing model for variant: 'industrialforegoing:pink_slime#level=6'
[22May2025 19:33:33.093] [Worker-Main-6/WARN] [net.minecraft.client.resources.model.BlockStateModelLoader/]: Exception loading blockstate definition: 'industrialforegoing:blockstates/pink_slime.json' missing model for variant: 'industrialforegoing:pink_slime#level=5'
[22May2025 19:33:33.093] [Worker-Main-6/WARN] [net.minecraft.client.resources.model.BlockStateModelLoader/]: Exception loading blockstate definition: 'industrialforegoing:blockstates/pink_slime.json' missing model for variant: 'industrialforegoing:pink_slime#level=4'
[22May2025 19:33:33.093] [Worker-Main-6/WARN] [net.minecraft.client.resources.model.BlockStateModelLoader/]: Exception loading blockstate definition: 'industrialforegoing:blockstates/pink_slime.json' missing model for variant: 'industrialforegoing:pink_slime#level=3'
[22May2025 19:33:33.093] [Worker-Main-6/WARN] [net.minecraft.client.resources.model.BlockStateModelLoader/]: Exception loading blockstate definition: 'industrialforegoing:blockstates/pink_slime.json' missing model for variant: 'industrialforegoing:pink_slime#level=10'
[22May2025 19:33:33.093] [Worker-Main-6/WARN] [net.minecraft.client.resources.model.BlockStateModelLoader/]: Exception loading blockstate definition: 'industrialforegoing:blockstates/pink_slime.json' missing model for variant: 'industrialforegoing:pink_slime#level=11'
[22May2025 19:33:33.093] [Worker-Main-6/WARN] [net.minecraft.client.resources.model.BlockStateModelLoader/]: Exception loading blockstate definition: 'industrialforegoing:blockstates/pink_slime.json' missing model for variant: 'industrialforegoing:pink_slime#level=12'
[22May2025 19:33:33.093] [Worker-Main-6/WARN] [net.minecraft.client.resources.model.BlockStateModelLoader/]: Exception loading blockstate definition: 'industrialforegoing:blockstates/pink_slime.json' missing model for variant: 'industrialforegoing:pink_slime#level=13'
[22May2025 19:33:33.093] [Worker-Main-6/WARN] [net.minecraft.client.resources.model.BlockStateModelLoader/]: Exception loading blockstate definition: 'industrialforegoing:blockstates/pink_slime.json' missing model for variant: 'industrialforegoing:pink_slime#level=14'
[22May2025 19:33:33.093] [Worker-Main-6/WARN] [net.minecraft.client.resources.model.BlockStateModelLoader/]: Exception loading blockstate definition: 'industrialforegoing:blockstates/pink_slime.json' missing model for variant: 'industrialforegoing:pink_slime#level=15'
[22May2025 19:33:33.093] [Worker-Main-6/WARN] [net.minecraft.client.resources.model.BlockStateModelLoader/]: Exception loading blockstate definition: 'industrialforegoing:blockstates/pink_slime.json' missing model for variant: 'industrialforegoing:pink_slime#level=2'
[22May2025 19:33:33.093] [Worker-Main-6/WARN] [net.minecraft.client.resources.model.BlockStateModelLoader/]: Exception loading blockstate definition: 'industrialforegoing:blockstates/pink_slime.json' missing model for variant: 'industrialforegoing:pink_slime#level=1'
[22May2025 19:33:33.093] [Worker-Main-6/WARN] [net.minecraft.client.resources.model.BlockStateModelLoader/]: Exception loading blockstate definition: 'industrialforegoing:blockstates/pink_slime.json' missing model for variant: 'industrialforegoing:pink_slime#level=0'
[22May2025 19:33:33.093] [Worker-Main-6/WARN] [net.minecraft.client.resources.model.BlockStateModelLoader/]: Exception loading blockstate definition: 'industrialforegoing:blockstates/biofuel.json' missing model for variant: 'industrialforegoing:biofuel#level=5'
[22May2025 19:33:33.093] [Worker-Main-6/WARN] [net.minecraft.client.resources.model.BlockStateModelLoader/]: Exception loading blockstate definition: 'industrialforegoing:blockstates/biofuel.json' missing model for variant: 'industrialforegoing:biofuel#level=4'
[22May2025 19:33:33.093] [Worker-Main-6/WARN] [net.minecraft.client.resources.model.BlockStateModelLoader/]: Exception loading blockstate definition: 'industrialforegoing:blockstates/biofuel.json' missing model for variant: 'industrialforegoing:biofuel#level=3'
[22May2025 19:33:33.093] [Worker-Main-6/WARN] [net.minecraft.client.resources.model.BlockStateModelLoader/]: Exception loading blockstate definition: 'industrialforegoing:blockstates/biofuel.json' missing model for variant: 'industrialforegoing:biofuel#level=2'
[22May2025 19:33:33.093] [Worker-Main-6/WARN] [net.minecraft.client.resources.model.BlockStateModelLoader/]: Exception loading blockstate definition: 'industrialforegoing:blockstates/biofuel.json' missing model for variant: 'industrialforegoing:biofuel#level=9'
[22May2025 19:33:33.093] [Worker-Main-6/WARN] [net.minecraft.client.resources.model.BlockStateModelLoader/]: Exception loading blockstate definition: 'industrialforegoing:blockstates/biofuel.json' missing model for variant: 'industrialforegoing:biofuel#level=8'
[22May2025 19:33:33.093] [Worker-Main-6/WARN] [net.minecraft.client.resources.model.BlockStateModelLoader/]: Exception loading blockstate definition: 'industrialforegoing:blockstates/biofuel.json' missing model for variant: 'industrialforegoing:biofuel#level=7'
[22May2025 19:33:33.093] [Worker-Main-6/WARN] [net.minecraft.client.resources.model.BlockStateModelLoader/]: Exception loading blockstate definition: 'industrialforegoing:blockstates/biofuel.json' missing model for variant: 'industrialforegoing:biofuel#level=6'
[22May2025 19:33:33.093] [Worker-Main-6/WARN] [net.minecraft.client.resources.model.BlockStateModelLoader/]: Exception loading blockstate definition: 'industrialforegoing:blockstates/biofuel.json' missing model for variant: 'industrialforegoing:biofuel#level=15'
[22May2025 19:33:33.093] [Worker-Main-6/WARN] [net.minecraft.client.resources.model.BlockStateModelLoader/]: Exception loading blockstate definition: 'industrialforegoing:blockstates/biofuel.json' missing model for variant: 'industrialforegoing:biofuel#level=11'
[22May2025 19:33:33.094] [Worker-Main-6/WARN] [net.minecraft.client.resources.model.BlockStateModelLoader/]: Exception loading blockstate definition: 'industrialforegoing:blockstates/biofuel.json' missing model for variant: 'industrialforegoing:biofuel#level=12'
[22May2025 19:33:33.094] [Worker-Main-6/WARN] [net.minecraft.client.resources.model.BlockStateModelLoader/]: Exception loading blockstate definition: 'industrialforegoing:blockstates/biofuel.json' missing model for variant: 'industrialforegoing:biofuel#level=13'
[22May2025 19:33:33.094] [Worker-Main-6/WARN] [net.minecraft.client.resources.model.BlockStateModelLoader/]: Exception loading blockstate definition: 'industrialforegoing:blockstates/biofuel.json' missing model for variant: 'industrialforegoing:biofuel#level=14'
[22May2025 19:33:33.094] [Worker-Main-6/WARN] [net.minecraft.client.resources.model.BlockStateModelLoader/]: Exception loading blockstate definition: 'industrialforegoing:blockstates/biofuel.json' missing model for variant: 'industrialforegoing:biofuel#level=10'
[22May2025 19:33:33.094] [Worker-Main-6/WARN] [net.minecraft.client.resources.model.BlockStateModelLoader/]: Exception loading blockstate definition: 'industrialforegoing:blockstates/biofuel.json' missing model for variant: 'industrialforegoing:biofuel#level=1'
[22May2025 19:33:33.094] [Worker-Main-6/WARN] [net.minecraft.client.resources.model.BlockStateModelLoader/]: Exception loading blockstate definition: 'industrialforegoing:blockstates/biofuel.json' missing model for variant: 'industrialforegoing:biofuel#level=0'
[22May2025 19:33:33.094] [Worker-Main-6/WARN] [net.minecraft.client.resources.model.BlockStateModelLoader/]: Exception loading blockstate definition: 'industrialforegoing:blockstates/ether_gas.json' missing model for variant: 'industrialforegoing:ether_gas#level=7'
[22May2025 19:33:33.094] [Worker-Main-6/WARN] [net.minecraft.client.resources.model.BlockStateModelLoader/]: Exception loading blockstate definition: 'industrialforegoing:blockstates/ether_gas.json' missing model for variant: 'industrialforegoing:ether_gas#level=6'
[22May2025 19:33:33.094] [Worker-Main-6/WARN] [net.minecraft.client.resources.model.BlockStateModelLoader/]: Exception loading blockstate definition: 'industrialforegoing:blockstates/ether_gas.json' missing model for variant: 'industrialforegoing:ether_gas#level=5'
[22May2025 19:33:33.094] [Worker-Main-6/WARN] [net.minecraft.client.resources.model.BlockStateModelLoader/]: Exception loading blockstate definition: 'industrialforegoing:blockstates/ether_gas.json' missing model for variant: 'industrialforegoing:ether_gas#level=4'
[22May2025 19:33:33.094] [Worker-Main-6/WARN] [net.minecraft.client.resources.model.BlockStateModelLoader/]: Exception loading blockstate definition: 'industrialforegoing:blockstates/ether_gas.json' missing model for variant: 'industrialforegoing:ether_gas#level=9'
[22May2025 19:33:33.094] [Worker-Main-6/WARN] [net.minecraft.client.resources.model.BlockStateModelLoader/]: Exception loading blockstate definition: 'industrialforegoing:blockstates/ether_gas.json' missing model for variant: 'industrialforegoing:ether_gas#level=8'
[22May2025 19:33:33.094] [Worker-Main-6/WARN] [net.minecraft.client.resources.model.BlockStateModelLoader/]: Exception loading blockstate definition: 'industrialforegoing:blockstates/ether_gas.json' missing model for variant: 'industrialforegoing:ether_gas#level=15'
[22May2025 19:33:33.094] [Worker-Main-6/WARN] [net.minecraft.client.resources.model.BlockStateModelLoader/]: Exception loading blockstate definition: 'industrialforegoing:blockstates/ether_gas.json' missing model for variant: 'industrialforegoing:ether_gas#level=14'
[22May2025 19:33:33.094] [Worker-Main-6/WARN] [net.minecraft.client.resources.model.BlockStateModelLoader/]: Exception loading blockstate definition: 'industrialforegoing:blockstates/ether_gas.json' missing model for variant: 'industrialforegoing:ether_gas#level=13'
[22May2025 19:33:33.094] [Worker-Main-6/WARN] [net.minecraft.client.resources.model.BlockStateModelLoader/]: Exception loading blockstate definition: 'industrialforegoing:blockstates/ether_gas.json' missing model for variant: 'industrialforegoing:ether_gas#level=12'
[22May2025 19:33:33.094] [Worker-Main-6/WARN] [net.minecraft.client.resources.model.BlockStateModelLoader/]: Exception loading blockstate definition: 'industrialforegoing:blockstates/ether_gas.json' missing model for variant: 'industrialforegoing:ether_gas#level=11'
[22May2025 19:33:33.094] [Worker-Main-6/WARN] [net.minecraft.client.resources.model.BlockStateModelLoader/]: Exception loading blockstate definition: 'industrialforegoing:blockstates/ether_gas.json' missing model for variant: 'industrialforegoing:ether_gas#level=10'
[22May2025 19:33:33.094] [Worker-Main-6/WARN] [net.minecraft.client.resources.model.BlockStateModelLoader/]: Exception loading blockstate definition: 'industrialforegoing:blockstates/ether_gas.json' missing model for variant: 'industrialforegoing:ether_gas#level=3'
[22May2025 19:33:33.094] [Worker-Main-6/WARN] [net.minecraft.client.resources.model.BlockStateModelLoader/]: Exception loading blockstate definition: 'industrialforegoing:blockstates/ether_gas.json' missing model for variant: 'industrialforegoing:ether_gas#level=2'
[22May2025 19:33:33.094] [Worker-Main-6/WARN] [net.minecraft.client.resources.model.BlockStateModelLoader/]: Exception loading blockstate definition: 'industrialforegoing:blockstates/ether_gas.json' missing model for variant: 'industrialforegoing:ether_gas#level=1'
[22May2025 19:33:33.094] [Worker-Main-6/WARN] [net.minecraft.client.resources.model.BlockStateModelLoader/]: Exception loading blockstate definition: 'industrialforegoing:blockstates/ether_gas.json' missing model for variant: 'industrialforegoing:ether_gas#level=0'
[22May2025 19:33:33.094] [Worker-Main-6/WARN] [net.minecraft.client.resources.model.BlockStateModelLoader/]: Exception loading blockstate definition: 'industrialforegoing:blockstates/raw_ore_meat.json' missing model for variant: 'industrialforegoing:raw_ore_meat#level=10'
[22May2025 19:33:33.094] [Worker-Main-6/WARN] [net.minecraft.client.resources.model.BlockStateModelLoader/]: Exception loading blockstate definition: 'industrialforegoing:blockstates/raw_ore_meat.json' missing model for variant: 'industrialforegoing:raw_ore_meat#level=11'
[22May2025 19:33:33.094] [Worker-Main-6/WARN] [net.minecraft.client.resources.model.BlockStateModelLoader/]: Exception loading blockstate definition: 'industrialforegoing:blockstates/raw_ore_meat.json' missing model for variant: 'industrialforegoing:raw_ore_meat#level=9'
[22May2025 19:33:33.094] [Worker-Main-6/WARN] [net.minecraft.client.resources.model.BlockStateModelLoader/]: Exception loading blockstate definition: 'industrialforegoing:blockstates/raw_ore_meat.json' missing model for variant: 'industrialforegoing:raw_ore_meat#level=8'
[22May2025 19:33:33.094] [Worker-Main-6/WARN] [net.minecraft.client.resources.model.BlockStateModelLoader/]: Exception loading blockstate definition: 'industrialforegoing:blockstates/raw_ore_meat.json' missing model for variant: 'industrialforegoing:raw_ore_meat#level=7'
[22May2025 19:33:33.094] [Worker-Main-6/WARN] [net.minecraft.client.resources.model.BlockStateModelLoader/]: Exception loading blockstate definition: 'industrialforegoing:blockstates/raw_ore_meat.json' missing model for variant: 'industrialforegoing:raw_ore_meat#level=6'
[22May2025 19:33:33.094] [Worker-Main-6/WARN] [net.minecraft.client.resources.model.BlockStateModelLoader/]: Exception loading blockstate definition: 'industrialforegoing:blockstates/raw_ore_meat.json' missing model for variant: 'industrialforegoing:raw_ore_meat#level=5'
[22May2025 19:33:33.094] [Worker-Main-6/WARN] [net.minecraft.client.resources.model.BlockStateModelLoader/]: Exception loading blockstate definition: 'industrialforegoing:blockstates/raw_ore_meat.json' missing model for variant: 'industrialforegoing:raw_ore_meat#level=4'
[22May2025 19:33:33.094] [Worker-Main-6/WARN] [net.minecraft.client.resources.model.BlockStateModelLoader/]: Exception loading blockstate definition: 'industrialforegoing:blockstates/raw_ore_meat.json' missing model for variant: 'industrialforegoing:raw_ore_meat#level=3'
[22May2025 19:33:33.094] [Worker-Main-6/WARN] [net.minecraft.client.resources.model.BlockStateModelLoader/]: Exception loading blockstate definition: 'industrialforegoing:blockstates/raw_ore_meat.json' missing model for variant: 'industrialforegoing:raw_ore_meat#level=2'
[22May2025 19:33:33.094] [Worker-Main-6/WARN] [net.minecraft.client.resources.model.BlockStateModelLoader/]: Exception loading blockstate definition: 'industrialforegoing:blockstates/raw_ore_meat.json' missing model for variant: 'industrialforegoing:raw_ore_meat#level=1'
[22May2025 19:33:33.094] [Worker-Main-6/WARN] [net.minecraft.client.resources.model.BlockStateModelLoader/]: Exception loading blockstate definition: 'industrialforegoing:blockstates/raw_ore_meat.json' missing model for variant: 'industrialforegoing:raw_ore_meat#level=0'
[22May2025 19:33:33.094] [Worker-Main-6/WARN] [net.minecraft.client.resources.model.BlockStateModelLoader/]: Exception loading blockstate definition: 'industrialforegoing:blockstates/raw_ore_meat.json' missing model for variant: 'industrialforegoing:raw_ore_meat#level=12'
[22May2025 19:33:33.094] [Worker-Main-6/WARN] [net.minecraft.client.resources.model.BlockStateModelLoader/]: Exception loading blockstate definition: 'industrialforegoing:blockstates/raw_ore_meat.json' missing model for variant: 'industrialforegoing:raw_ore_meat#level=13'
[22May2025 19:33:33.094] [Worker-Main-6/WARN] [net.minecraft.client.resources.model.BlockStateModelLoader/]: Exception loading blockstate definition: 'industrialforegoing:blockstates/raw_ore_meat.json' missing model for variant: 'industrialforegoing:raw_ore_meat#level=14'
[22May2025 19:33:33.094] [Worker-Main-6/WARN] [net.minecraft.client.resources.model.BlockStateModelLoader/]: Exception loading blockstate definition: 'industrialforegoing:blockstates/raw_ore_meat.json' missing model for variant: 'industrialforegoing:raw_ore_meat#level=15'
[22May2025 19:33:33.094] [Worker-Main-6/WARN] [net.minecraft.client.resources.model.BlockStateModelLoader/]: Exception loading blockstate definition: 'industrialforegoing:blockstates/fermented_ore_meat.json' missing model for variant: 'industrialforegoing:fermented_ore_meat#level=14'
[22May2025 19:33:33.094] [Worker-Main-6/WARN] [net.minecraft.client.resources.model.BlockStateModelLoader/]: Exception loading blockstate definition: 'industrialforegoing:blockstates/fermented_ore_meat.json' missing model for variant: 'industrialforegoing:fermented_ore_meat#level=15'
[22May2025 19:33:33.095] [Worker-Main-6/WARN] [net.minecraft.client.resources.model.BlockStateModelLoader/]: Exception loading blockstate definition: 'industrialforegoing:blockstates/fermented_ore_meat.json' missing model for variant: 'industrialforegoing:fermented_ore_meat#level=12'
[22May2025 19:33:33.095] [Worker-Main-6/WARN] [net.minecraft.client.resources.model.BlockStateModelLoader/]: Exception loading blockstate definition: 'industrialforegoing:blockstates/fermented_ore_meat.json' missing model for variant: 'industrialforegoing:fermented_ore_meat#level=13'
[22May2025 19:33:33.095] [Worker-Main-6/WARN] [net.minecraft.client.resources.model.BlockStateModelLoader/]: Exception loading blockstate definition: 'industrialforegoing:blockstates/fermented_ore_meat.json' missing model for variant: 'industrialforegoing:fermented_ore_meat#level=1'
[22May2025 19:33:33.095] [Worker-Main-6/WARN] [net.minecraft.client.resources.model.BlockStateModelLoader/]: Exception loading blockstate definition: 'industrialforegoing:blockstates/fermented_ore_meat.json' missing model for variant: 'industrialforegoing:fermented_ore_meat#level=2'
[22May2025 19:33:33.095] [Worker-Main-6/WARN] [net.minecraft.client.resources.model.BlockStateModelLoader/]: Exception loading blockstate definition: 'industrialforegoing:blockstates/fermented_ore_meat.json' missing model for variant: 'industrialforegoing:fermented_ore_meat#level=0'
[22May2025 19:33:33.095] [Worker-Main-6/WARN] [net.minecraft.client.resources.model.BlockStateModelLoader/]: Exception loading blockstate definition: 'industrialforegoing:blockstates/fermented_ore_meat.json' missing model for variant: 'industrialforegoing:fermented_ore_meat#level=5'
[22May2025 19:33:33.095] [Worker-Main-6/WARN] [net.minecraft.client.resources.model.BlockStateModelLoader/]: Exception loading blockstate definition: 'industrialforegoing:blockstates/fermented_ore_meat.json' missing model for variant: 'industrialforegoing:fermented_ore_meat#level=6'
[22May2025 19:33:33.095] [Worker-Main-6/WARN] [net.minecraft.client.resources.model.BlockStateModelLoader/]: Exception loading blockstate definition: 'industrialforegoing:blockstates/fermented_ore_meat.json' missing model for variant: 'industrialforegoing:fermented_ore_meat#level=3'
[22May2025 19:33:33.095] [Worker-Main-6/WARN] [net.minecraft.client.resources.model.BlockStateModelLoader/]: Exception loading blockstate definition: 'industrialforegoing:blockstates/fermented_ore_meat.json' missing model for variant: 'industrialforegoing:fermented_ore_meat#level=4'
[22May2025 19:33:33.095] [Worker-Main-6/WARN] [net.minecraft.client.resources.model.BlockStateModelLoader/]: Exception loading blockstate definition: 'industrialforegoing:blockstates/fermented_ore_meat.json' missing model for variant: 'industrialforegoing:fermented_ore_meat#level=9'
[22May2025 19:33:33.095] [Worker-Main-6/WARN] [net.minecraft.client.resources.model.BlockStateModelLoader/]: Exception loading blockstate definition: 'industrialforegoing:blockstates/fermented_ore_meat.json' missing model for variant: 'industrialforegoing:fermented_ore_meat#level=10'
[22May2025 19:33:33.095] [Worker-Main-6/WARN] [net.minecraft.client.resources.model.BlockStateModelLoader/]: Exception loading blockstate definition: 'industrialforegoing:blockstates/fermented_ore_meat.json' missing model for variant: 'industrialforegoing:fermented_ore_meat#level=11'
[22May2025 19:33:33.095] [Worker-Main-6/WARN] [net.minecraft.client.resources.model.BlockStateModelLoader/]: Exception loading blockstate definition: 'industrialforegoing:blockstates/fermented_ore_meat.json' missing model for variant: 'industrialforegoing:fermented_ore_meat#level=7'
[22May2025 19:33:33.095] [Worker-Main-6/WARN] [net.minecraft.client.resources.model.BlockStateModelLoader/]: Exception loading blockstate definition: 'industrialforegoing:blockstates/fermented_ore_meat.json' missing model for variant: 'industrialforegoing:fermented_ore_meat#level=8'
[22May2025 19:33:33.097] [Worker-Main-6/WARN] [net.minecraft.client.resources.model.BlockStateModelLoader/]: Exception loading blockstate definition: 'titanium:blockstates/block_test.json' missing model for variant: 'titanium:block_test#subfacing=west'
[22May2025 19:33:33.097] [Worker-Main-6/WARN] [net.minecraft.client.resources.model.BlockStateModelLoader/]: Exception loading blockstate definition: 'titanium:blockstates/block_test.json' missing model for variant: 'titanium:block_test#subfacing=east'
[22May2025 19:33:33.097] [Worker-Main-6/WARN] [net.minecraft.client.resources.model.BlockStateModelLoader/]: Exception loading blockstate definition: 'titanium:blockstates/block_test.json' missing model for variant: 'titanium:block_test#subfacing=north'
[22May2025 19:33:33.097] [Worker-Main-6/WARN] [net.minecraft.client.resources.model.BlockStateModelLoader/]: Exception loading blockstate definition: 'titanium:blockstates/block_test.json' missing model for variant: 'titanium:block_test#subfacing=south'
[22May2025 19:33:33.097] [Worker-Main-6/WARN] [net.minecraft.client.resources.model.BlockStateModelLoader/]: Exception loading blockstate definition: 'titanium:blockstates/block_twenty_four_test.json' missing model for variant: 'titanium:block_twenty_four_test#facing=down,subfacing=west'
[22May2025 19:33:33.097] [Worker-Main-6/WARN] [net.minecraft.client.resources.model.BlockStateModelLoader/]: Exception loading blockstate definition: 'titanium:blockstates/block_twenty_four_test.json' missing model for variant: 'titanium:block_twenty_four_test#facing=east,subfacing=south'
[22May2025 19:33:33.097] [Worker-Main-6/WARN] [net.minecraft.client.resources.model.BlockStateModelLoader/]: Exception loading blockstate definition: 'titanium:blockstates/block_twenty_four_test.json' missing model for variant: 'titanium:block_twenty_four_test#facing=up,subfacing=south'
[22May2025 19:33:33.097] [Worker-Main-6/WARN] [net.minecraft.client.resources.model.BlockStateModelLoader/]: Exception loading blockstate definition: 'titanium:blockstates/block_twenty_four_test.json' missing model for variant: 'titanium:block_twenty_four_test#facing=south,subfacing=north'
[22May2025 19:33:33.097] [Worker-Main-6/WARN] [net.minecraft.client.resources.model.BlockStateModelLoader/]: Exception loading blockstate definition: 'titanium:blockstates/block_twenty_four_test.json' missing model for variant: 'titanium:block_twenty_four_test#facing=up,subfacing=north'
[22May2025 19:33:33.097] [Worker-Main-6/WARN] [net.minecraft.client.resources.model.BlockStateModelLoader/]: Exception loading blockstate definition: 'titanium:blockstates/block_twenty_four_test.json' missing model for variant: 'titanium:block_twenty_four_test#facing=east,subfacing=north'
[22May2025 19:33:33.097] [Worker-Main-6/WARN] [net.minecraft.client.resources.model.BlockStateModelLoader/]: Exception loading blockstate definition: 'titanium:blockstates/block_twenty_four_test.json' missing model for variant: 'titanium:block_twenty_four_test#facing=south,subfacing=south'
[22May2025 19:33:33.097] [Worker-Main-6/WARN] [net.minecraft.client.resources.model.BlockStateModelLoader/]: Exception loading blockstate definition: 'titanium:blockstates/block_twenty_four_test.json' missing model for variant: 'titanium:block_twenty_four_test#facing=west,subfacing=south'
[22May2025 19:33:33.097] [Worker-Main-6/WARN] [net.minecraft.client.resources.model.BlockStateModelLoader/]: Exception loading blockstate definition: 'titanium:blockstates/block_twenty_four_test.json' missing model for variant: 'titanium:block_twenty_four_test#facing=west,subfacing=north'
[22May2025 19:33:33.097] [Worker-Main-6/WARN] [net.minecraft.client.resources.model.BlockStateModelLoader/]: Exception loading blockstate definition: 'titanium:blockstates/block_twenty_four_test.json' missing model for variant: 'titanium:block_twenty_four_test#facing=west,subfacing=west'
[22May2025 19:33:33.097] [Worker-Main-6/WARN] [net.minecraft.client.resources.model.BlockStateModelLoader/]: Exception loading blockstate definition: 'titanium:blockstates/block_twenty_four_test.json' missing model for variant: 'titanium:block_twenty_four_test#facing=down,subfacing=south'
[22May2025 19:33:33.097] [Worker-Main-6/WARN] [net.minecraft.client.resources.model.BlockStateModelLoader/]: Exception loading blockstate definition: 'titanium:blockstates/block_twenty_four_test.json' missing model for variant: 'titanium:block_twenty_four_test#facing=north,subfacing=south'
[22May2025 19:33:33.098] [Worker-Main-6/WARN] [net.minecraft.client.resources.model.BlockStateModelLoader/]: Exception loading blockstate definition: 'titanium:blockstates/block_twenty_four_test.json' missing model for variant: 'titanium:block_twenty_four_test#facing=north,subfacing=west'
[22May2025 19:33:33.098] [Worker-Main-6/WARN] [net.minecraft.client.resources.model.BlockStateModelLoader/]: Exception loading blockstate definition: 'titanium:blockstates/block_twenty_four_test.json' missing model for variant: 'titanium:block_twenty_four_test#facing=west,subfacing=east'
[22May2025 19:33:33.098] [Worker-Main-6/WARN] [net.minecraft.client.resources.model.BlockStateModelLoader/]: Exception loading blockstate definition: 'titanium:blockstates/block_twenty_four_test.json' missing model for variant: 'titanium:block_twenty_four_test#facing=north,subfacing=east'
[22May2025 19:33:33.098] [Worker-Main-6/WARN] [net.minecraft.client.resources.model.BlockStateModelLoader/]: Exception loading blockstate definition: 'titanium:blockstates/block_twenty_four_test.json' missing model for variant: 'titanium:block_twenty_four_test#facing=north,subfacing=north'
[22May2025 19:33:33.098] [Worker-Main-6/WARN] [net.minecraft.client.resources.model.BlockStateModelLoader/]: Exception loading blockstate definition: 'titanium:blockstates/block_twenty_four_test.json' missing model for variant: 'titanium:block_twenty_four_test#facing=south,subfacing=east'
[22May2025 19:33:33.098] [Worker-Main-6/WARN] [net.minecraft.client.resources.model.BlockStateModelLoader/]: Exception loading blockstate definition: 'titanium:blockstates/block_twenty_four_test.json' missing model for variant: 'titanium:block_twenty_four_test#facing=up,subfacing=west'
[22May2025 19:33:33.098] [Worker-Main-6/WARN] [net.minecraft.client.resources.model.BlockStateModelLoader/]: Exception loading blockstate definition: 'titanium:blockstates/block_twenty_four_test.json' missing model for variant: 'titanium:block_twenty_four_test#facing=east,subfacing=west'
[22May2025 19:33:33.098] [Worker-Main-6/WARN] [net.minecraft.client.resources.model.BlockStateModelLoader/]: Exception loading blockstate definition: 'titanium:blockstates/block_twenty_four_test.json' missing model for variant: 'titanium:block_twenty_four_test#facing=east,subfacing=east'
[22May2025 19:33:33.098] [Worker-Main-6/WARN] [net.minecraft.client.resources.model.BlockStateModelLoader/]: Exception loading blockstate definition: 'titanium:blockstates/block_twenty_four_test.json' missing model for variant: 'titanium:block_twenty_four_test#facing=down,subfacing=north'
[22May2025 19:33:33.098] [Worker-Main-6/WARN] [net.minecraft.client.resources.model.BlockStateModelLoader/]: Exception loading blockstate definition: 'titanium:blockstates/block_twenty_four_test.json' missing model for variant: 'titanium:block_twenty_four_test#facing=down,subfacing=east'
[22May2025 19:33:33.098] [Worker-Main-6/WARN] [net.minecraft.client.resources.model.BlockStateModelLoader/]: Exception loading blockstate definition: 'titanium:blockstates/block_twenty_four_test.json' missing model for variant: 'titanium:block_twenty_four_test#facing=up,subfacing=east'
[22May2025 19:33:33.098] [Worker-Main-6/WARN] [net.minecraft.client.resources.model.BlockStateModelLoader/]: Exception loading blockstate definition: 'titanium:blockstates/block_twenty_four_test.json' missing model for variant: 'titanium:block_twenty_four_test#facing=south,subfacing=west'
[22May2025 19:33:33.098] [Worker-Main-6/WARN] [net.minecraft.client.resources.model.BlockStateModelLoader/]: Exception loading blockstate definition: 'titanium:blockstates/block_asset_test.json' missing model for variant: 'titanium:block_asset_test#subfacing=north'
[22May2025 19:33:33.098] [Worker-Main-6/WARN] [net.minecraft.client.resources.model.BlockStateModelLoader/]: Exception loading blockstate definition: 'titanium:blockstates/block_asset_test.json' missing model for variant: 'titanium:block_asset_test#subfacing=west'
[22May2025 19:33:33.098] [Worker-Main-6/WARN] [net.minecraft.client.resources.model.BlockStateModelLoader/]: Exception loading blockstate definition: 'titanium:blockstates/block_asset_test.json' missing model for variant: 'titanium:block_asset_test#subfacing=east'
[22May2025 19:33:33.098] [Worker-Main-6/WARN] [net.minecraft.client.resources.model.BlockStateModelLoader/]: Exception loading blockstate definition: 'titanium:blockstates/block_asset_test.json' missing model for variant: 'titanium:block_asset_test#subfacing=south'
[22May2025 19:33:33.098] [Worker-Main-6/WARN] [net.minecraft.client.resources.model.BlockStateModelLoader/]: Exception loading blockstate definition: 'titanium:blockstates/machine_test.json' missing model for variant: 'titanium:machine_test#'
[22May2025 19:33:33.098] [Worker-Main-6/WARN] [net.minecraft.client.resources.model.BlockStateModelLoader/]: Exception loading blockstate definition: 'titanium:blockstates/creative_generator.json' missing model for variant: 'titanium:creative_generator#'
[22May2025 19:33:33.150] [Worker-Main-6/WARN] [net.minecraft.client.resources.model.BlockStateModelLoader/]: Exception loading blockstate definition: 'enderio:blockstates/block_detector.json' missing model for variant: 'enderio:block_detector#facing=south,powered=true'
[22May2025 19:33:33.151] [Worker-Main-6/WARN] [net.minecraft.client.resources.model.BlockStateModelLoader/]: Exception loading blockstate definition: 'enderio:blockstates/block_detector.json' missing model for variant: 'enderio:block_detector#facing=north,powered=false'
[22May2025 19:33:33.151] [Worker-Main-6/WARN] [net.minecraft.client.resources.model.BlockStateModelLoader/]: Exception loading blockstate definition: 'enderio:blockstates/block_detector.json' missing model for variant: 'enderio:block_detector#facing=down,powered=false'
[22May2025 19:33:33.151] [Worker-Main-6/WARN] [net.minecraft.client.resources.model.BlockStateModelLoader/]: Exception loading blockstate definition: 'enderio:blockstates/block_detector.json' missing model for variant: 'enderio:block_detector#facing=up,powered=true'
[22May2025 19:33:33.151] [Worker-Main-6/WARN] [net.minecraft.client.resources.model.BlockStateModelLoader/]: Exception loading blockstate definition: 'enderio:blockstates/block_detector.json' missing model for variant: 'enderio:block_detector#facing=up,powered=false'
[22May2025 19:33:33.151] [Worker-Main-6/WARN] [net.minecraft.client.resources.model.BlockStateModelLoader/]: Exception loading blockstate definition: 'enderio:blockstates/block_detector.json' missing model for variant: 'enderio:block_detector#facing=east,powered=false'
[22May2025 19:33:33.151] [Worker-Main-6/WARN] [net.minecraft.client.resources.model.BlockStateModelLoader/]: Exception loading blockstate definition: 'enderio:blockstates/block_detector.json' missing model for variant: 'enderio:block_detector#facing=east,powered=true'
[22May2025 19:33:33.151] [Worker-Main-6/WARN] [net.minecraft.client.resources.model.BlockStateModelLoader/]: Exception loading blockstate definition: 'enderio:blockstates/block_detector.json' missing model for variant: 'enderio:block_detector#facing=north,powered=true'
[22May2025 19:33:33.151] [Worker-Main-6/WARN] [net.minecraft.client.resources.model.BlockStateModelLoader/]: Exception loading blockstate definition: 'enderio:blockstates/block_detector.json' missing model for variant: 'enderio:block_detector#facing=south,powered=false'
[22May2025 19:33:33.151] [Worker-Main-6/WARN] [net.minecraft.client.resources.model.BlockStateModelLoader/]: Exception loading blockstate definition: 'enderio:blockstates/block_detector.json' missing model for variant: 'enderio:block_detector#facing=down,powered=true'
[22May2025 19:33:33.151] [Worker-Main-6/WARN] [net.minecraft.client.resources.model.BlockStateModelLoader/]: Exception loading blockstate definition: 'enderio:blockstates/block_detector.json' missing model for variant: 'enderio:block_detector#facing=west,powered=true'
[22May2025 19:33:33.151] [Worker-Main-6/WARN] [net.minecraft.client.resources.model.BlockStateModelLoader/]: Exception loading blockstate definition: 'enderio:blockstates/block_detector.json' missing model for variant: 'enderio:block_detector#facing=west,powered=false'
[22May2025 19:33:33.158] [Worker-Main-6/WARN] [net.minecraft.client.resources.model.ModelBakery/]: Unable to load model: 'titanium:item/creative_generator' referenced from: titanium:item/creative_generator: java.io.FileNotFoundException: titanium:models/item/creative_generator.json
[22May2025 19:33:33.159] [Worker-Main-6/WARN] [net.minecraft.client.resources.model.ModelBakery/]: Unable to load model: 'titanium:item/block_test' referenced from: titanium:item/block_test: java.io.FileNotFoundException: titanium:models/item/block_test.json
[22May2025 19:33:33.160] [Worker-Main-6/WARN] [net.minecraft.client.resources.model.ModelBakery/]: Unable to load model: 'titanium:item/block_asset_test' referenced from: titanium:item/block_asset_test: java.io.FileNotFoundException: titanium:models/item/block_asset_test.json
[22May2025 19:33:33.161] [Worker-Main-6/WARN] [net.minecraft.client.resources.model.ModelBakery/]: Unable to load model: 'titanium:item/machine_test' referenced from: titanium:item/machine_test: java.io.FileNotFoundException: titanium:models/item/machine_test.json
[22May2025 19:33:33.162] [Worker-Main-6/WARN] [net.minecraft.client.resources.model.ModelBakery/]: Unable to load model: 'enderio:block/block_detector' referenced from: enderio:item/block_detector: java.io.FileNotFoundException: enderio:models/block/block_detector.json
[22May2025 19:33:33.163] [Worker-Main-6/WARN] [net.minecraft.client.resources.model.ModelBakery/]: Unable to load model: 'titanium:item/block_twenty_four_test' referenced from: titanium:item/block_twenty_four_test: java.io.FileNotFoundException: titanium:models/item/block_twenty_four_test.json
[22May2025 19:33:33.164] [Worker-Main-6/WARN] [net.minecraft.client.resources.model.ModelBakery/]: Unable to load model: 'industrialforegoing:item/transporter' referenced from: industrialforegoing:item/transporter: java.io.FileNotFoundException: industrialforegoing:models/item/transporter.json
[22May2025 19:33:34.089] [Worker-Main-13/INFO] [snownee.jade.Jade/]: Start loading plugin from snownee.jade.addon.vanilla.VanillaPlugin
[22May2025 19:33:34.120] [Worker-Main-13/INFO] [snownee.jade.Jade/]: Bootstrapped plugin from snownee.jade.addon.vanilla.VanillaPlugin in 29.70 ms
[22May2025 19:33:34.126] [Worker-Main-13/INFO] [snownee.jade.Jade/]: Loaded plugin from snownee.jade.addon.vanilla.VanillaPlugin in 35.59 ms
[22May2025 19:33:34.127] [Worker-Main-13/INFO] [snownee.jade.Jade/]: Start loading plugin from snownee.jade.addon.universal.UniversalPlugin
[22May2025 19:33:34.131] [Worker-Main-13/INFO] [snownee.jade.Jade/]: Bootstrapped plugin from snownee.jade.addon.universal.UniversalPlugin in 3.469 ms
[22May2025 19:33:34.131] [Worker-Main-13/INFO] [snownee.jade.Jade/]: Loaded plugin from snownee.jade.addon.universal.UniversalPlugin in 3.754 ms
[22May2025 19:33:34.131] [Worker-Main-13/INFO] [snownee.jade.Jade/]: Start loading plugin from snownee.jade.addon.debug.DebugPlugin
[22May2025 19:33:34.133] [Worker-Main-13/INFO] [snownee.jade.Jade/]: Bootstrapped plugin from snownee.jade.addon.debug.DebugPlugin in 1.591 ms
[22May2025 19:33:34.133] [Worker-Main-13/INFO] [snownee.jade.Jade/]: Loaded plugin from snownee.jade.addon.debug.DebugPlugin in 1.823 ms
[22May2025 19:33:34.133] [Worker-Main-13/INFO] [snownee.jade.Jade/]: Start loading plugin from snownee.jade.addon.core.CorePlugin
[22May2025 19:33:34.135] [Worker-Main-13/INFO] [snownee.jade.Jade/]: Bootstrapped plugin from snownee.jade.addon.core.CorePlugin in 2.318 ms
[22May2025 19:33:34.136] [Worker-Main-13/INFO] [snownee.jade.Jade/]: Loaded plugin from snownee.jade.addon.core.CorePlugin in 2.457 ms
[22May2025 19:33:34.136] [Worker-Main-13/INFO] [snownee.jade.Jade/]: Start loading plugin from snownee.jade.addon.access.AccessibilityPlugin
[22May2025 19:33:34.138] [Worker-Main-13/INFO] [snownee.jade.Jade/]: Bootstrapped plugin from snownee.jade.addon.access.AccessibilityPlugin in 1.821 ms
[22May2025 19:33:34.138] [Worker-Main-13/INFO] [snownee.jade.Jade/]: Loaded plugin from snownee.jade.addon.access.AccessibilityPlugin in 1.929 ms
[22May2025 19:33:34.138] [Worker-Main-13/INFO] [snownee.jade.Jade/]: Start loading plugin from mekanism.common.integration.lookingat.jade.MekanismJadePlugin
[22May2025 19:33:34.144] [Worker-Main-13/INFO] [snownee.jade.Jade/]: Bootstrapped plugin from mekanism.common.integration.lookingat.jade.MekanismJadePlugin in 5.364 ms
[22May2025 19:33:34.144] [Worker-Main-13/INFO] [snownee.jade.Jade/]: Loaded plugin from mekanism.common.integration.lookingat.jade.MekanismJadePlugin in 5.499 ms
[22May2025 19:33:34.367] [Render thread/WARN] [net.minecraft.client.sounds.SoundEngine/]: Missing sound for event: minecraft:item.goat_horn.play
[22May2025 19:33:34.367] [Render thread/WARN] [net.minecraft.client.sounds.SoundEngine/]: Missing sound for event: minecraft:entity.goat.screaming.horn_break
[22May2025 19:33:34.402] [Render thread/INFO] [com.mojang.blaze3d.audio.Library/]: OpenAL initialized on device OpenAL Soft on Alto-falantes (High Definition Audio Device)
[22May2025 19:33:34.403] [Render thread/INFO] [net.minecraft.client.sounds.SoundEngine/SOUNDS]: Sound engine started
[22May2025 19:33:34.507] [Render thread/INFO] [net.minecraft.client.renderer.texture.TextureAtlas/]: Created: 2048x1024x2 minecraft:textures/atlas/blocks.png-atlas
[22May2025 19:33:34.542] [Render thread/INFO] [net.minecraft.client.renderer.texture.TextureAtlas/]: Created: 256x256x2 minecraft:textures/atlas/signs.png-atlas
[22May2025 19:33:34.542] [Render thread/INFO] [net.minecraft.client.renderer.texture.TextureAtlas/]: Created: 512x512x2 minecraft:textures/atlas/shield_patterns.png-atlas
[22May2025 19:33:34.543] [Render thread/INFO] [net.minecraft.client.renderer.texture.TextureAtlas/]: Created: 512x512x2 minecraft:textures/atlas/banner_patterns.png-atlas
[22May2025 19:33:34.543] [Render thread/INFO] [net.minecraft.client.renderer.texture.TextureAtlas/]: Created: 1024x1024x2 minecraft:textures/atlas/armor_trims.png-atlas
[22May2025 19:33:34.546] [Render thread/INFO] [net.minecraft.client.renderer.texture.TextureAtlas/]: Created: 256x256x2 minecraft:textures/atlas/chest.png-atlas
[22May2025 19:33:34.546] [Render thread/INFO] [net.minecraft.client.renderer.texture.TextureAtlas/]: Created: 128x64x2 minecraft:textures/atlas/decorated_pot.png-atlas
[22May2025 19:33:34.547] [Render thread/INFO] [net.minecraft.client.renderer.texture.TextureAtlas/]: Created: 512x256x2 minecraft:textures/atlas/shulker_boxes.png-atlas
[22May2025 19:33:34.547] [Render thread/INFO] [net.minecraft.client.renderer.texture.TextureAtlas/]: Created: 512x256x2 minecraft:textures/atlas/beds.png-atlas
[22May2025 19:33:34.754] [Render thread/INFO] [net.minecraft.client.renderer.texture.TextureAtlas/]: Created: 512x256x0 minecraft:textures/atlas/particles.png-atlas
[22May2025 19:33:34.757] [Render thread/INFO] [net.minecraft.client.renderer.texture.TextureAtlas/]: Created: 512x256x0 minecraft:textures/atlas/paintings.png-atlas
[22May2025 19:33:34.757] [Render thread/INFO] [net.minecraft.client.renderer.texture.TextureAtlas/]: Created: 256x128x0 minecraft:textures/atlas/mob_effects.png-atlas
[22May2025 19:33:34.757] [Render thread/INFO] [net.minecraft.client.renderer.texture.TextureAtlas/]: Created: 64x64x0 minecraft:textures/atlas/map_decorations.png-atlas
[22May2025 19:33:34.757] [Render thread/INFO] [net.minecraft.client.renderer.texture.TextureAtlas/]: Created: 1024x512x0 minecraft:textures/atlas/gui.png-atlas
[22May2025 19:33:34.782] [Render thread/WARN] [net.minecraft.client.renderer.ShaderInstance/]: Shader rendertype_entity_translucent_emissive could not find sampler named Sampler2 in the specified shader program.
[22May2025 19:33:34.847] [Render thread/WARN] [dev.kosmx.playerAnim.minecraftApi.PlayerAnimationRegistry/]: [WARNING FOR MOD DEVS] Animation player_animation/bite.json is in wrong directory: "player_animation", please place it in "player_animations".
[22May2025 19:33:34.859] [Render thread/INFO] [net.minecraft.client.renderer.texture.TextureAtlas/]: Created: 256x256x0 jei:textures/atlas/gui.png-atlas
[22May2025 19:33:34.860] [Render thread/INFO] [net.minecraft.client.renderer.texture.TextureAtlas/]: Created: 512x256x0 mekanism:textures/atlas/robit.png-atlas
[22May2025 19:33:34.865] [Render thread/INFO] [net.neoforged.neoforge.client.entity.animation.json.AnimationLoader/]: Loaded 0 entity animations
[22May2025 19:33:34.883] [Render thread/INFO] [Iris/]: Creating pipeline for dimension minecraft:overworld
[22May2025 19:33:34.951] [Render thread/WARN] [Iris/]: Failed to resolve uniform inPaleGarden, reason: Unknown variable: BIOME_PALE_GARDEN ( = FunctionCall{smooth {[Number{54}, FunctionCall{if {[FunctionCall{in {[Id{biome}, Id{BIOME_PALE_GARDEN}]} }, Number{1}, Number{0}]} }, Number{15}, Number{15}]} })
java.lang.RuntimeException: Unknown variable: BIOME_PALE_GARDEN
	at TRANSFORMER/iris@1.8.6+mc1.21.1/kroppeb.stareval.resolver.ExpressionResolver.resolveExpressionInternal(ExpressionResolver.java:225) ~[iris-neoforge-1.8.6+mc1.21.1.jar%23211!/:?]
	at TRANSFORMER/iris@1.8.6+mc1.21.1/kroppeb.stareval.resolver.ExpressionResolver.resolveCallExpressionInternal(ExpressionResolver.java:81) ~[iris-neoforge-1.8.6+mc1.21.1.jar%23211!/:?]
	at TRANSFORMER/iris@1.8.6+mc1.21.1/kroppeb.stareval.resolver.ExpressionResolver.resolveCallExpression(ExpressionResolver.java:140) ~[iris-neoforge-1.8.6+mc1.21.1.jar%23211!/:?]
	at TRANSFORMER/iris@1.8.6+mc1.21.1/kroppeb.stareval.resolver.ExpressionResolver.resolveExpressionInternal(ExpressionResolver.java:196) ~[iris-neoforge-1.8.6+mc1.21.1.jar%23211!/:?]
	at TRANSFORMER/iris@1.8.6+mc1.21.1/kroppeb.stareval.resolver.ExpressionResolver.resolveCallExpressionInternal(ExpressionResolver.java:81) ~[iris-neoforge-1.8.6+mc1.21.1.jar%23211!/:?]
	at TRANSFORMER/iris@1.8.6+mc1.21.1/kroppeb.stareval.resolver.ExpressionResolver.resolveCallExpression(ExpressionResolver.java:140) ~[iris-neoforge-1.8.6+mc1.21.1.jar%23211!/:?]
	at TRANSFORMER/iris@1.8.6+mc1.21.1/kroppeb.stareval.resolver.ExpressionResolver.resolveCallExpression(ExpressionResolver.java:127) ~[iris-neoforge-1.8.6+mc1.21.1.jar%23211!/:?]
	at TRANSFORMER/iris@1.8.6+mc1.21.1/kroppeb.stareval.resolver.ExpressionResolver.resolveExpressionInternal(ExpressionResolver.java:196) ~[iris-neoforge-1.8.6+mc1.21.1.jar%23211!/:?]
	at TRANSFORMER/iris@1.8.6+mc1.21.1/kroppeb.stareval.resolver.ExpressionResolver.resolveCallExpressionInternal(ExpressionResolver.java:81) ~[iris-neoforge-1.8.6+mc1.21.1.jar%23211!/:?]
	at TRANSFORMER/iris@1.8.6+mc1.21.1/kroppeb.stareval.resolver.ExpressionResolver.resolveCallExpression(ExpressionResolver.java:140) ~[iris-neoforge-1.8.6+mc1.21.1.jar%23211!/:?]
	at TRANSFORMER/iris@1.8.6+mc1.21.1/kroppeb.stareval.resolver.ExpressionResolver.resolveExpressionInternal(ExpressionResolver.java:196) ~[iris-neoforge-1.8.6+mc1.21.1.jar%23211!/:?]
	at TRANSFORMER/iris@1.8.6+mc1.21.1/kroppeb.stareval.resolver.ExpressionResolver.resolveExpression(ExpressionResolver.java:50) ~[iris-neoforge-1.8.6+mc1.21.1.jar%23211!/:?]
	at TRANSFORMER/iris@1.8.6+mc1.21.1/net.irisshaders.iris.uniforms.custom.CustomUniforms.<init>(CustomUniforms.java:60) ~[iris-neoforge-1.8.6+mc1.21.1.jar%23211!/:?]
	at TRANSFORMER/iris@1.8.6+mc1.21.1/net.irisshaders.iris.uniforms.custom.CustomUniforms$Builder.build(CustomUniforms.java:332) ~[iris-neoforge-1.8.6+mc1.21.1.jar%23211!/:?]
	at TRANSFORMER/iris@1.8.6+mc1.21.1/net.irisshaders.iris.uniforms.custom.CustomUniforms$Builder.build(CustomUniforms.java:343) ~[iris-neoforge-1.8.6+mc1.21.1.jar%23211!/:?]
	at TRANSFORMER/iris@1.8.6+mc1.21.1/net.irisshaders.iris.pipeline.IrisRenderingPipeline.<init>(IrisRenderingPipeline.java:282) ~[iris-neoforge-1.8.6+mc1.21.1.jar%23211!/:?]
	at TRANSFORMER/iris@1.8.6+mc1.21.1/net.irisshaders.iris.Iris.createPipeline(Iris.java:616) ~[iris-neoforge-1.8.6+mc1.21.1.jar%23211!/:?]
	at TRANSFORMER/iris@1.8.6+mc1.21.1/net.irisshaders.iris.pipeline.PipelineManager.preparePipeline(PipelineManager.java:33) ~[iris-neoforge-1.8.6+mc1.21.1.jar%23211!/:?]
	at TRANSFORMER/iris@1.8.6+mc1.21.1/net.irisshaders.iris.Iris.onLoadingComplete(Iris.java:150) ~[iris-neoforge-1.8.6+mc1.21.1.jar%23211!/:?]
	at TRANSFORMER/minecraft@1.21.1/net.minecraft.client.gui.screens.TitleScreen.handler$zmi000$iris$firstInit(TitleScreen.java:525) ~[neoforge-21.1.172-minecraft.jar%23205!/:?]
	at TRANSFORMER/minecraft@1.21.1/net.minecraft.client.gui.screens.TitleScreen.init(TitleScreen.java:157) ~[neoforge-21.1.172-minecraft.jar%23205!/:?]
	at TRANSFORMER/minecraft@1.21.1/net.minecraft.client.gui.screens.Screen.init(Screen.java:317) ~[neoforge-21.1.172-minecraft.jar%23205!/:?]
	at TRANSFORMER/minecraft@1.21.1/net.minecraft.client.Minecraft.setScreen(Minecraft.java:1057) ~[neoforge-21.1.172-minecraft.jar%23205!/:?]
	at TRANSFORMER/minecraft@1.21.1/net.minecraft.client.Minecraft.lambda$buildInitialScreens$9(Minecraft.java:664) ~[neoforge-21.1.172-minecraft.jar%23205!/:?]
	at TRANSFORMER/minecraft@1.21.1/net.minecraft.client.Minecraft.onGameLoadFinished(Minecraft.java:650) ~[neoforge-21.1.172-minecraft.jar%23205!/:?]
	at TRANSFORMER/minecraft@1.21.1/net.minecraft.client.Minecraft.onResourceLoadFinished(Minecraft.java:641) ~[neoforge-21.1.172-minecraft.jar%23205!/:?]
	at TRANSFORMER/minecraft@1.21.1/net.minecraft.client.Minecraft.lambda$new$7(Minecraft.java:629) ~[neoforge-21.1.172-minecraft.jar%23205!/:?]
	at TRANSFORMER/minecraft@1.21.1/net.minecraft.Util.ifElse(Util.java:513) ~[neoforge-21.1.172-minecraft.jar%23205!/:?]
	at TRANSFORMER/minecraft@1.21.1/net.minecraft.client.Minecraft.lambda$new$8(Minecraft.java:623) ~[neoforge-21.1.172-minecraft.jar%23205!/:?]
	at TRANSFORMER/neoforge@21.1.172/net.neoforged.neoforge.client.loading.NeoForgeLoadingOverlay.render(NeoForgeLoadingOverlay.java:145) ~[neoforge-21.1.172-minecraft.jar%23206!/:?]
	at TRANSFORMER/minecraft@1.21.1/net.minecraft.client.renderer.GameRenderer.render(GameRenderer.java:1081) ~[neoforge-21.1.172-minecraft.jar%23205!/:?]
	at TRANSFORMER/minecraft@1.21.1/net.minecraft.client.Minecraft.runTick(Minecraft.java:1195) ~[neoforge-21.1.172-minecraft.jar%23205!/:?]
	at TRANSFORMER/minecraft@1.21.1/net.minecraft.client.Minecraft.run(Minecraft.java:807) ~[neoforge-21.1.172-minecraft.jar%23205!/:?]
	at TRANSFORMER/minecraft@1.21.1/net.minecraft.client.main.Main.main(Main.java:230) ~[neoforge-21.1.172-minecraft.jar%23205!/:?]
	at java.base/jdk.internal.reflect.DirectMethodHandleAccessor.invoke(DirectMethodHandleAccessor.java:103) ~[?:?]
	at java.base/java.lang.reflect.Method.invoke(Method.java:580) ~[?:?]
	at MC-BOOTSTRAP/fml_loader@4.0.39/net.neoforged.fml.loading.targets.CommonLaunchHandler.runTarget(CommonLaunchHandler.java:136) ~[loader-4.0.39.jar%23146!/:4.0]
	at MC-BOOTSTRAP/fml_loader@4.0.39/net.neoforged.fml.loading.targets.CommonLaunchHandler.clientService(CommonLaunchHandler.java:124) ~[loader-4.0.39.jar%23146!/:4.0]
	at MC-BOOTSTRAP/fml_loader@4.0.39/net.neoforged.fml.loading.targets.NeoForgeClientDevLaunchHandler.runService(NeoForgeClientDevLaunchHandler.java:23) ~[loader-4.0.39.jar%23146!/:4.0]
	at MC-BOOTSTRAP/fml_loader@4.0.39/net.neoforged.fml.loading.targets.CommonLaunchHandler.lambda$launchService$4(CommonLaunchHandler.java:118) ~[loader-4.0.39.jar%23146!/:4.0]
	at MC-BOOTSTRAP/cpw.mods.modlauncher@11.0.4/cpw.mods.modlauncher.LaunchServiceHandlerDecorator.launch(LaunchServiceHandlerDecorator.java:30) [modlauncher-11.0.4.jar%23128!/:?]
	at MC-BOOTSTRAP/cpw.mods.modlauncher@11.0.4/cpw.mods.modlauncher.LaunchServiceHandler.launch(LaunchServiceHandler.java:53) [modlauncher-11.0.4.jar%23128!/:?]
	at MC-BOOTSTRAP/cpw.mods.modlauncher@11.0.4/cpw.mods.modlauncher.LaunchServiceHandler.launch(LaunchServiceHandler.java:71) [modlauncher-11.0.4.jar%23128!/:?]
	at MC-BOOTSTRAP/cpw.mods.modlauncher@11.0.4/cpw.mods.modlauncher.Launcher.run(Launcher.java:103) [modlauncher-11.0.4.jar%23128!/:?]
	at MC-BOOTSTRAP/cpw.mods.modlauncher@11.0.4/cpw.mods.modlauncher.Launcher.main(Launcher.java:74) [modlauncher-11.0.4.jar%23128!/:?]
	at MC-BOOTSTRAP/cpw.mods.modlauncher@11.0.4/cpw.mods.modlauncher.BootstrapLaunchConsumer.accept(BootstrapLaunchConsumer.java:26) [modlauncher-11.0.4.jar%23128!/:?]
	at MC-BOOTSTRAP/cpw.mods.modlauncher@11.0.4/cpw.mods.modlauncher.BootstrapLaunchConsumer.accept(BootstrapLaunchConsumer.java:23) [modlauncher-11.0.4.jar%23128!/:?]
	at cpw.mods.bootstraplauncher@2.0.2/cpw.mods.bootstraplauncher.BootstrapLauncher.run(BootstrapLauncher.java:210) [bootstraplauncher-2.0.2.jar:?]
	at cpw.mods.bootstraplauncher@2.0.2/cpw.mods.bootstraplauncher.BootstrapLauncher.main(BootstrapLauncher.java:69) [bootstraplauncher-2.0.2.jar:?]
	at java.base/jdk.internal.reflect.DirectMethodHandleAccessor.invoke(DirectMethodHandleAccessor.java:103) ~[?:?]
	at java.base/java.lang.reflect.Method.invoke(Method.java:580) ~[?:?]
	at DevLaunch@1.0.1/net.neoforged.devlaunch.Main.main(Main.java:55) [DevLaunch-1.0.1.jar:?]
[22May2025 19:33:43.603] [Worker-Main-5/ERROR] [net.minecraft.world.level.storage.loot.LootDataType/]: Couldn't parse element ResourceKey[minecraft:root / minecraft:loot_table]:simple_incubator:blocks/incubation_table_six - Unknown registry key in ResourceKey[minecraft:root / minecraft:item]: yourmodid:incubadora_item
[22May2025 19:33:44.091] [Render thread/INFO] [net.minecraft.world.item.crafting.RecipeManager/]: Loaded 4857 recipes
[22May2025 19:33:44.341] [Render thread/INFO] [net.minecraft.advancements.AdvancementTree/]: Loaded 3058 advancements
[22May2025 19:33:44.348] [Render thread/INFO] [com.enderio.machines.common.souldata.SoulDataReloadListener/]: Data loader for eio_soul/solar loaded 1 jsons
[22May2025 19:33:44.348] [Render thread/INFO] [com.enderio.machines.common.souldata.SoulDataReloadListener/]: Data loader for eio_soul/spawner loaded 73 jsons
[22May2025 19:33:44.348] [Render thread/INFO] [com.enderio.machines.common.souldata.SoulDataReloadListener/]: Data loader for eio_soul/engine loaded 5 jsons
[22May2025 19:33:44.798] [Render thread/INFO] [mezz.jei.neoforge.startup.StartEventObserver/]: JEI StartEventObserver received class net.neoforged.neoforge.event.TagsUpdatedEvent too early, ignoring
[22May2025 19:33:44.805] [Render thread/INFO] [snownee.jade.Jade/]: LootTableMineableCollector took 5.210 ms
[22May2025 19:33:44.874] [Server thread/INFO] [net.minecraft.client.server.IntegratedServer/]: Starting integrated minecraft server version 1.21.1
[22May2025 19:33:44.875] [Server thread/INFO] [net.minecraft.server.MinecraftServer/]: Generating keypair
[22May2025 19:33:45.148] [Server thread/INFO] [net.minecraft.server.MinecraftServer/]: Preparing start region for dimension minecraft:overworld
[22May2025 19:33:45.443] [progressListener/INFO] [net.minecraft.server.level.progress.LoggerChunkProgressListener/]: Preparando área de nascimento: 0%
[22May2025 19:33:45.602] [Server thread/INFO] [net.neoforged.neoforge.server.permission.PermissionAPI/]: Successfully initialized permission handler neoforge:default_handler
[22May2025 19:33:45.609] [progressListener/INFO] [net.minecraft.server.level.progress.LoggerChunkProgressListener/]: Time elapsed: 446 ms
[22May2025 19:33:45.655] [Server thread/INFO] [net.minecraft.client.server.IntegratedServer/]: Changing view distance to 14, from 10
[22May2025 19:33:45.655] [Server thread/INFO] [net.minecraft.client.server.IntegratedServer/]: Changing simulation distance to 12, from 0
[22May2025 19:33:46.177] [Render thread/INFO] [mezz.jei.neoforge.startup.StartEventObserver/]: JEI StartEventObserver received class net.neoforged.neoforge.event.TagsUpdatedEvent
[22May2025 19:33:46.392] [Server thread/INFO] [net.minecraft.server.players.PlayerList/]: Dev[local:E:aed15df8] logged in with entity id 22 at (17.90335782306671, 0.0, 16.261219527315657)
[22May2025 19:33:46.475] [Server thread/INFO] [net.minecraft.server.MinecraftServer/]: Dev entrou no jogo
[22May2025 19:33:46.475] [Render thread/INFO] [Iris/]: Reloading pipeline on dimension change: minecraft:overworld => minecraft:overworld
[22May2025 19:33:46.476] [Render thread/INFO] [Iris/]: Destroying pipeline minecraft:overworld
[22May2025 19:33:46.486] [Render thread/INFO] [Iris/]: Creating pipeline for dimension minecraft:overworld
[22May2025 19:33:46.491] [Render thread/WARN] [Iris/]: Failed to resolve uniform inPaleGarden, reason: Unknown variable: BIOME_PALE_GARDEN ( = FunctionCall{smooth {[Number{54}, FunctionCall{if {[FunctionCall{in {[Id{biome}, Id{BIOME_PALE_GARDEN}]} }, Number{1}, Number{0}]} }, Number{15}, Number{15}]} })
java.lang.RuntimeException: Unknown variable: BIOME_PALE_GARDEN
	at TRANSFORMER/iris@1.8.6+mc1.21.1/kroppeb.stareval.resolver.ExpressionResolver.resolveExpressionInternal(ExpressionResolver.java:225) ~[iris-neoforge-1.8.6+mc1.21.1.jar%23211!/:?]
	at TRANSFORMER/iris@1.8.6+mc1.21.1/kroppeb.stareval.resolver.ExpressionResolver.resolveCallExpressionInternal(ExpressionResolver.java:81) ~[iris-neoforge-1.8.6+mc1.21.1.jar%23211!/:?]
	at TRANSFORMER/iris@1.8.6+mc1.21.1/kroppeb.stareval.resolver.ExpressionResolver.resolveCallExpression(ExpressionResolver.java:140) ~[iris-neoforge-1.8.6+mc1.21.1.jar%23211!/:?]
	at TRANSFORMER/iris@1.8.6+mc1.21.1/kroppeb.stareval.resolver.ExpressionResolver.resolveExpressionInternal(ExpressionResolver.java:196) ~[iris-neoforge-1.8.6+mc1.21.1.jar%23211!/:?]
	at TRANSFORMER/iris@1.8.6+mc1.21.1/kroppeb.stareval.resolver.ExpressionResolver.resolveCallExpressionInternal(ExpressionResolver.java:81) ~[iris-neoforge-1.8.6+mc1.21.1.jar%23211!/:?]
	at TRANSFORMER/iris@1.8.6+mc1.21.1/kroppeb.stareval.resolver.ExpressionResolver.resolveCallExpression(ExpressionResolver.java:140) ~[iris-neoforge-1.8.6+mc1.21.1.jar%23211!/:?]
	at TRANSFORMER/iris@1.8.6+mc1.21.1/kroppeb.stareval.resolver.ExpressionResolver.resolveCallExpression(ExpressionResolver.java:127) ~[iris-neoforge-1.8.6+mc1.21.1.jar%23211!/:?]
	at TRANSFORMER/iris@1.8.6+mc1.21.1/kroppeb.stareval.resolver.ExpressionResolver.resolveExpressionInternal(ExpressionResolver.java:196) ~[iris-neoforge-1.8.6+mc1.21.1.jar%23211!/:?]
	at TRANSFORMER/iris@1.8.6+mc1.21.1/kroppeb.stareval.resolver.ExpressionResolver.resolveCallExpressionInternal(ExpressionResolver.java:81) ~[iris-neoforge-1.8.6+mc1.21.1.jar%23211!/:?]
	at TRANSFORMER/iris@1.8.6+mc1.21.1/kroppeb.stareval.resolver.ExpressionResolver.resolveCallExpression(ExpressionResolver.java:140) ~[iris-neoforge-1.8.6+mc1.21.1.jar%23211!/:?]
	at TRANSFORMER/iris@1.8.6+mc1.21.1/kroppeb.stareval.resolver.ExpressionResolver.resolveExpressionInternal(ExpressionResolver.java:196) ~[iris-neoforge-1.8.6+mc1.21.1.jar%23211!/:?]
	at TRANSFORMER/iris@1.8.6+mc1.21.1/kroppeb.stareval.resolver.ExpressionResolver.resolveExpression(ExpressionResolver.java:50) ~[iris-neoforge-1.8.6+mc1.21.1.jar%23211!/:?]
	at TRANSFORMER/iris@1.8.6+mc1.21.1/net.irisshaders.iris.uniforms.custom.CustomUniforms.<init>(CustomUniforms.java:60) ~[iris-neoforge-1.8.6+mc1.21.1.jar%23211!/:?]
	at TRANSFORMER/iris@1.8.6+mc1.21.1/net.irisshaders.iris.uniforms.custom.CustomUniforms$Builder.build(CustomUniforms.java:332) ~[iris-neoforge-1.8.6+mc1.21.1.jar%23211!/:?]
	at TRANSFORMER/iris@1.8.6+mc1.21.1/net.irisshaders.iris.uniforms.custom.CustomUniforms$Builder.build(CustomUniforms.java:343) ~[iris-neoforge-1.8.6+mc1.21.1.jar%23211!/:?]
	at TRANSFORMER/iris@1.8.6+mc1.21.1/net.irisshaders.iris.pipeline.IrisRenderingPipeline.<init>(IrisRenderingPipeline.java:282) ~[iris-neoforge-1.8.6+mc1.21.1.jar%23211!/:?]
	at TRANSFORMER/iris@1.8.6+mc1.21.1/net.irisshaders.iris.Iris.createPipeline(Iris.java:616) ~[iris-neoforge-1.8.6+mc1.21.1.jar%23211!/:?]
	at TRANSFORMER/iris@1.8.6+mc1.21.1/net.irisshaders.iris.pipeline.PipelineManager.preparePipeline(PipelineManager.java:33) ~[iris-neoforge-1.8.6+mc1.21.1.jar%23211!/:?]
	at TRANSFORMER/minecraft@1.21.1/net.minecraft.client.Minecraft.handler$zll000$iris$resetPipeline(Minecraft.java:5042) ~[neoforge-21.1.172-minecraft.jar%23205!/:?]
	at TRANSFORMER/minecraft@1.21.1/net.minecraft.client.Minecraft.updateLevelInEngines(Minecraft.java) ~[neoforge-21.1.172-minecraft.jar%23205!/:?]
	at TRANSFORMER/minecraft@1.21.1/net.minecraft.client.Minecraft.setLevel(Minecraft.java:2117) ~[neoforge-21.1.172-minecraft.jar%23205!/:?]
	at TRANSFORMER/minecraft@1.21.1/net.minecraft.client.multiplayer.ClientPacketListener.handleLogin(ClientPacketListener.java:421) ~[neoforge-21.1.172-minecraft.jar%23205!/:?]
	at TRANSFORMER/minecraft@1.21.1/net.minecraft.network.protocol.game.ClientboundLoginPacket.handle(ClientboundLoginPacket.java:67) ~[neoforge-21.1.172-minecraft.jar%23205!/:?]
	at TRANSFORMER/minecraft@1.21.1/net.minecraft.network.protocol.game.ClientboundLoginPacket.handle(ClientboundLoginPacket.java:14) ~[neoforge-21.1.172-minecraft.jar%23205!/:?]
	at TRANSFORMER/minecraft@1.21.1/net.minecraft.network.protocol.PacketUtils.lambda$ensureRunningOnSameThread$0(PacketUtils.java:26) ~[neoforge-21.1.172-minecraft.jar%23205!/:?]
	at TRANSFORMER/minecraft@1.21.1/net.minecraft.util.thread.BlockableEventLoop.doRunTask(BlockableEventLoop.java:148) ~[neoforge-21.1.172-minecraft.jar%23205!/:?]
	at TRANSFORMER/minecraft@1.21.1/net.minecraft.util.thread.ReentrantBlockableEventLoop.doRunTask(ReentrantBlockableEventLoop.java:24) ~[neoforge-21.1.172-minecraft.jar%23205!/:?]
	at TRANSFORMER/minecraft@1.21.1/net.minecraft.util.thread.BlockableEventLoop.pollTask(BlockableEventLoop.java:122) ~[neoforge-21.1.172-minecraft.jar%23205!/:?]
	at TRANSFORMER/minecraft@1.21.1/net.minecraft.util.thread.BlockableEventLoop.runAllTasks(BlockableEventLoop.java:111) ~[neoforge-21.1.172-minecraft.jar%23205!/:?]
	at TRANSFORMER/minecraft@1.21.1/net.minecraft.client.Minecraft.runTick(Minecraft.java:1155) ~[neoforge-21.1.172-minecraft.jar%23205!/:?]
	at TRANSFORMER/minecraft@1.21.1/net.minecraft.client.Minecraft.run(Minecraft.java:807) ~[neoforge-21.1.172-minecraft.jar%23205!/:?]
	at TRANSFORMER/minecraft@1.21.1/net.minecraft.client.main.Main.main(Main.java:230) ~[neoforge-21.1.172-minecraft.jar%23205!/:?]
	at java.base/jdk.internal.reflect.DirectMethodHandleAccessor.invoke(DirectMethodHandleAccessor.java:103) ~[?:?]
	at java.base/java.lang.reflect.Method.invoke(Method.java:580) ~[?:?]
	at MC-BOOTSTRAP/fml_loader@4.0.39/net.neoforged.fml.loading.targets.CommonLaunchHandler.runTarget(CommonLaunchHandler.java:136) ~[loader-4.0.39.jar%23146!/:4.0]
	at MC-BOOTSTRAP/fml_loader@4.0.39/net.neoforged.fml.loading.targets.CommonLaunchHandler.clientService(CommonLaunchHandler.java:124) ~[loader-4.0.39.jar%23146!/:4.0]
	at MC-BOOTSTRAP/fml_loader@4.0.39/net.neoforged.fml.loading.targets.NeoForgeClientDevLaunchHandler.runService(NeoForgeClientDevLaunchHandler.java:23) ~[loader-4.0.39.jar%23146!/:4.0]
	at MC-BOOTSTRAP/fml_loader@4.0.39/net.neoforged.fml.loading.targets.CommonLaunchHandler.lambda$launchService$4(CommonLaunchHandler.java:118) ~[loader-4.0.39.jar%23146!/:4.0]
	at MC-BOOTSTRAP/cpw.mods.modlauncher@11.0.4/cpw.mods.modlauncher.LaunchServiceHandlerDecorator.launch(LaunchServiceHandlerDecorator.java:30) [modlauncher-11.0.4.jar%23128!/:?]
	at MC-BOOTSTRAP/cpw.mods.modlauncher@11.0.4/cpw.mods.modlauncher.LaunchServiceHandler.launch(LaunchServiceHandler.java:53) [modlauncher-11.0.4.jar%23128!/:?]
	at MC-BOOTSTRAP/cpw.mods.modlauncher@11.0.4/cpw.mods.modlauncher.LaunchServiceHandler.launch(LaunchServiceHandler.java:71) [modlauncher-11.0.4.jar%23128!/:?]
	at MC-BOOTSTRAP/cpw.mods.modlauncher@11.0.4/cpw.mods.modlauncher.Launcher.run(Launcher.java:103) [modlauncher-11.0.4.jar%23128!/:?]
	at MC-BOOTSTRAP/cpw.mods.modlauncher@11.0.4/cpw.mods.modlauncher.Launcher.main(Launcher.java:74) [modlauncher-11.0.4.jar%23128!/:?]
	at MC-BOOTSTRAP/cpw.mods.modlauncher@11.0.4/cpw.mods.modlauncher.BootstrapLaunchConsumer.accept(BootstrapLaunchConsumer.java:26) [modlauncher-11.0.4.jar%23128!/:?]
	at MC-BOOTSTRAP/cpw.mods.modlauncher@11.0.4/cpw.mods.modlauncher.BootstrapLaunchConsumer.accept(BootstrapLaunchConsumer.java:23) [modlauncher-11.0.4.jar%23128!/:?]
	at cpw.mods.bootstraplauncher@2.0.2/cpw.mods.bootstraplauncher.BootstrapLauncher.run(BootstrapLauncher.java:210) [bootstraplauncher-2.0.2.jar:?]
	at cpw.mods.bootstraplauncher@2.0.2/cpw.mods.bootstraplauncher.BootstrapLauncher.main(BootstrapLauncher.java:69) [bootstraplauncher-2.0.2.jar:?]
	at java.base/jdk.internal.reflect.DirectMethodHandleAccessor.invoke(DirectMethodHandleAccessor.java:103) ~[?:?]
	at java.base/java.lang.reflect.Method.invoke(Method.java:580) ~[?:?]
	at DevLaunch@1.0.1/net.neoforged.devlaunch.Main.main(Main.java:55) [DevLaunch-1.0.1.jar:?]
[22May2025 19:33:46.927] [Render thread/INFO] [ChunkBuilder/]: Started 10 worker threads
[22May2025 19:33:47.241] [Render thread/INFO] [mezz.jei.neoforge.startup.StartEventObserver/]: JEI StartEventObserver received class net.neoforged.neoforge.client.event.RecipesUpdatedEvent
[22May2025 19:33:47.241] [Render thread/INFO] [mezz.jei.neoforge.startup.StartEventObserver/]: JEI StartEventObserver transitioning state from LISTENING to JEI_STARTED
[22May2025 19:33:47.245] [Render thread/INFO] [mezz.jei.core.util.LoggedTimer/]: Starting JEI...
[22May2025 19:33:47.263] [Render thread/INFO] [mezz.jei.library.load.PluginCaller/]: Registering item subtypes...
[22May2025 19:33:47.281] [Render thread/INFO] [mezz.jei.library.load.PluginCallerTimerRunnable/]: Registering item subtypes: jei:minecraft took 16.19 milliseconds
[22May2025 19:33:47.331] [Render thread/INFO] [mezz.jei.library.load.PluginCallerTimerRunnable/]: Registering item subtypes: mekanism:jei_plugin took 39.71 milliseconds
[22May2025 19:33:47.332] [Render thread/INFO] [mezz.jei.library.load.PluginCaller/]: Registering item subtypes took 69.16 ms
[22May2025 19:33:47.334] [Render thread/INFO] [mezz.jei.library.load.PluginCaller/]: Registering fluid subtypes...
[22May2025 19:33:47.339] [Render thread/INFO] [mezz.jei.library.load.PluginCaller/]: Registering fluid subtypes took 5.165 ms
[22May2025 19:33:47.344] [Render thread/INFO] [mezz.jei.library.load.PluginCaller/]: Registering ingredients...
[22May2025 19:33:47.527] [Render thread/WARN] [mezz.jei.library.plugins.vanilla.ingredients.ItemStackListFactory/]: Item Group has no display items and no search tab display items. Items from this group will be missing from the JEI ingredient list. Blocos de operador
[22May2025 19:33:47.532] [Render thread/WARN] [mezz.jei.library.plugins.vanilla.ingredients.ItemStackListFactory/]: 4 duplicate items were found in 'Engrenagens Ender IO' creative tab's: displayItems
This may indicate that these types of item need a subtype interpreter added to JEI:
[enderio:staff_of_travelling, enderio:cold_fire_igniter, enderio:electromagnet, enderio:staff_of_levity]
[22May2025 19:33:47.602] [Render thread/INFO] [mezz.jei.library.load.PluginCallerTimerRunnable/]: Registering ingredients: jei:minecraft took 256.5 milliseconds
[22May2025 19:33:47.615] [Render thread/INFO] [mezz.jei.library.load.PluginCallerTimerRunnable/]: Registering ingredients: mekanism:jei_plugin took 12.68 milliseconds
[22May2025 19:33:47.615] [Render thread/INFO] [mezz.jei.library.load.PluginCaller/]: Registering ingredients took 270.5 ms
[22May2025 19:33:47.616] [Render thread/INFO] [mezz.jei.library.load.PluginCaller/]: Registering extra ingredients...
[22May2025 19:33:47.617] [Render thread/INFO] [mezz.jei.library.load.PluginCaller/]: Registering extra ingredients took 716.3 μs
[22May2025 19:33:47.620] [Render thread/INFO] [mezz.jei.library.load.PluginCaller/]: Registering search ingredient aliases...
[22May2025 19:33:47.646] [Render thread/INFO] [mezz.jei.library.load.PluginCallerTimerRunnable/]: Registering search ingredient aliases: mekanism:jei_plugin took 24.12 milliseconds
[22May2025 19:33:47.650] [Render thread/INFO] [mezz.jei.library.load.PluginCaller/]: Registering search ingredient aliases took 29.04 ms
[22May2025 19:33:47.703] [Render thread/INFO] [mezz.jei.library.load.PluginCaller/]: Registering Mod Info...
[22May2025 19:33:47.704] [Render thread/INFO] [mezz.jei.library.load.PluginCaller/]: Registering Mod Info took 1.305 ms
[22May2025 19:33:47.752] [Render thread/INFO] [mezz.jei.library.load.PluginCaller/]: Registering categories...
[22May2025 19:33:47.816] [Render thread/INFO] [mezz.jei.library.load.PluginCallerTimerRunnable/]: Registering categories: jei:minecraft took 62.63 milliseconds
[22May2025 19:33:47.863] [Render thread/INFO] [mezz.jei.library.load.PluginCallerTimerRunnable/]: Registering categories: industrialforegoing:default took 47.60 milliseconds
[22May2025 19:33:47.987] [Render thread/INFO] [mezz.jei.library.load.PluginCallerTimerRunnable/]: Registering categories: mekanism:jei_plugin took 119.8 milliseconds
[22May2025 19:33:48.026] [Render thread/INFO] [mezz.jei.library.load.PluginCallerTimerRunnable/]: Registering categories: enderio:machines took 22.83 milliseconds
[22May2025 19:33:48.040] [Render thread/INFO] [mezz.jei.library.load.PluginCallerTimerRunnable/]: Registering categories: jei:internal took 14.20 milliseconds
[22May2025 19:33:48.040] [Render thread/INFO] [mezz.jei.library.load.PluginCaller/]: Registering categories took 288.4 ms
[22May2025 19:33:48.043] [Render thread/INFO] [mezz.jei.library.load.PluginCaller/]: Registering vanilla category extensions...
[22May2025 19:33:48.064] [Render thread/INFO] [mezz.jei.library.load.PluginCaller/]: Registering vanilla category extensions took 20.17 ms
[22May2025 19:33:48.068] [Render thread/INFO] [mezz.jei.library.load.PluginCaller/]: Registering recipe catalysts...
[22May2025 19:33:48.072] [Render thread/INFO] [mezz.jei.library.load.PluginCaller/]: Registering recipe catalysts took 4.230 ms
[22May2025 19:33:48.073] [Render thread/INFO] [mezz.jei.core.util.LoggedTimer/]: Building recipe registry...
[22May2025 19:33:48.117] [Render thread/INFO] [mezz.jei.core.util.LoggedTimer/]: Building recipe registry took 45.03 ms
[22May2025 19:33:48.122] [Render thread/INFO] [mezz.jei.library.load.PluginCaller/]: Registering advanced plugins...
[22May2025 19:33:48.123] [Render thread/INFO] [mezz.jei.library.load.PluginCaller/]: Registering advanced plugins took 951.5 μs
[22May2025 19:33:48.127] [Render thread/INFO] [mezz.jei.library.load.PluginCaller/]: Registering recipes...
[22May2025 19:33:48.382] [Render thread/INFO] [mezz.jei.library.load.PluginCallerTimerRunnable/]: Registering recipes: jei:minecraft took 254.7 milliseconds
[22May2025 19:33:48.495] [Render thread/INFO] [mezz.jei.library.load.PluginCallerTimerRunnable/]: Registering recipes: industrialforegoing:default took 112.7 milliseconds
[22May2025 19:33:48.500] [Render thread/INFO] [mezz.jei.library.ingredients.IngredientManager/]: Ingredients are being removed at runtime: 83 net.minecraft.world.item.ItemStack
[22May2025 19:33:48.504] [Render thread/INFO] [mezz.jei.library.ingredients.IngredientManager/]: Ingredients are being removed at runtime: 672 net.minecraft.world.item.ItemStack
[22May2025 19:33:48.510] [Render thread/INFO] [mezz.jei.library.load.PluginCallerTimerRunnable/]: Registering recipes: enderio:base took 14.75 milliseconds
[22May2025 19:33:48.591] [Render thread/INFO] [mezz.jei.library.load.PluginCallerTimerRunnable/]: Registering recipes: mekanism:jei_plugin took 81.23 milliseconds
[22May2025 19:33:48.629] [Render thread/INFO] [mezz.jei.library.load.PluginCallerTimerRunnable/]: Registering recipes: enderio:machines took 31.40 milliseconds
[22May2025 19:33:48.665] [Render thread/INFO] [mezz.jei.library.load.PluginCallerTimerRunnable/]: Registering recipes: jei:internal took 36.11 milliseconds
[22May2025 19:33:48.665] [Render thread/INFO] [mezz.jei.library.load.PluginCaller/]: Registering recipes took 538.4 ms
[22May2025 19:33:48.685] [Render thread/INFO] [mezz.jei.library.load.PluginCaller/]: Registering recipes transfer handlers...
[22May2025 19:33:48.698] [Render thread/INFO] [mezz.jei.library.load.PluginCaller/]: Registering recipes transfer handlers took 12.68 ms
[22May2025 19:33:48.713] [Render thread/INFO] [mezz.jei.core.util.LoggedTimer/]: Building runtime...
[22May2025 19:33:48.724] [Render thread/INFO] [mezz.jei.library.load.PluginCaller/]: Registering gui handlers...
[22May2025 19:33:48.744] [Render thread/INFO] [mezz.jei.library.load.PluginCallerTimerRunnable/]: Registering gui handlers: jei:gui took 11.08 milliseconds
[22May2025 19:33:48.753] [Render thread/INFO] [mezz.jei.library.load.PluginCaller/]: Registering gui handlers took 28.22 ms
[22May2025 19:33:48.764] [Render thread/INFO] [mezz.jei.library.load.PluginCaller/]: Registering Runtime...
[22May2025 19:33:48.767] [Render thread/INFO] [mezz.jei.gui.startup.JeiGuiStarter/]: Starting JEI GUI
[22May2025 19:33:48.768] [Render thread/INFO] [mezz.jei.core.util.LoggedTimer/]: Building ingredient list...
[22May2025 19:33:48.807] [Render thread/INFO] [mezz.jei.core.util.LoggedTimer/]: Building ingredient list took 39.95 ms
[22May2025 19:33:48.807] [Render thread/INFO] [mezz.jei.core.util.LoggedTimer/]: Building ingredient filter...
[22May2025 19:33:48.871] [Render thread/INFO] [mezz.jei.gui.ingredients.IngredientFilter/]: Adding 3127 ingredients
[22May2025 19:33:49.273] [Render thread/INFO] [mezz.jei.gui.ingredients.IngredientFilter/]: Added 3127 ingredients
[22May2025 19:33:49.274] [Render thread/INFO] [mezz.jei.core.util.LoggedTimer/]: Building ingredient filter took 466.1 ms
[22May2025 19:33:49.464] [Render thread/INFO] [mezz.jei.library.load.PluginCallerTimerRunnable/]: Registering Runtime: jei:neoforge_gui took 699.2 milliseconds
[22May2025 19:33:49.464] [Render thread/INFO] [mezz.jei.library.load.PluginCaller/]: Registering Runtime took 700.3 ms
[22May2025 19:33:49.467] [Render thread/INFO] [mezz.jei.core.util.LoggedTimer/]: Building runtime took 754.0 ms
[22May2025 19:33:49.467] [Render thread/INFO] [mezz.jei.library.load.PluginCaller/]: Sending Runtime...
[22May2025 19:33:49.469] [Render thread/INFO] [mezz.jei.library.load.PluginCaller/]: Sending Runtime took 1.767 ms
[22May2025 19:33:49.469] [Render thread/INFO] [mezz.jei.core.util.LoggedTimer/]: Starting JEI took 2.224 s
[22May2025 19:33:49.502] [Render thread/INFO] [snownee.jade.Jade/]: Received config from the server: 
[22May2025 19:33:49.512] [Render thread/INFO] [net.minecraft.client.gui.components.ChatComponent/]: [System] [CHAT] [Warning] Ender IO is in alpha - expect bugs and take backups often!
[22May2025 19:33:49.529] [Render thread/INFO] [net.minecraft.client.gui.components.ChatComponent/]: [System] [CHAT] [Mekanism] Aviso: Mekanism está atualmente em alfa e não é recomendado seu uso generalizado em modpacks. É provável que você encontre erros sérios e vários outros problemas que você pode ler mais sobre aqui.
[22May2025 19:33:49.535] [Render thread/INFO] [net.minecraft.advancements.AdvancementTree/]: Loaded 307 advancements
[22May2025 19:33:49.847] [Render thread/WARN] [Iris/]: Error while parsing the block ID map entry for "block.10104":
[22May2025 19:33:49.847] [Render thread/WARN] [Iris/]: - The block minecraft:stone_slab has no property with the name variant, ignoring!
[22May2025 19:33:49.869] [Render thread/INFO] [ChunkBuilder/]: Stopping worker threads
[22May2025 19:33:49.881] [Render thread/INFO] [ChunkBuilder/]: Started 10 worker threads
[22May2025 19:33:50.455] [Render thread/WARN] [net.minecraft.client.renderer.ShaderInstance/]: Shader clouds could not find uniform named ModelViewMat in the specified shader program.
[22May2025 19:33:50.455] [Render thread/WARN] [net.minecraft.client.renderer.ShaderInstance/]: Shader clouds could not find uniform named ProjMat in the specified shader program.
[22May2025 19:33:50.455] [Render thread/WARN] [net.minecraft.client.renderer.ShaderInstance/]: Shader clouds could not find uniform named ColorModulator in the specified shader program.
[22May2025 19:33:50.455] [Render thread/WARN] [net.minecraft.client.renderer.ShaderInstance/]: Shader clouds could not find uniform named FogStart in the specified shader program.
[22May2025 19:33:50.455] [Render thread/WARN] [net.minecraft.client.renderer.ShaderInstance/]: Shader clouds could not find uniform named FogEnd in the specified shader program.
[22May2025 19:33:50.455] [Render thread/WARN] [net.minecraft.client.renderer.ShaderInstance/]: Shader clouds could not find uniform named FogColor in the specified shader program.
[22May2025 19:34:16.526] [Server thread/INFO] [net.minecraft.server.MinecraftServer/]: [Dev: 3 entidades mortas]
[22May2025 19:34:16.537] [Render thread/INFO] [net.minecraft.client.gui.components.ChatComponent/]: [System] [CHAT] 3 entidades mortas
[22May2025 19:34:24.534] [Server thread/INFO] [net.minecraft.server.MinecraftServer/]: [Dev: 67 entidades mortas]
[22May2025 19:34:24.539] [Render thread/INFO] [net.minecraft.client.gui.components.ChatComponent/]: [System] [CHAT] 67 entidades mortas
[22May2025 19:34:26.268] [Server thread/INFO] [net.minecraft.server.MinecraftServer/]: [Dev: 155 entidades mortas]
[22May2025 19:34:26.284] [Render thread/INFO] [net.minecraft.client.gui.components.ChatComponent/]: [System] [CHAT] 155 entidades mortas
[22May2025 19:34:28.050] [Server thread/INFO] [net.minecraft.server.MinecraftServer/]: [Dev: 253 entidades mortas]
[22May2025 19:34:28.065] [Render thread/INFO] [net.minecraft.client.gui.components.ChatComponent/]: [System] [CHAT] 253 entidades mortas
[22May2025 19:35:34.324] [Server thread/INFO] [net.minecraft.server.MinecraftServer/]: [Dev: Dev recebeu 1x [Receptor de Incubação]]
[22May2025 19:35:34.336] [Render thread/INFO] [net.minecraft.client.gui.components.ChatComponent/]: [System] [CHAT] Dev recebeu 1x [Receptor de Incubação]
[22May2025 19:36:23.376] [Server thread/INFO] [net.minecraft.server.MinecraftServer/]: [Dev: Dev recebeu 1x [Módulo de Atualização Mk3]]
[22May2025 19:36:23.392] [Render thread/INFO] [net.minecraft.client.gui.components.ChatComponent/]: [System] [CHAT] Dev recebeu 1x [Módulo de Atualização Mk3]
[22May2025 19:37:56.837] [Server thread/INFO] [net.minecraft.server.MinecraftServer/]: [Dev: O modo de jogo foi definido para Criativo]
[22May2025 19:37:56.846] [Render thread/INFO] [net.minecraft.client.gui.components.ChatComponent/]: [System] [CHAT] O modo de jogo foi definido para Criativo
[22May2025 19:38:14.724] [Server thread/WARN] [mezz.jei.common.network.packets.PacketDeletePlayerItem/]: Player 'literal{Dev} (380df991-f603-344c-a090-369bad2a924a)' tried to delete ItemStack 'translation{key='chat.square_brackets', args=[empty[siblings=[translation{key='block.minecraft.stone_brick_wall', args=[]}]]]}[style={color=white,hoverEvent=TypedHoverEvent[action=<action show_item>, value=net.minecraft.network.chat.HoverEvent$ItemStackInfo@4a1c142a]}]' but is currently holding a different ItemStack 'translation{key='chat.square_brackets', args=[empty[siblings=[translation{key='block.minecraft.air', args=[]}]]]}'.
[22May2025 19:38:17.495] [Server thread/INFO] [net.minecraft.server.MinecraftServer/]: [Dev: O modo de jogo foi definido para Sobrevivência]
[22May2025 19:38:17.505] [Render thread/INFO] [net.minecraft.client.gui.components.ChatComponent/]: [System] [CHAT] O modo de jogo foi definido para Sobrevivência
[22May2025 19:38:32.218] [Render thread/INFO] [net.minecraft.advancements.AdvancementTree/]: Loaded 307 advancements
[22May2025 19:41:20.625] [Render thread/INFO] [net.minecraft.advancements.AdvancementTree/]: Loaded 307 advancements
[22May2025 19:43:04.807] [Server thread/INFO] [net.minecraft.client.server.IntegratedServer/]: Saving and pausing game...
[22May2025 19:43:04.826] [Server thread/INFO] [net.minecraft.server.MinecraftServer/]: Saving chunks for level 'ServerLevel[Super Plano]'/minecraft:overworld
[22May2025 19:43:04.843] [Server thread/INFO] [net.minecraft.server.MinecraftServer/]: Saving chunks for level 'ServerLevel[Super Plano]'/minecraft:the_end
[22May2025 19:43:04.843] [Server thread/INFO] [net.minecraft.server.MinecraftServer/]: Saving chunks for level 'ServerLevel[Super Plano]'/minecraft:the_nether
[22May2025 19:43:06.915] [Render thread/INFO] [mezz.jei.neoforge.startup.StartEventObserver/]: JEI StartEventObserver received class net.neoforged.neoforge.client.event.ClientPlayerNetworkEvent$LoggingOut
[22May2025 19:43:06.916] [Render thread/INFO] [mezz.jei.neoforge.startup.StartEventObserver/]: JEI StartEventObserver transitioning state from JEI_STARTED to LISTENING
[22May2025 19:43:06.916] [Render thread/INFO] [mezz.jei.library.startup.JeiStarter/]: Stopping JEI
[22May2025 19:43:06.916] [Render thread/INFO] [mezz.jei.library.load.PluginCaller/]: Sending Runtime Unavailable...
[22May2025 19:43:06.917] [Render thread/INFO] [mezz.jei.neoforge.plugins.neoforge.NeoForgeGuiPlugin/]: Stopping JEI GUI
[22May2025 19:43:06.921] [Render thread/INFO] [mezz.jei.library.load.PluginCaller/]: Sending Runtime Unavailable took 4.098 ms
[22May2025 19:43:06.970] [Server thread/INFO] [net.minecraft.server.network.ServerGamePacketListenerImpl/]: Dev lost connection: Desconectado
[22May2025 19:43:06.970] [Server thread/INFO] [net.minecraft.server.MinecraftServer/]: Dev saiu do jogo
[22May2025 19:43:06.986] [Server thread/INFO] [net.minecraft.server.network.ServerCommonPacketListenerImpl/]: Stopping singleplayer server as player logged out
[22May2025 19:43:07.008] [Server thread/INFO] [net.minecraft.server.MinecraftServer/]: Stopping server
[22May2025 19:43:07.010] [Server thread/INFO] [net.minecraft.server.MinecraftServer/]: Saving players
[22May2025 19:43:07.010] [Server thread/INFO] [net.minecraft.server.MinecraftServer/]: Saving worlds
[22May2025 19:43:07.104] [Server thread/INFO] [net.minecraft.server.MinecraftServer/]: Saving chunks for level 'ServerLevel[Super Plano]'/minecraft:overworld
[22May2025 19:43:07.173] [Server thread/INFO] [net.minecraft.server.MinecraftServer/]: Saving chunks for level 'ServerLevel[Super Plano]'/minecraft:the_end
[22May2025 19:43:07.184] [Server thread/INFO] [net.minecraft.server.MinecraftServer/]: Saving chunks for level 'ServerLevel[Super Plano]'/minecraft:the_nether
[22May2025 19:43:07.201] [Server thread/INFO] [net.minecraft.server.MinecraftServer/]: ThreadedAnvilChunkStorage (Super Plano): All chunks are saved
[22May2025 19:43:07.202] [Server thread/INFO] [net.minecraft.server.MinecraftServer/]: ThreadedAnvilChunkStorage (DIM1): All chunks are saved
[22May2025 19:43:07.202] [Server thread/INFO] [net.minecraft.server.MinecraftServer/]: ThreadedAnvilChunkStorage (DIM-1): All chunks are saved
[22May2025 19:43:07.202] [Server thread/INFO] [net.minecraft.server.MinecraftServer/]: ThreadedAnvilChunkStorage: All dimensions are saved
[22May2025 19:43:07.261] [Render thread/INFO] [ChunkBuilder/]: Stopping worker threads
[22May2025 19:43:07.699] [Render thread/INFO] [net.minecraft.client.Minecraft/]: Stopping!
